case_id;activity;timestamp;resource;nama_barang;kategori;lokasi_gudang;harga_beli;stok;harga_jual;margin_persen
BRG-001;Pesan Barang ke Pemasok;2025-06-13 09:54:00;CV Sentosa Perkasa;Laptop Gaming Pro;Elektronik;Gudang Utama (Jakarta);Rp 24.441.000;;;
BRG-001;Terima Barang di Gudang;2025-06-14 13:54:00;Gudang Utama (Jakarta);Laptop Gaming Pro;Elektronik;Gudang Utama (Jakarta);;62;;
BRG-001;Tetapkan Harga Jual;2025-06-15 15:54:00;Admin Penjualan;Laptop Gaming Pro;Elektronik;Gudang Utama (Jakarta);;;Rp 29.451.000;20,50%
BRG-001;Barang Siap Dijual;2025-06-15 20:54:00;Gudang Utama (Jakarta);Laptop Gaming Pro;Elektronik;Gudang Utama (Jakarta);;;;
BRG-002;Pesan Barang ke Pemasok;2025-01-27 17:18:00;CV Sentosa Perkasa;Router Wi-Fi 6;Peralatan Jaringan;Gudang Cabang (Bandung);Rp 1.484.000;;;
BRG-002;Terima Barang di Gudang;2025-01-29 23:18:00;Gudang Cabang (Bandung);Router Wi-Fi 6;Peralatan Jaringan;Gudang Cabang (Bandung);;28;;
BRG-002;Tetapkan Harga Jual;2025-01-30 00:18:00;Admin Penjualan;Router Wi-Fi 6;Peralatan Jaringan;Gudang Cabang (Bandung);;;Rp 1.716.000;15,63%
BRG-002;Barang Siap Dijual;2025-01-30 03:18:00;Gudang Cabang (Bandung);Router Wi-Fi 6;Peralatan Jaringan;Gudang Cabang (Bandung);;;;
BRG-002;Peringatan Stok Rendah;2025-02-12 03:18:00;Gudang Cabang (Bandung);Router Wi-Fi 6;Peralatan Jaringan;Gudang Cabang (Bandung);;28;;
BRG-003;Pesan Barang ke Pemasok;2025-03-01 16:37:00;PT Indo Sarana;Router Wi-Fi 6;Peralatan Jaringan;Gudang Cabang (Medan);Rp 1.777.000;;;
BRG-003;Terima Barang di Gudang;2025-03-11 16:37:00;Gudang Cabang (Medan);Router Wi-Fi 6;Peralatan Jaringan;Gudang Cabang (Medan);;171;;
BRG-003;Tetapkan Harga Jual;2025-03-12 22:37:00;Admin Penjualan;Router Wi-Fi 6;Peralatan Jaringan;Gudang Cabang (Medan);;;Rp 2.114.000;18,96%
BRG-003;Barang Siap Dijual;2025-03-13 19:37:00;Gudang Cabang (Medan);Router Wi-Fi 6;Peralatan Jaringan;Gudang Cabang (Medan);;;;
BRG-004;Pesan Barang ke Pemasok;2025-06-29 17:18:00;PT Techindo Jaya;Webcam HD 1080p;Aksesoris Komputer;Gudang Cabang (Bandung);Rp 558.000;;;
BRG-004;Terima Barang di Gudang;2025-07-06 20:18:00;Gudang Cabang (Bandung);Webcam HD 1080p;Aksesoris Komputer;Gudang Cabang (Bandung);;227;;
BRG-004;Tetapkan Harga Jual;2025-07-10 01:18:00;Admin Penjualan;Webcam HD 1080p;Aksesoris Komputer;Gudang Cabang (Bandung);;;Rp 672.000;20,43%
BRG-004;Barang Siap Dijual;2025-07-10 10:18:00;Gudang Cabang (Bandung);Webcam HD 1080p;Aksesoris Komputer;Gudang Cabang (Bandung);;;;
BRG-005;Pesan Barang ke Pemasok;2025-01-02 10:43:00;PT Mega Elektronik;Robot Vacuum Cleaner;Peralatan Rumah Tangga;Gudang Utama (Jakarta);Rp 3.165.000;;;
BRG-005;Terima Barang di Gudang;2025-01-14 16:43:00;Gudang Utama (Jakarta);Robot Vacuum Cleaner;Peralatan Rumah Tangga;Gudang Utama (Jakarta);;250;;
BRG-005;Tetapkan Harga Jual;2025-01-16 19:43:00;Admin Penjualan;Robot Vacuum Cleaner;Peralatan Rumah Tangga;Gudang Utama (Jakarta);;;Rp 3.738.000;18,10%
BRG-005;Barang Siap Dijual;2025-01-17 00:43:00;Gudang Utama (Jakarta);Robot Vacuum Cleaner;Peralatan Rumah Tangga;Gudang Utama (Jakarta);;;;
BRG-006;Pesan Barang ke Pemasok;2025-02-25 13:44:00;CV Bina Logistik;Smart TV 55 Inch;Elektronik;Gudang Cabang (Surabaya);Rp 5.811.000;;;
BRG-006;Terima Barang di Gudang;2025-02-27 14:44:00;Gudang Cabang (Surabaya);Smart TV 55 Inch;Elektronik;Gudang Cabang (Surabaya);;93;;
BRG-006;Tetapkan Harga Jual;2025-03-02 15:44:00;Admin Penjualan;Smart TV 55 Inch;Elektronik;Gudang Cabang (Surabaya);;;Rp 7.099.000;22,16%
BRG-006;Barang Siap Dijual;2025-03-03 03:44:00;Gudang Cabang (Surabaya);Smart TV 55 Inch;Elektronik;Gudang Cabang (Surabaya);;;;
BRG-007;Pesan Barang ke Pemasok;2025-03-30 12:30:00;PT Mandiri Utama;Smart TV 55 Inch;Elektronik;Gudang Utama (Jakarta);Rp 9.498.000;;;
BRG-007;Terima Barang di Gudang;2025-04-12 12:30:00;Gudang Utama (Jakarta);Smart TV 55 Inch;Elektronik;Gudang Utama (Jakarta);;241;;
BRG-007;Tetapkan Harga Jual;2025-04-15 17:30:00;Admin Penjualan;Smart TV 55 Inch;Elektronik;Gudang Utama (Jakarta);;;Rp 11.159.000;17,49%
BRG-007;Barang Siap Dijual;2025-04-15 21:30:00;Gudang Utama (Jakarta);Smart TV 55 Inch;Elektronik;Gudang Utama (Jakarta);;;;
BRG-008;Pesan Barang ke Pemasok;2025-04-07 09:20:00;PT Mega Elektronik;Access Point Enterprise;Peralatan Jaringan;Gudang Cabang (Bandung);Rp 2.939.000;;;
BRG-008;Terima Barang di Gudang;2025-04-16 13:20:00;Gudang Cabang (Bandung);Access Point Enterprise;Peralatan Jaringan;Gudang Cabang (Bandung);;231;;
BRG-008;Tetapkan Harga Jual;2025-04-18 18:20:00;Admin Penjualan;Access Point Enterprise;Peralatan Jaringan;Gudang Cabang (Bandung);;;Rp 3.749.000;27,56%
BRG-008;Barang Siap Dijual;2025-04-19 01:20:00;Gudang Cabang (Bandung);Access Point Enterprise;Peralatan Jaringan;Gudang Cabang (Bandung);;;;
BRG-009;Pesan Barang ke Pemasok;2025-06-30 09:11:00;PT Techindo Jaya;Laptop Gaming Pro;Elektronik;Gudang Cabang (Bandung);Rp 23.094.000;;;
BRG-009;Terima Barang di Gudang;2025-07-01 12:11:00;Gudang Cabang (Bandung);Laptop Gaming Pro;Elektronik;Gudang Cabang (Bandung);;79;;
BRG-009;Tetapkan Harga Jual;2025-07-03 13:11:00;Admin Penjualan;Laptop Gaming Pro;Elektronik;Gudang Cabang (Bandung);;;Rp 27.610.000;19,55%
BRG-009;Barang Siap Dijual;2025-07-03 21:11:00;Gudang Cabang (Bandung);Laptop Gaming Pro;Elektronik;Gudang Cabang (Bandung);;;;
BRG-010;Pesan Barang ke Pemasok;2025-01-26 14:29:00;PT Mega Elektronik;Smart TV 55 Inch;Elektronik;Gudang Cabang (Bandung);Rp 7.331.000;;;
BRG-010;Terima Barang di Gudang;2025-01-31 21:29:00;Gudang Cabang (Bandung);Smart TV 55 Inch;Elektronik;Gudang Cabang (Bandung);;218;;
BRG-010;Tetapkan Harga Jual;2025-02-02 23:29:00;Admin Penjualan;Smart TV 55 Inch;Elektronik;Gudang Cabang (Bandung);;;Rp 9.095.000;24,06%
BRG-010;Barang Siap Dijual;2025-02-03 11:29:00;Gudang Cabang (Bandung);Smart TV 55 Inch;Elektronik;Gudang Cabang (Bandung);;;;
BRG-011;Pesan Barang ke Pemasok;2025-04-01 11:34:00;PT Indo Sarana;Printer Laser Multifungsi;Peralatan Kantor;Gudang Utama (Jakarta);Rp 2.678.000;;;
BRG-011;Terima Barang di Gudang;2025-04-12 15:34:00;Gudang Utama (Jakarta);Printer Laser Multifungsi;Peralatan Kantor;Gudang Utama (Jakarta);;184;;
BRG-011;Tetapkan Harga Jual;2025-04-12 20:34:00;Admin Penjualan;Printer Laser Multifungsi;Peralatan Kantor;Gudang Utama (Jakarta);;;Rp 3.438.000;28,38%
BRG-011;Barang Siap Dijual;2025-04-13 17:34:00;Gudang Utama (Jakarta);Printer Laser Multifungsi;Peralatan Kantor;Gudang Utama (Jakarta);;;;
BRG-012;Pesan Barang ke Pemasok;2025-02-13 17:06:00;PT Mandiri Utama;Switch Gigabit 16-Port;Peralatan Jaringan;Gudang Cabang (Medan);Rp 1.260.000;;;
BRG-012;Terima Barang di Gudang;2025-02-25 20:06:00;Gudang Cabang (Medan);Switch Gigabit 16-Port;Peralatan Jaringan;Gudang Cabang (Medan);;46;;
BRG-012;Tetapkan Harga Jual;2025-02-27 00:06:00;Admin Penjualan;Switch Gigabit 16-Port;Peralatan Jaringan;Gudang Cabang (Medan);;;Rp 1.632.000;29,52%
BRG-012;Barang Siap Dijual;2025-02-27 13:06:00;Gudang Cabang (Medan);Switch Gigabit 16-Port;Peralatan Jaringan;Gudang Cabang (Medan);;;;
BRG-013;Pesan Barang ke Pemasok;2025-03-11 17:30:00;PT Techindo Jaya;Proyektor Portable;Peralatan Kantor;Gudang Cabang (Bandung);Rp 3.121.000;;;
BRG-013;Terima Barang di Gudang;2025-03-15 22:30:00;Gudang Cabang (Bandung);Proyektor Portable;Peralatan Kantor;Gudang Cabang (Bandung);;220;;
BRG-013;Tetapkan Harga Jual;2025-03-16 00:30:00;Admin Penjualan;Proyektor Portable;Peralatan Kantor;Gudang Cabang (Bandung);;;Rp 4.016.000;28,68%
BRG-013;Barang Siap Dijual;2025-03-16 02:30:00;Gudang Cabang (Bandung);Proyektor Portable;Peralatan Kantor;Gudang Cabang (Bandung);;;;
BRG-014;Pesan Barang ke Pemasok;2025-03-22 14:50:00;CV Bina Logistik;Monitor 4K 27 Inch;Elektronik;Gudang Cabang (Surabaya);Rp 5.182.000;;;
BRG-014;Terima Barang di Gudang;2025-03-27 15:50:00;Gudang Cabang (Surabaya);Monitor 4K 27 Inch;Elektronik;Gudang Cabang (Surabaya);;59;;
BRG-014;Tetapkan Harga Jual;2025-03-28 20:50:00;Admin Penjualan;Monitor 4K 27 Inch;Elektronik;Gudang Cabang (Surabaya);;;Rp 6.236.000;20,34%
BRG-014;Barang Siap Dijual;2025-03-29 19:50:00;Gudang Cabang (Surabaya);Monitor 4K 27 Inch;Elektronik;Gudang Cabang (Surabaya);;;;
BRG-015;Pesan Barang ke Pemasok;2025-03-22 11:37:00;PT Mandiri Utama;Webcam HD 1080p;Aksesoris Komputer;Gudang Cabang (Bandung);Rp 457.000;;;
BRG-015;Terima Barang di Gudang;2025-04-02 18:37:00;Gudang Cabang (Bandung);Webcam HD 1080p;Aksesoris Komputer;Gudang Cabang (Bandung);;169;;
BRG-015;Tetapkan Harga Jual;2025-04-06 00:37:00;Admin Penjualan;Webcam HD 1080p;Aksesoris Komputer;Gudang Cabang (Bandung);;;Rp 606.000;32,60%
BRG-015;Barang Siap Dijual;2025-04-06 15:37:00;Gudang Cabang (Bandung);Webcam HD 1080p;Aksesoris Komputer;Gudang Cabang (Bandung);;;;
BRG-016;Pesan Barang ke Pemasok;2025-02-06 12:31:00;PT Mega Elektronik;Meja Stand-Desk Auto;Peralatan Kantor;Gudang Cabang (Medan);Rp 3.534.000;;;
BRG-016;Terima Barang di Gudang;2025-02-09 15:31:00;Gudang Cabang (Medan);Meja Stand-Desk Auto;Peralatan Kantor;Gudang Cabang (Medan);;142;;
BRG-016;Tetapkan Harga Jual;2025-02-11 21:31:00;Admin Penjualan;Meja Stand-Desk Auto;Peralatan Kantor;Gudang Cabang (Medan);;;Rp 4.590.000;29,88%
BRG-016;Barang Siap Dijual;2025-02-12 16:31:00;Gudang Cabang (Medan);Meja Stand-Desk Auto;Peralatan Kantor;Gudang Cabang (Medan);;;;
BRG-017;Pesan Barang ke Pemasok;2025-04-20 17:57:00;CV Bina Logistik;NAS Storage 2-Bay;Peralatan Jaringan;Gudang Cabang (Medan);Rp 4.018.000;;;
BRG-017;Terima Barang di Gudang;2025-04-27 22:57:00;Gudang Cabang (Medan);NAS Storage 2-Bay;Peralatan Jaringan;Gudang Cabang (Medan);;40;;
BRG-017;Tetapkan Harga Jual;2025-04-29 00:57:00;Admin Penjualan;NAS Storage 2-Bay;Peralatan Jaringan;Gudang Cabang (Medan);;;Rp 4.796.000;19,36%
BRG-017;Barang Siap Dijual;2025-04-29 17:57:00;Gudang Cabang (Medan);NAS Storage 2-Bay;Peralatan Jaringan;Gudang Cabang (Medan);;;;
BRG-018;Pesan Barang ke Pemasok;2025-05-07 09:33:00;PT Indo Sarana;Laptop Gaming Pro;Elektronik;Gudang Cabang (Medan);Rp 13.839.000;;;
BRG-018;Terima Barang di Gudang;2025-05-20 09:33:00;Gudang Cabang (Medan);Laptop Gaming Pro;Elektronik;Gudang Cabang (Medan);;45;;
BRG-018;Tetapkan Harga Jual;2025-05-20 11:33:00;Admin Penjualan;Laptop Gaming Pro;Elektronik;Gudang Cabang (Medan);;;Rp 16.337.000;18,05%
BRG-018;Barang Siap Dijual;2025-05-21 08:33:00;Gudang Cabang (Medan);Laptop Gaming Pro;Elektronik;Gudang Cabang (Medan);;;;
BRG-019;Pesan Barang ke Pemasok;2025-02-10 15:12:00;CV Bina Logistik;Router Wi-Fi 6;Peralatan Jaringan;Gudang Cabang (Surabaya);Rp 1.406.000;;;
BRG-019;Terima Barang di Gudang;2025-02-20 16:12:00;Gudang Cabang (Surabaya);Router Wi-Fi 6;Peralatan Jaringan;Gudang Cabang (Surabaya);;124;;
BRG-019;Tetapkan Harga Jual;2025-02-23 20:12:00;Admin Penjualan;Router Wi-Fi 6;Peralatan Jaringan;Gudang Cabang (Surabaya);;;Rp 1.724.000;22,62%
BRG-019;Barang Siap Dijual;2025-02-24 16:12:00;Gudang Cabang (Surabaya);Router Wi-Fi 6;Peralatan Jaringan;Gudang Cabang (Surabaya);;;;
BRG-020;Pesan Barang ke Pemasok;2025-04-30 17:01:00;PT Mega Elektronik;Router Wi-Fi 6;Peralatan Jaringan;Gudang Cabang (Surabaya);Rp 840.000;;;
BRG-020;Terima Barang di Gudang;2025-05-06 01:01:00;Gudang Cabang (Surabaya);Router Wi-Fi 6;Peralatan Jaringan;Gudang Cabang (Surabaya);;142;;
BRG-020;Tetapkan Harga Jual;2025-05-06 07:01:00;Admin Penjualan;Router Wi-Fi 6;Peralatan Jaringan;Gudang Cabang (Surabaya);;;Rp 1.080.000;28,57%
BRG-020;Barang Siap Dijual;2025-05-07 07:01:00;Gudang Cabang (Surabaya);Router Wi-Fi 6;Peralatan Jaringan;Gudang Cabang (Surabaya);;;;
BRG-021;Pesan Barang ke Pemasok;2025-01-30 17:09:00;PT Indo Sarana;Monitor 4K 27 Inch;Elektronik;Gudang Cabang (Surabaya);Rp 5.323.000;;;
BRG-021;Terima Barang di Gudang;2025-02-12 21:09:00;Gudang Cabang (Surabaya);Monitor 4K 27 Inch;Elektronik;Gudang Cabang (Surabaya);;5;;
BRG-021;Tetapkan Harga Jual;2025-02-14 22:09:00;Admin Penjualan;Monitor 4K 27 Inch;Elektronik;Gudang Cabang (Surabaya);;;Rp 6.289.000;18,15%
BRG-021;Barang Siap Dijual;2025-02-15 08:09:00;Gudang Cabang (Surabaya);Monitor 4K 27 Inch;Elektronik;Gudang Cabang (Surabaya);;;;
BRG-021;Peringatan Stok Rendah;2025-03-07 08:09:00;Gudang Cabang (Surabaya);Monitor 4K 27 Inch;Elektronik;Gudang Cabang (Surabaya);;5;;
BRG-022;Pesan Barang ke Pemasok;2025-02-10 15:44:00;PT Indo Sarana;Switch Gigabit 16-Port;Peralatan Jaringan;Gudang Cabang (Surabaya);Rp 1.232.000;;;
BRG-022;Terima Barang di Gudang;2025-02-11 19:44:00;Gudang Cabang (Surabaya);Switch Gigabit 16-Port;Peralatan Jaringan;Gudang Cabang (Surabaya);;227;;
BRG-022;Tetapkan Harga Jual;2025-02-13 00:44:00;Admin Penjualan;Switch Gigabit 16-Port;Peralatan Jaringan;Gudang Cabang (Surabaya);;;Rp 1.641.000;33,20%
BRG-022;Barang Siap Dijual;2025-02-13 04:44:00;Gudang Cabang (Surabaya);Switch Gigabit 16-Port;Peralatan Jaringan;Gudang Cabang (Surabaya);;;;
BRG-023;Pesan Barang ke Pemasok;2025-06-10 13:05:00;CV Bina Logistik;Switch Gigabit 16-Port;Peralatan Jaringan;Gudang Utama (Jakarta);Rp 860.000;;;
BRG-023;Terima Barang di Gudang;2025-06-24 21:05:00;Gudang Utama (Jakarta);Switch Gigabit 16-Port;Peralatan Jaringan;Gudang Utama (Jakarta);;46;;
BRG-023;Tetapkan Harga Jual;2025-06-25 23:05:00;Admin Penjualan;Switch Gigabit 16-Port;Peralatan Jaringan;Gudang Utama (Jakarta);;;Rp 1.053.000;22,44%
BRG-023;Barang Siap Dijual;2025-06-26 11:05:00;Gudang Utama (Jakarta);Switch Gigabit 16-Port;Peralatan Jaringan;Gudang Utama (Jakarta);;;;
BRG-024;Pesan Barang ke Pemasok;2025-02-11 17:12:00;PT Mega Elektronik;Access Point Enterprise;Peralatan Jaringan;Gudang Cabang (Surabaya);Rp 2.224.000;;;
BRG-024;Terima Barang di Gudang;2025-02-25 01:12:00;Gudang Cabang (Surabaya);Access Point Enterprise;Peralatan Jaringan;Gudang Cabang (Surabaya);;242;;
BRG-024;Tetapkan Harga Jual;2025-02-25 06:12:00;Admin Penjualan;Access Point Enterprise;Peralatan Jaringan;Gudang Cabang (Surabaya);;;Rp 2.566.000;15,38%
BRG-024;Barang Siap Dijual;2025-02-25 17:12:00;Gudang Cabang (Surabaya);Access Point Enterprise;Peralatan Jaringan;Gudang Cabang (Surabaya);;;;
BRG-025;Pesan Barang ke Pemasok;2025-05-06 08:19:00;PT Techindo Jaya;Mouse Wireless RGB;Aksesoris Komputer;Gudang Utama (Jakarta);Rp 276.000;;;
BRG-025;Terima Barang di Gudang;2025-05-08 13:19:00;Gudang Utama (Jakarta);Mouse Wireless RGB;Aksesoris Komputer;Gudang Utama (Jakarta);;247;;
BRG-025;Tetapkan Harga Jual;2025-05-10 15:19:00;Admin Penjualan;Mouse Wireless RGB;Aksesoris Komputer;Gudang Utama (Jakarta);;;Rp 365.000;32,25%
BRG-025;Barang Siap Dijual;2025-05-10 17:19:00;Gudang Utama (Jakarta);Mouse Wireless RGB;Aksesoris Komputer;Gudang Utama (Jakarta);;;;
BRG-026;Pesan Barang ke Pemasok;2025-03-03 17:40:00;CV Sentosa Perkasa;Air Purifier HEPA;Peralatan Rumah Tangga;Gudang Cabang (Medan);Rp 2.795.000;;;
BRG-026;Terima Barang di Gudang;2025-03-05 18:40:00;Gudang Cabang (Medan);Air Purifier HEPA;Peralatan Rumah Tangga;Gudang Cabang (Medan);;37;;
BRG-026;Tetapkan Harga Jual;2025-03-08 19:40:00;Admin Penjualan;Air Purifier HEPA;Peralatan Rumah Tangga;Gudang Cabang (Medan);;;Rp 3.512.000;25,65%
BRG-026;Barang Siap Dijual;2025-03-09 13:40:00;Gudang Cabang (Medan);Air Purifier HEPA;Peralatan Rumah Tangga;Gudang Cabang (Medan);;;;
BRG-027;Pesan Barang ke Pemasok;2025-02-02 10:11:00;PT Mandiri Utama;Switch Gigabit 16-Port;Peralatan Jaringan;Gudang Cabang (Bandung);Rp 977.000;;;
BRG-027;Terima Barang di Gudang;2025-02-13 17:11:00;Gudang Cabang (Bandung);Switch Gigabit 16-Port;Peralatan Jaringan;Gudang Cabang (Bandung);;160;;
BRG-027;Tetapkan Harga Jual;2025-02-14 20:11:00;Admin Penjualan;Switch Gigabit 16-Port;Peralatan Jaringan;Gudang Cabang (Bandung);;;Rp 1.226.000;25,49%
BRG-027;Barang Siap Dijual;2025-02-15 13:11:00;Gudang Cabang (Bandung);Switch Gigabit 16-Port;Peralatan Jaringan;Gudang Cabang (Bandung);;;;
BRG-028;Pesan Barang ke Pemasok;2025-06-05 15:13:00;PT Indo Sarana;Switch Gigabit 16-Port;Peralatan Jaringan;Gudang Cabang (Surabaya);Rp 1.447.000;;;
BRG-028;Terima Barang di Gudang;2025-06-09 23:13:00;Gudang Cabang (Surabaya);Switch Gigabit 16-Port;Peralatan Jaringan;Gudang Cabang (Surabaya);;176;;
BRG-028;Tetapkan Harga Jual;2025-06-11 05:13:00;Admin Penjualan;Switch Gigabit 16-Port;Peralatan Jaringan;Gudang Cabang (Surabaya);;;Rp 1.754.000;21,22%
BRG-028;Barang Siap Dijual;2025-06-11 15:13:00;Gudang Cabang (Surabaya);Switch Gigabit 16-Port;Peralatan Jaringan;Gudang Cabang (Surabaya);;;;
BRG-029;Pesan Barang ke Pemasok;2025-04-13 14:22:00;PT Techindo Jaya;Blender High Power;Peralatan Rumah Tangga;Gudang Cabang (Surabaya);Rp 873.000;;;
BRG-029;Terima Barang di Gudang;2025-04-21 22:22:00;Gudang Cabang (Surabaya);Blender High Power;Peralatan Rumah Tangga;Gudang Cabang (Surabaya);;62;;
BRG-029;Tetapkan Harga Jual;2025-04-24 23:22:00;Admin Penjualan;Blender High Power;Peralatan Rumah Tangga;Gudang Cabang (Surabaya);;;Rp 1.025.000;17,41%
BRG-029;Barang Siap Dijual;2025-04-25 07:22:00;Gudang Cabang (Surabaya);Blender High Power;Peralatan Rumah Tangga;Gudang Cabang (Surabaya);;;;
BRG-030;Pesan Barang ke Pemasok;2025-02-27 09:05:00;PT Techindo Jaya;Tablet Grafis;Elektronik;Gudang Utama (Jakarta);Rp 4.823.000;;;
BRG-030;Terima Barang di Gudang;2025-03-05 09:05:00;Gudang Utama (Jakarta);Tablet Grafis;Elektronik;Gudang Utama (Jakarta);;61;;
BRG-030;Tetapkan Harga Jual;2025-03-06 14:05:00;Admin Penjualan;Tablet Grafis;Elektronik;Gudang Utama (Jakarta);;;Rp 5.768.000;19,59%
BRG-030;Barang Siap Dijual;2025-03-06 22:05:00;Gudang Utama (Jakarta);Tablet Grafis;Elektronik;Gudang Utama (Jakarta);;;;
BRG-031;Pesan Barang ke Pemasok;2025-01-02 09:12:00;PT Mega Elektronik;Smartphone Flagship;Elektronik;Gudang Utama (Jakarta);Rp 9.130.000;;;
BRG-031;Terima Barang di Gudang;2025-01-14 09:12:00;Gudang Utama (Jakarta);Smartphone Flagship;Elektronik;Gudang Utama (Jakarta);;225;;
BRG-031;Tetapkan Harga Jual;2025-01-15 10:12:00;Admin Penjualan;Smartphone Flagship;Elektronik;Gudang Utama (Jakarta);;;Rp 12.152.000;33,10%
BRG-031;Barang Siap Dijual;2025-01-15 12:12:00;Gudang Utama (Jakarta);Smartphone Flagship;Elektronik;Gudang Utama (Jakarta);;;;
BRG-032;Pesan Barang ke Pemasok;2025-03-26 09:12:00;CV Bina Logistik;Switch Gigabit 16-Port;Peralatan Jaringan;Gudang Cabang (Bandung);Rp 992.000;;;
BRG-032;Terima Barang di Gudang;2025-04-04 12:12:00;Gudang Cabang (Bandung);Switch Gigabit 16-Port;Peralatan Jaringan;Gudang Cabang (Bandung);;59;;
BRG-032;Tetapkan Harga Jual;2025-04-06 18:12:00;Admin Penjualan;Switch Gigabit 16-Port;Peralatan Jaringan;Gudang Cabang (Bandung);;;Rp 1.273.000;28,33%
BRG-032;Barang Siap Dijual;2025-04-07 10:12:00;Gudang Cabang (Bandung);Switch Gigabit 16-Port;Peralatan Jaringan;Gudang Cabang (Bandung);;;;
BRG-033;Pesan Barang ke Pemasok;2025-02-24 17:12:00;PT Mandiri Utama;NAS Storage 2-Bay;Peralatan Jaringan;Gudang Cabang (Bandung);Rp 3.519.000;;;
BRG-033;Terima Barang di Gudang;2025-02-28 00:12:00;Gudang Cabang (Bandung);NAS Storage 2-Bay;Peralatan Jaringan;Gudang Cabang (Bandung);;211;;
BRG-033;Tetapkan Harga Jual;2025-03-01 04:12:00;Admin Penjualan;NAS Storage 2-Bay;Peralatan Jaringan;Gudang Cabang (Bandung);;;Rp 4.599.000;30,69%
BRG-033;Barang Siap Dijual;2025-03-01 18:12:00;Gudang Cabang (Bandung);NAS Storage 2-Bay;Peralatan Jaringan;Gudang Cabang (Bandung);;;;
BRG-034;Pesan Barang ke Pemasok;2025-02-18 09:36:00;PT Mandiri Utama;Laptop Gaming Pro;Elektronik;Gudang Cabang (Medan);Rp 23.055.000;;;
BRG-034;Terima Barang di Gudang;2025-02-20 15:36:00;Gudang Cabang (Medan);Laptop Gaming Pro;Elektronik;Gudang Cabang (Medan);;113;;
BRG-034;Tetapkan Harga Jual;2025-02-22 19:36:00;Admin Penjualan;Laptop Gaming Pro;Elektronik;Gudang Cabang (Medan);;;Rp 28.500.000;23,62%
BRG-034;Barang Siap Dijual;2025-02-23 09:36:00;Gudang Cabang (Medan);Laptop Gaming Pro;Elektronik;Gudang Cabang (Medan);;;;
BRG-035;Pesan Barang ke Pemasok;2025-04-30 08:55:00;PT Techindo Jaya;Laptop Gaming Pro;Elektronik;Gudang Cabang (Bandung);Rp 13.016.000;;;
BRG-035;Terima Barang di Gudang;2025-05-11 09:55:00;Gudang Cabang (Bandung);Laptop Gaming Pro;Elektronik;Gudang Cabang (Bandung);;91;;
BRG-035;Tetapkan Harga Jual;2025-05-11 13:55:00;Admin Penjualan;Laptop Gaming Pro;Elektronik;Gudang Cabang (Bandung);;;Rp 16.016.000;23,05%
BRG-035;Barang Siap Dijual;2025-05-12 13:55:00;Gudang Cabang (Bandung);Laptop Gaming Pro;Elektronik;Gudang Cabang (Bandung);;;;
BRG-036;Pesan Barang ke Pemasok;2025-03-28 09:51:00;CV Sentosa Perkasa;Keyboard Mekanikal;Aksesoris Komputer;Gudang Cabang (Surabaya);Rp 962.000;;;
BRG-036;Terima Barang di Gudang;2025-04-01 12:51:00;Gudang Cabang (Surabaya);Keyboard Mekanikal;Aksesoris Komputer;Gudang Cabang (Surabaya);;113;;
BRG-036;Tetapkan Harga Jual;2025-04-02 17:51:00;Admin Penjualan;Keyboard Mekanikal;Aksesoris Komputer;Gudang Cabang (Surabaya);;;Rp 1.192.000;23,91%
BRG-036;Barang Siap Dijual;2025-04-03 08:51:00;Gudang Cabang (Surabaya);Keyboard Mekanikal;Aksesoris Komputer;Gudang Cabang (Surabaya);;;;
BRG-037;Pesan Barang ke Pemasok;2025-02-05 15:12:00;CV Bina Logistik;Mesin Kopi Espresso;Peralatan Rumah Tangga;Gudang Utama (Jakarta);Rp 1.816.000;;;
BRG-037;Terima Barang di Gudang;2025-02-08 19:12:00;Gudang Utama (Jakarta);Mesin Kopi Espresso;Peralatan Rumah Tangga;Gudang Utama (Jakarta);;225;;
BRG-037;Tetapkan Harga Jual;2025-02-11 21:12:00;Admin Penjualan;Mesin Kopi Espresso;Peralatan Rumah Tangga;Gudang Utama (Jakarta);;;Rp 2.249.000;23,84%
BRG-037;Barang Siap Dijual;2025-02-12 00:12:00;Gudang Utama (Jakarta);Mesin Kopi Espresso;Peralatan Rumah Tangga;Gudang Utama (Jakarta);;;;
BRG-038;Pesan Barang ke Pemasok;2025-04-24 17:23:00;CV Sentosa Perkasa;Tablet Grafis;Elektronik;Gudang Cabang (Bandung);Rp 2.561.000;;;
BRG-038;Terima Barang di Gudang;2025-04-26 17:23:00;Gudang Cabang (Bandung);Tablet Grafis;Elektronik;Gudang Cabang (Bandung);;242;;
BRG-038;Tetapkan Harga Jual;2025-04-26 18:23:00;Admin Penjualan;Tablet Grafis;Elektronik;Gudang Cabang (Bandung);;;Rp 3.441.000;34,36%
BRG-038;Barang Siap Dijual;2025-04-27 02:23:00;Gudang Cabang (Bandung);Tablet Grafis;Elektronik;Gudang Cabang (Bandung);;;;
BRG-039;Pesan Barang ke Pemasok;2025-02-12 14:56:00;PT Techindo Jaya;Microwave Digital;Peralatan Rumah Tangga;Gudang Cabang (Bandung);Rp 1.909.000;;;
BRG-039;Terima Barang di Gudang;2025-02-20 21:56:00;Gudang Cabang (Bandung);Microwave Digital;Peralatan Rumah Tangga;Gudang Cabang (Bandung);;107;;
BRG-039;Tetapkan Harga Jual;2025-02-22 01:56:00;Admin Penjualan;Microwave Digital;Peralatan Rumah Tangga;Gudang Cabang (Bandung);;;Rp 2.276.000;19,22%
BRG-039;Barang Siap Dijual;2025-02-22 03:56:00;Gudang Cabang (Bandung);Microwave Digital;Peralatan Rumah Tangga;Gudang Cabang (Bandung);;;;
BRG-040;Pesan Barang ke Pemasok;2025-02-12 14:28:00;PT Mandiri Utama;Air Purifier HEPA;Peralatan Rumah Tangga;Gudang Cabang (Surabaya);Rp 2.018.000;;;
BRG-040;Terima Barang di Gudang;2025-02-13 20:28:00;Gudang Cabang (Surabaya);Air Purifier HEPA;Peralatan Rumah Tangga;Gudang Cabang (Surabaya);;205;;
BRG-040;Tetapkan Harga Jual;2025-02-16 00:28:00;Admin Penjualan;Air Purifier HEPA;Peralatan Rumah Tangga;Gudang Cabang (Surabaya);;;Rp 2.427.000;20,27%
BRG-040;Barang Siap Dijual;2025-02-16 10:28:00;Gudang Cabang (Surabaya);Air Purifier HEPA;Peralatan Rumah Tangga;Gudang Cabang (Surabaya);;;;
BRG-041;Pesan Barang ke Pemasok;2025-04-19 17:29:00;CV Sentosa Perkasa;Blender High Power;Peralatan Rumah Tangga;Gudang Cabang (Surabaya);Rp 1.094.000;;;
BRG-041;Terima Barang di Gudang;2025-05-01 00:29:00;Gudang Cabang (Surabaya);Blender High Power;Peralatan Rumah Tangga;Gudang Cabang (Surabaya);;44;;
BRG-041;Tetapkan Harga Jual;2025-05-02 02:29:00;Admin Penjualan;Blender High Power;Peralatan Rumah Tangga;Gudang Cabang (Surabaya);;;Rp 1.415.000;29,34%
BRG-041;Barang Siap Dijual;2025-05-02 12:29:00;Gudang Cabang (Surabaya);Blender High Power;Peralatan Rumah Tangga;Gudang Cabang (Surabaya);;;;
BRG-042;Pesan Barang ke Pemasok;2025-02-25 08:59:00;PT Techindo Jaya;Mouse Wireless RGB;Aksesoris Komputer;Gudang Utama (Jakarta);Rp 434.000;;;
BRG-042;Terima Barang di Gudang;2025-03-07 16:59:00;Gudang Utama (Jakarta);Mouse Wireless RGB;Aksesoris Komputer;Gudang Utama (Jakarta);;85;;
BRG-042;Tetapkan Harga Jual;2025-03-07 22:59:00;Admin Penjualan;Mouse Wireless RGB;Aksesoris Komputer;Gudang Utama (Jakarta);;;Rp 504.000;16,13%
BRG-042;Barang Siap Dijual;2025-03-08 09:59:00;Gudang Utama (Jakarta);Mouse Wireless RGB;Aksesoris Komputer;Gudang Utama (Jakarta);;;;
BRG-043;Pesan Barang ke Pemasok;2025-01-15 08:51:00;CV Sentosa Perkasa;NAS Storage 2-Bay;Peralatan Jaringan;Gudang Utama (Jakarta);Rp 4.609.000;;;
BRG-043;Terima Barang di Gudang;2025-01-25 15:51:00;Gudang Utama (Jakarta);NAS Storage 2-Bay;Peralatan Jaringan;Gudang Utama (Jakarta);;140;;
BRG-043;Tetapkan Harga Jual;2025-01-26 16:51:00;Admin Penjualan;NAS Storage 2-Bay;Peralatan Jaringan;Gudang Utama (Jakarta);;;Rp 6.147.000;33,37%
BRG-043;Barang Siap Dijual;2025-01-27 09:51:00;Gudang Utama (Jakarta);NAS Storage 2-Bay;Peralatan Jaringan;Gudang Utama (Jakarta);;;;
BRG-044;Pesan Barang ke Pemasok;2025-01-21 11:10:00;PT Indo Sarana;Router Wi-Fi 6;Peralatan Jaringan;Gudang Cabang (Bandung);Rp 989.000;;;
BRG-044;Terima Barang di Gudang;2025-01-23 12:10:00;Gudang Cabang (Bandung);Router Wi-Fi 6;Peralatan Jaringan;Gudang Cabang (Bandung);;22;;
BRG-044;Tetapkan Harga Jual;2025-01-24 16:10:00;Admin Penjualan;Router Wi-Fi 6;Peralatan Jaringan;Gudang Cabang (Bandung);;;Rp 1.150.000;16,28%
BRG-044;Barang Siap Dijual;2025-01-24 20:10:00;Gudang Cabang (Bandung);Router Wi-Fi 6;Peralatan Jaringan;Gudang Cabang (Bandung);;;;
BRG-044;Peringatan Stok Rendah;2025-02-18 20:10:00;Gudang Cabang (Bandung);Router Wi-Fi 6;Peralatan Jaringan;Gudang Cabang (Bandung);;22;;
BRG-045;Pesan Barang ke Pemasok;2025-03-05 17:52:00;PT Techindo Jaya;Air Purifier HEPA;Peralatan Rumah Tangga;Gudang Utama (Jakarta);Rp 2.394.000;;;
BRG-045;Terima Barang di Gudang;2025-03-15 17:52:00;Gudang Utama (Jakarta);Air Purifier HEPA;Peralatan Rumah Tangga;Gudang Utama (Jakarta);;157;;
BRG-045;Tetapkan Harga Jual;2025-03-15 21:52:00;Admin Penjualan;Air Purifier HEPA;Peralatan Rumah Tangga;Gudang Utama (Jakarta);;;Rp 2.870.000;19,88%
BRG-045;Barang Siap Dijual;2025-03-16 19:52:00;Gudang Utama (Jakarta);Air Purifier HEPA;Peralatan Rumah Tangga;Gudang Utama (Jakarta);;;;
BRG-046;Pesan Barang ke Pemasok;2025-05-30 17:38:00;PT Mega Elektronik;Blender High Power;Peralatan Rumah Tangga;Gudang Cabang (Bandung);Rp 992.000;;;
BRG-046;Terima Barang di Gudang;2025-06-08 22:38:00;Gudang Cabang (Bandung);Blender High Power;Peralatan Rumah Tangga;Gudang Cabang (Bandung);;244;;
BRG-046;Tetapkan Harga Jual;2025-06-11 00:38:00;Admin Penjualan;Blender High Power;Peralatan Rumah Tangga;Gudang Cabang (Bandung);;;Rp 1.244.000;25,40%
BRG-046;Barang Siap Dijual;2025-06-11 22:38:00;Gudang Cabang (Bandung);Blender High Power;Peralatan Rumah Tangga;Gudang Cabang (Bandung);;;;
BRG-047;Pesan Barang ke Pemasok;2025-03-22 12:04:00;PT Indo Sarana;Meja Stand-Desk Auto;Peralatan Kantor;Gudang Cabang (Surabaya);Rp 3.614.000;;;
BRG-047;Terima Barang di Gudang;2025-03-27 18:04:00;Gudang Cabang (Surabaya);Meja Stand-Desk Auto;Peralatan Kantor;Gudang Cabang (Surabaya);;176;;
BRG-047;Tetapkan Harga Jual;2025-03-29 00:04:00;Admin Penjualan;Meja Stand-Desk Auto;Peralatan Kantor;Gudang Cabang (Surabaya);;;Rp 4.442.000;22,91%
BRG-047;Barang Siap Dijual;2025-03-29 21:04:00;Gudang Cabang (Surabaya);Meja Stand-Desk Auto;Peralatan Kantor;Gudang Cabang (Surabaya);;;;
BRG-048;Pesan Barang ke Pemasok;2025-03-18 15:48:00;PT Techindo Jaya;Robot Vacuum Cleaner;Peralatan Rumah Tangga;Gudang Cabang (Medan);Rp 5.896.000;;;
BRG-048;Terima Barang di Gudang;2025-03-24 16:48:00;Gudang Cabang (Medan);Robot Vacuum Cleaner;Peralatan Rumah Tangga;Gudang Cabang (Medan);;23;;
BRG-048;Tetapkan Harga Jual;2025-03-24 20:48:00;Admin Penjualan;Robot Vacuum Cleaner;Peralatan Rumah Tangga;Gudang Cabang (Medan);;;Rp 7.666.000;30,02%
BRG-048;Barang Siap Dijual;2025-03-25 16:48:00;Gudang Cabang (Medan);Robot Vacuum Cleaner;Peralatan Rumah Tangga;Gudang Cabang (Medan);;;;
BRG-048;Peringatan Stok Rendah;2025-04-19 16:48:00;Gudang Cabang (Medan);Robot Vacuum Cleaner;Peralatan Rumah Tangga;Gudang Cabang (Medan);;23;;
BRG-049;Pesan Barang ke Pemasok;2025-01-26 09:15:00;PT Mega Elektronik;Router Wi-Fi 6;Peralatan Jaringan;Gudang Cabang (Bandung);Rp 753.000;;;
BRG-049;Terima Barang di Gudang;2025-02-04 12:15:00;Gudang Cabang (Bandung);Router Wi-Fi 6;Peralatan Jaringan;Gudang Cabang (Bandung);;134;;
BRG-049;Tetapkan Harga Jual;2025-02-06 14:15:00;Admin Penjualan;Router Wi-Fi 6;Peralatan Jaringan;Gudang Cabang (Bandung);;;Rp 946.000;25,63%
BRG-049;Barang Siap Dijual;2025-02-07 02:15:00;Gudang Cabang (Bandung);Router Wi-Fi 6;Peralatan Jaringan;Gudang Cabang (Bandung);;;;
BRG-050;Pesan Barang ke Pemasok;2025-01-18 12:10:00;PT Mandiri Utama;Kursi Ergonomis;Peralatan Kantor;Gudang Cabang (Surabaya);Rp 2.224.000;;;
BRG-050;Terima Barang di Gudang;2025-01-24 16:10:00;Gudang Cabang (Surabaya);Kursi Ergonomis;Peralatan Kantor;Gudang Cabang (Surabaya);;45;;
BRG-050;Tetapkan Harga Jual;2025-01-25 20:10:00;Admin Penjualan;Kursi Ergonomis;Peralatan Kantor;Gudang Cabang (Surabaya);;;Rp 2.721.000;22,35%
BRG-050;Barang Siap Dijual;2025-01-26 14:10:00;Gudang Cabang (Surabaya);Kursi Ergonomis;Peralatan Kantor;Gudang Cabang (Surabaya);;;;
BRG-051;Pesan Barang ke Pemasok;2025-06-30 13:09:00;PT Techindo Jaya;Router Wi-Fi 6;Peralatan Jaringan;Gudang Cabang (Bandung);Rp 1.763.000;;;
BRG-051;Terima Barang di Gudang;2025-07-10 21:09:00;Gudang Cabang (Bandung);Router Wi-Fi 6;Peralatan Jaringan;Gudang Cabang (Bandung);;174;;
BRG-051;Tetapkan Harga Jual;2025-07-11 03:09:00;Admin Penjualan;Router Wi-Fi 6;Peralatan Jaringan;Gudang Cabang (Bandung);;;Rp 2.133.000;20,99%
BRG-051;Barang Siap Dijual;2025-07-11 21:09:00;Gudang Cabang (Bandung);Router Wi-Fi 6;Peralatan Jaringan;Gudang Cabang (Bandung);;;;
BRG-052;Pesan Barang ke Pemasok;2025-03-18 09:46:00;PT Mega Elektronik;Kursi Ergonomis;Peralatan Kantor;Gudang Cabang (Surabaya);Rp 1.648.000;;;
BRG-052;Terima Barang di Gudang;2025-03-21 13:46:00;Gudang Cabang (Surabaya);Kursi Ergonomis;Peralatan Kantor;Gudang Cabang (Surabaya);;44;;
BRG-052;Tetapkan Harga Jual;2025-03-21 14:46:00;Admin Penjualan;Kursi Ergonomis;Peralatan Kantor;Gudang Cabang (Surabaya);;;Rp 2.139.000;29,79%
BRG-052;Barang Siap Dijual;2025-03-22 14:46:00;Gudang Cabang (Surabaya);Kursi Ergonomis;Peralatan Kantor;Gudang Cabang (Surabaya);;;;
BRG-053;Pesan Barang ke Pemasok;2025-05-22 10:39:00;PT Indo Sarana;Switch Gigabit 16-Port;Peralatan Jaringan;Gudang Cabang (Surabaya);Rp 1.452.000;;;
BRG-053;Terima Barang di Gudang;2025-05-27 14:39:00;Gudang Cabang (Surabaya);Switch Gigabit 16-Port;Peralatan Jaringan;Gudang Cabang (Surabaya);;180;;
BRG-053;Tetapkan Harga Jual;2025-05-28 20:39:00;Admin Penjualan;Switch Gigabit 16-Port;Peralatan Jaringan;Gudang Cabang (Surabaya);;;Rp 1.769.000;21,83%
BRG-053;Barang Siap Dijual;2025-05-29 07:39:00;Gudang Cabang (Surabaya);Switch Gigabit 16-Port;Peralatan Jaringan;Gudang Cabang (Surabaya);;;;
BRG-054;Pesan Barang ke Pemasok;2025-02-22 12:30:00;PT Techindo Jaya;NAS Storage 2-Bay;Peralatan Jaringan;Gudang Utama (Jakarta);Rp 3.553.000;;;
BRG-054;Terima Barang di Gudang;2025-03-03 19:30:00;Gudang Utama (Jakarta);NAS Storage 2-Bay;Peralatan Jaringan;Gudang Utama (Jakarta);;221;;
BRG-054;Tetapkan Harga Jual;2025-03-05 20:30:00;Admin Penjualan;NAS Storage 2-Bay;Peralatan Jaringan;Gudang Utama (Jakarta);;;Rp 4.729.000;33,10%
BRG-054;Barang Siap Dijual;2025-03-05 23:30:00;Gudang Utama (Jakarta);NAS Storage 2-Bay;Peralatan Jaringan;Gudang Utama (Jakarta);;;;
BRG-055;Pesan Barang ke Pemasok;2025-06-12 15:13:00;CV Sentosa Perkasa;Robot Vacuum Cleaner;Peralatan Rumah Tangga;Gudang Cabang (Surabaya);Rp 2.184.000;;;
BRG-055;Terima Barang di Gudang;2025-06-26 19:13:00;Gudang Cabang (Surabaya);Robot Vacuum Cleaner;Peralatan Rumah Tangga;Gudang Cabang (Surabaya);;202;;
BRG-055;Tetapkan Harga Jual;2025-06-26 20:13:00;Admin Penjualan;Robot Vacuum Cleaner;Peralatan Rumah Tangga;Gudang Cabang (Surabaya);;;Rp 2.513.000;15,06%
BRG-055;Barang Siap Dijual;2025-06-27 07:13:00;Gudang Cabang (Surabaya);Robot Vacuum Cleaner;Peralatan Rumah Tangga;Gudang Cabang (Surabaya);;;;
BRG-056;Pesan Barang ke Pemasok;2025-02-03 12:28:00;PT Techindo Jaya;Webcam HD 1080p;Aksesoris Komputer;Gudang Utama (Jakarta);Rp 539.000;;;
BRG-056;Terima Barang di Gudang;2025-02-06 19:28:00;Gudang Utama (Jakarta);Webcam HD 1080p;Aksesoris Komputer;Gudang Utama (Jakarta);;148;;
BRG-056;Tetapkan Harga Jual;2025-02-10 00:28:00;Admin Penjualan;Webcam HD 1080p;Aksesoris Komputer;Gudang Utama (Jakarta);;;Rp 695.000;28,94%
BRG-056;Barang Siap Dijual;2025-02-10 01:28:00;Gudang Utama (Jakarta);Webcam HD 1080p;Aksesoris Komputer;Gudang Utama (Jakarta);;;;
BRG-057;Pesan Barang ke Pemasok;2025-01-29 09:17:00;CV Bina Logistik;Smartphone Flagship;Elektronik;Gudang Cabang (Bandung);Rp 17.153.000;;;
BRG-057;Terima Barang di Gudang;2025-02-10 11:17:00;Gudang Cabang (Bandung);Smartphone Flagship;Elektronik;Gudang Cabang (Bandung);;99;;
BRG-057;Tetapkan Harga Jual;2025-02-10 14:17:00;Admin Penjualan;Smartphone Flagship;Elektronik;Gudang Cabang (Bandung);;;Rp 19.849.000;15,72%
BRG-057;Barang Siap Dijual;2025-02-11 09:17:00;Gudang Cabang (Bandung);Smartphone Flagship;Elektronik;Gudang Cabang (Bandung);;;;
BRG-058;Pesan Barang ke Pemasok;2025-05-22 10:31:00;PT Techindo Jaya;Mesin Kopi Espresso;Peralatan Rumah Tangga;Gudang Cabang (Surabaya);Rp 1.675.000;;;
BRG-058;Terima Barang di Gudang;2025-05-29 12:31:00;Gudang Cabang (Surabaya);Mesin Kopi Espresso;Peralatan Rumah Tangga;Gudang Cabang (Surabaya);;235;;
BRG-058;Tetapkan Harga Jual;2025-05-29 15:31:00;Admin Penjualan;Mesin Kopi Espresso;Peralatan Rumah Tangga;Gudang Cabang (Surabaya);;;Rp 2.029.000;21,13%
BRG-058;Barang Siap Dijual;2025-05-30 03:31:00;Gudang Cabang (Surabaya);Mesin Kopi Espresso;Peralatan Rumah Tangga;Gudang Cabang (Surabaya);;;;
BRG-059;Pesan Barang ke Pemasok;2025-01-11 14:06:00;CV Bina Logistik;Keyboard Mekanikal;Aksesoris Komputer;Gudang Cabang (Medan);Rp 1.099.000;;;
BRG-059;Terima Barang di Gudang;2025-01-15 17:06:00;Gudang Cabang (Medan);Keyboard Mekanikal;Aksesoris Komputer;Gudang Cabang (Medan);;204;;
BRG-059;Tetapkan Harga Jual;2025-01-15 20:06:00;Admin Penjualan;Keyboard Mekanikal;Aksesoris Komputer;Gudang Cabang (Medan);;;Rp 1.286.000;17,02%
BRG-059;Barang Siap Dijual;2025-01-16 14:06:00;Gudang Cabang (Medan);Keyboard Mekanikal;Aksesoris Komputer;Gudang Cabang (Medan);;;;
BRG-060;Pesan Barang ke Pemasok;2025-04-15 10:38:00;CV Sentosa Perkasa;Switch Gigabit 16-Port;Peralatan Jaringan;Gudang Cabang (Medan);Rp 948.000;;;
BRG-060;Terima Barang di Gudang;2025-04-19 12:38:00;Gudang Cabang (Medan);Switch Gigabit 16-Port;Peralatan Jaringan;Gudang Cabang (Medan);;209;;
BRG-060;Tetapkan Harga Jual;2025-04-20 16:38:00;Admin Penjualan;Switch Gigabit 16-Port;Peralatan Jaringan;Gudang Cabang (Medan);;;Rp 1.254.000;32,28%
BRG-060;Barang Siap Dijual;2025-04-20 17:38:00;Gudang Cabang (Medan);Switch Gigabit 16-Port;Peralatan Jaringan;Gudang Cabang (Medan);;;;
BRG-061;Pesan Barang ke Pemasok;2025-02-15 13:40:00;PT Indo Sarana;Smartphone Flagship;Elektronik;Gudang Cabang (Bandung);Rp 13.573.000;;;
BRG-061;Terima Barang di Gudang;2025-02-28 19:40:00;Gudang Cabang (Bandung);Smartphone Flagship;Elektronik;Gudang Cabang (Bandung);;110;;
BRG-061;Tetapkan Harga Jual;2025-03-01 22:40:00;Admin Penjualan;Smartphone Flagship;Elektronik;Gudang Cabang (Bandung);;;Rp 17.732.000;30,64%
BRG-061;Barang Siap Dijual;2025-03-02 04:40:00;Gudang Cabang (Bandung);Smartphone Flagship;Elektronik;Gudang Cabang (Bandung);;;;
BRG-062;Pesan Barang ke Pemasok;2025-06-29 09:50:00;PT Techindo Jaya;Meja Stand-Desk Auto;Peralatan Kantor;Gudang Cabang (Medan);Rp 5.802.000;;;
BRG-062;Terima Barang di Gudang;2025-07-06 09:50:00;Gudang Cabang (Medan);Meja Stand-Desk Auto;Peralatan Kantor;Gudang Cabang (Medan);;102;;
BRG-062;Tetapkan Harga Jual;2025-07-09 11:50:00;Admin Penjualan;Meja Stand-Desk Auto;Peralatan Kantor;Gudang Cabang (Medan);;;Rp 7.486.000;29,02%
BRG-062;Barang Siap Dijual;2025-07-09 18:50:00;Gudang Cabang (Medan);Meja Stand-Desk Auto;Peralatan Kantor;Gudang Cabang (Medan);;;;
BRG-063;Pesan Barang ke Pemasok;2025-04-28 13:58:00;CV Sentosa Perkasa;Keyboard Mekanikal;Aksesoris Komputer;Gudang Cabang (Bandung);Rp 882.000;;;
BRG-063;Terima Barang di Gudang;2025-05-03 16:58:00;Gudang Cabang (Bandung);Keyboard Mekanikal;Aksesoris Komputer;Gudang Cabang (Bandung);;215;;
BRG-063;Tetapkan Harga Jual;2025-05-04 17:58:00;Admin Penjualan;Keyboard Mekanikal;Aksesoris Komputer;Gudang Cabang (Bandung);;;Rp 1.075.000;21,88%
BRG-063;Barang Siap Dijual;2025-05-05 15:58:00;Gudang Cabang (Bandung);Keyboard Mekanikal;Aksesoris Komputer;Gudang Cabang (Bandung);;;;
BRG-064;Pesan Barang ke Pemasok;2025-02-19 14:48:00;PT Techindo Jaya;Smartphone Flagship;Elektronik;Gudang Cabang (Surabaya);Rp 14.685.000;;;
BRG-064;Terima Barang di Gudang;2025-02-25 18:48:00;Gudang Cabang (Surabaya);Smartphone Flagship;Elektronik;Gudang Cabang (Surabaya);;226;;
BRG-064;Tetapkan Harga Jual;2025-02-25 21:48:00;Admin Penjualan;Smartphone Flagship;Elektronik;Gudang Cabang (Surabaya);;;Rp 17.851.000;21,56%
BRG-064;Barang Siap Dijual;2025-02-26 09:48:00;Gudang Cabang (Surabaya);Smartphone Flagship;Elektronik;Gudang Cabang (Surabaya);;;;
BRG-065;Pesan Barang ke Pemasok;2025-06-14 16:41:00;CV Bina Logistik;Proyektor Portable;Peralatan Kantor;Gudang Cabang (Surabaya);Rp 3.876.000;;;
BRG-065;Terima Barang di Gudang;2025-06-22 00:41:00;Gudang Cabang (Surabaya);Proyektor Portable;Peralatan Kantor;Gudang Cabang (Surabaya);;220;;
BRG-065;Tetapkan Harga Jual;2025-06-24 01:41:00;Admin Penjualan;Proyektor Portable;Peralatan Kantor;Gudang Cabang (Surabaya);;;Rp 4.984.000;28,59%
BRG-065;Barang Siap Dijual;2025-06-24 05:41:00;Gudang Cabang (Surabaya);Proyektor Portable;Peralatan Kantor;Gudang Cabang (Surabaya);;;;
BRG-066;Pesan Barang ke Pemasok;2025-03-08 11:02:00;PT Techindo Jaya;Laptop Gaming Pro;Elektronik;Gudang Utama (Jakarta);Rp 16.382.000;;;
BRG-066;Terima Barang di Gudang;2025-03-18 15:02:00;Gudang Utama (Jakarta);Laptop Gaming Pro;Elektronik;Gudang Utama (Jakarta);;72;;
BRG-066;Tetapkan Harga Jual;2025-03-18 16:02:00;Admin Penjualan;Laptop Gaming Pro;Elektronik;Gudang Utama (Jakarta);;;Rp 19.424.000;18,57%
BRG-066;Barang Siap Dijual;2025-03-19 12:02:00;Gudang Utama (Jakarta);Laptop Gaming Pro;Elektronik;Gudang Utama (Jakarta);;;;
BRG-067;Pesan Barang ke Pemasok;2025-04-22 13:53:00;PT Mandiri Utama;NAS Storage 2-Bay;Peralatan Jaringan;Gudang Utama (Jakarta);Rp 3.949.000;;;
BRG-067;Terima Barang di Gudang;2025-05-04 18:53:00;Gudang Utama (Jakarta);NAS Storage 2-Bay;Peralatan Jaringan;Gudang Utama (Jakarta);;85;;
BRG-067;Tetapkan Harga Jual;2025-05-07 23:53:00;Admin Penjualan;NAS Storage 2-Bay;Peralatan Jaringan;Gudang Utama (Jakarta);;;Rp 5.116.000;29,55%
BRG-067;Barang Siap Dijual;2025-05-08 16:53:00;Gudang Utama (Jakarta);NAS Storage 2-Bay;Peralatan Jaringan;Gudang Utama (Jakarta);;;;
BRG-068;Pesan Barang ke Pemasok;2025-01-30 14:34:00;PT Mandiri Utama;Blender High Power;Peralatan Rumah Tangga;Gudang Utama (Jakarta);Rp 599.000;;;
BRG-068;Terima Barang di Gudang;2025-02-09 17:34:00;Gudang Utama (Jakarta);Blender High Power;Peralatan Rumah Tangga;Gudang Utama (Jakarta);;186;;
BRG-068;Tetapkan Harga Jual;2025-02-11 18:34:00;Admin Penjualan;Blender High Power;Peralatan Rumah Tangga;Gudang Utama (Jakarta);;;Rp 719.000;20,03%
BRG-068;Barang Siap Dijual;2025-02-12 17:34:00;Gudang Utama (Jakarta);Blender High Power;Peralatan Rumah Tangga;Gudang Utama (Jakarta);;;;
BRG-069;Pesan Barang ke Pemasok;2025-04-22 08:01:00;PT Indo Sarana;Switch Gigabit 16-Port;Peralatan Jaringan;Gudang Cabang (Surabaya);Rp 1.081.000;;;
BRG-069;Terima Barang di Gudang;2025-05-01 16:01:00;Gudang Cabang (Surabaya);Switch Gigabit 16-Port;Peralatan Jaringan;Gudang Cabang (Surabaya);;247;;
BRG-069;Tetapkan Harga Jual;2025-05-02 19:01:00;Admin Penjualan;Switch Gigabit 16-Port;Peralatan Jaringan;Gudang Cabang (Surabaya);;;Rp 1.336.000;23,59%
BRG-069;Barang Siap Dijual;2025-05-03 09:01:00;Gudang Cabang (Surabaya);Switch Gigabit 16-Port;Peralatan Jaringan;Gudang Cabang (Surabaya);;;;
BRG-070;Pesan Barang ke Pemasok;2025-01-18 13:38:00;PT Mega Elektronik;Access Point Enterprise;Peralatan Jaringan;Gudang Cabang (Surabaya);Rp 2.591.000;;;
BRG-070;Terima Barang di Gudang;2025-01-28 18:38:00;Gudang Cabang (Surabaya);Access Point Enterprise;Peralatan Jaringan;Gudang Cabang (Surabaya);;189;;
BRG-070;Tetapkan Harga Jual;2025-01-29 00:38:00;Admin Penjualan;Access Point Enterprise;Peralatan Jaringan;Gudang Cabang (Surabaya);;;Rp 3.419.000;31,96%
BRG-070;Barang Siap Dijual;2025-01-29 10:38:00;Gudang Cabang (Surabaya);Access Point Enterprise;Peralatan Jaringan;Gudang Cabang (Surabaya);;;;
BRG-071;Pesan Barang ke Pemasok;2025-05-10 13:16:00;CV Sentosa Perkasa;Robot Vacuum Cleaner;Peralatan Rumah Tangga;Gudang Cabang (Bandung);Rp 3.687.000;;;
BRG-071;Terima Barang di Gudang;2025-05-21 19:16:00;Gudang Cabang (Bandung);Robot Vacuum Cleaner;Peralatan Rumah Tangga;Gudang Cabang (Bandung);;146;;
BRG-071;Tetapkan Harga Jual;2025-05-23 23:16:00;Admin Penjualan;Robot Vacuum Cleaner;Peralatan Rumah Tangga;Gudang Cabang (Bandung);;;Rp 4.754.000;28,94%
BRG-071;Barang Siap Dijual;2025-05-24 22:16:00;Gudang Cabang (Bandung);Robot Vacuum Cleaner;Peralatan Rumah Tangga;Gudang Cabang (Bandung);;;;
BRG-072;Pesan Barang ke Pemasok;2025-03-17 17:27:00;PT Mandiri Utama;Microwave Digital;Peralatan Rumah Tangga;Gudang Utama (Jakarta);Rp 1.264.000;;;
BRG-072;Terima Barang di Gudang;2025-03-20 20:27:00;Gudang Utama (Jakarta);Microwave Digital;Peralatan Rumah Tangga;Gudang Utama (Jakarta);;82;;
BRG-072;Tetapkan Harga Jual;2025-03-24 02:27:00;Admin Penjualan;Microwave Digital;Peralatan Rumah Tangga;Gudang Utama (Jakarta);;;Rp 1.609.000;27,29%
BRG-072;Barang Siap Dijual;2025-03-24 15:27:00;Gudang Utama (Jakarta);Microwave Digital;Peralatan Rumah Tangga;Gudang Utama (Jakarta);;;;
BRG-073;Pesan Barang ke Pemasok;2025-06-23 10:58:00;CV Bina Logistik;Printer Laser Multifungsi;Peralatan Kantor;Gudang Cabang (Surabaya);Rp 2.681.000;;;
BRG-073;Terima Barang di Gudang;2025-07-03 14:58:00;Gudang Cabang (Surabaya);Printer Laser Multifungsi;Peralatan Kantor;Gudang Cabang (Surabaya);;153;;
BRG-073;Tetapkan Harga Jual;2025-07-06 19:58:00;Admin Penjualan;Printer Laser Multifungsi;Peralatan Kantor;Gudang Cabang (Surabaya);;;Rp 3.313.000;23,57%
BRG-073;Barang Siap Dijual;2025-07-06 20:58:00;Gudang Cabang (Surabaya);Printer Laser Multifungsi;Peralatan Kantor;Gudang Cabang (Surabaya);;;;
BRG-074;Pesan Barang ke Pemasok;2025-03-19 12:53:00;PT Mandiri Utama;Microwave Digital;Peralatan Rumah Tangga;Gudang Cabang (Bandung);Rp 1.827.000;;;
BRG-074;Terima Barang di Gudang;2025-03-23 18:53:00;Gudang Cabang (Bandung);Microwave Digital;Peralatan Rumah Tangga;Gudang Cabang (Bandung);;135;;
BRG-074;Tetapkan Harga Jual;2025-03-25 22:53:00;Admin Penjualan;Microwave Digital;Peralatan Rumah Tangga;Gudang Cabang (Bandung);;;Rp 2.347.000;28,46%
BRG-074;Barang Siap Dijual;2025-03-26 13:53:00;Gudang Cabang (Bandung);Microwave Digital;Peralatan Rumah Tangga;Gudang Cabang (Bandung);;;;
BRG-075;Pesan Barang ke Pemasok;2025-04-24 11:38:00;PT Mega Elektronik;Monitor 4K 27 Inch;Elektronik;Gudang Utama (Jakarta);Rp 5.661.000;;;
BRG-075;Terima Barang di Gudang;2025-05-03 18:38:00;Gudang Utama (Jakarta);Monitor 4K 27 Inch;Elektronik;Gudang Utama (Jakarta);;163;;
BRG-075;Tetapkan Harga Jual;2025-05-05 00:38:00;Admin Penjualan;Monitor 4K 27 Inch;Elektronik;Gudang Utama (Jakarta);;;Rp 7.261.000;28,26%
BRG-075;Barang Siap Dijual;2025-05-05 03:38:00;Gudang Utama (Jakarta);Monitor 4K 27 Inch;Elektronik;Gudang Utama (Jakarta);;;;
BRG-076;Pesan Barang ke Pemasok;2025-03-14 16:47:00;PT Techindo Jaya;Headset Gaming 7.1;Aksesoris Komputer;Gudang Utama (Jakarta);Rp 535.000;;;
BRG-076;Terima Barang di Gudang;2025-03-25 21:47:00;Gudang Utama (Jakarta);Headset Gaming 7.1;Aksesoris Komputer;Gudang Utama (Jakarta);;42;;
BRG-076;Tetapkan Harga Jual;2025-03-25 23:47:00;Admin Penjualan;Headset Gaming 7.1;Aksesoris Komputer;Gudang Utama (Jakarta);;;Rp 701.000;31,03%
BRG-076;Barang Siap Dijual;2025-03-26 21:47:00;Gudang Utama (Jakarta);Headset Gaming 7.1;Aksesoris Komputer;Gudang Utama (Jakarta);;;;
BRG-077;Pesan Barang ke Pemasok;2025-03-21 11:50:00;PT Mandiri Utama;Webcam HD 1080p;Aksesoris Komputer;Gudang Cabang (Medan);Rp 570.000;;;
BRG-077;Terima Barang di Gudang;2025-04-03 14:50:00;Gudang Cabang (Medan);Webcam HD 1080p;Aksesoris Komputer;Gudang Cabang (Medan);;23;;
BRG-077;Tetapkan Harga Jual;2025-04-04 15:50:00;Admin Penjualan;Webcam HD 1080p;Aksesoris Komputer;Gudang Cabang (Medan);;;Rp 752.000;31,93%
BRG-077;Barang Siap Dijual;2025-04-04 17:50:00;Gudang Cabang (Medan);Webcam HD 1080p;Aksesoris Komputer;Gudang Cabang (Medan);;;;
BRG-077;Peringatan Stok Rendah;2025-04-18 17:50:00;Gudang Cabang (Medan);Webcam HD 1080p;Aksesoris Komputer;Gudang Cabang (Medan);;23;;
BRG-078;Pesan Barang ke Pemasok;2025-05-02 09:14:00;PT Mandiri Utama;Switch Gigabit 16-Port;Peralatan Jaringan;Gudang Cabang (Bandung);Rp 1.453.000;;;
BRG-078;Terima Barang di Gudang;2025-05-10 15:14:00;Gudang Cabang (Bandung);Switch Gigabit 16-Port;Peralatan Jaringan;Gudang Cabang (Bandung);;131;;
BRG-078;Tetapkan Harga Jual;2025-05-11 21:14:00;Admin Penjualan;Switch Gigabit 16-Port;Peralatan Jaringan;Gudang Cabang (Bandung);;;Rp 1.873.000;28,91%
BRG-078;Barang Siap Dijual;2025-05-12 20:14:00;Gudang Cabang (Bandung);Switch Gigabit 16-Port;Peralatan Jaringan;Gudang Cabang (Bandung);;;;
BRG-079;Pesan Barang ke Pemasok;2025-04-09 16:26:00;CV Sentosa Perkasa;Mouse Wireless RGB;Aksesoris Komputer;Gudang Cabang (Medan);Rp 205.000;;;
BRG-079;Terima Barang di Gudang;2025-04-16 19:26:00;Gudang Cabang (Medan);Mouse Wireless RGB;Aksesoris Komputer;Gudang Cabang (Medan);;61;;
BRG-079;Tetapkan Harga Jual;2025-04-18 01:26:00;Admin Penjualan;Mouse Wireless RGB;Aksesoris Komputer;Gudang Cabang (Medan);;;Rp 267.000;30,24%
BRG-079;Barang Siap Dijual;2025-04-19 00:26:00;Gudang Cabang (Medan);Mouse Wireless RGB;Aksesoris Komputer;Gudang Cabang (Medan);;;;
BRG-080;Pesan Barang ke Pemasok;2025-01-02 09:49:00;PT Mandiri Utama;Tablet Grafis;Elektronik;Gudang Cabang (Bandung);Rp 3.545.000;;;
BRG-080;Terima Barang di Gudang;2025-01-15 15:49:00;Gudang Cabang (Bandung);Tablet Grafis;Elektronik;Gudang Cabang (Bandung);;36;;
BRG-080;Tetapkan Harga Jual;2025-01-16 17:49:00;Admin Penjualan;Tablet Grafis;Elektronik;Gudang Cabang (Bandung);;;Rp 4.727.000;33,34%
BRG-080;Barang Siap Dijual;2025-01-17 16:49:00;Gudang Cabang (Bandung);Tablet Grafis;Elektronik;Gudang Cabang (Bandung);;;;
BRG-081;Pesan Barang ke Pemasok;2025-05-13 15:55:00;PT Mandiri Utama;Blender High Power;Peralatan Rumah Tangga;Gudang Cabang (Medan);Rp 986.000;;;
BRG-081;Terima Barang di Gudang;2025-05-14 23:55:00;Gudang Cabang (Medan);Blender High Power;Peralatan Rumah Tangga;Gudang Cabang (Medan);;248;;
BRG-081;Tetapkan Harga Jual;2025-05-16 00:55:00;Admin Penjualan;Blender High Power;Peralatan Rumah Tangga;Gudang Cabang (Medan);;;Rp 1.251.000;26,88%
BRG-081;Barang Siap Dijual;2025-05-16 15:55:00;Gudang Cabang (Medan);Blender High Power;Peralatan Rumah Tangga;Gudang Cabang (Medan);;;;
BRG-082;Pesan Barang ke Pemasok;2025-02-04 15:55:00;PT Mandiri Utama;NAS Storage 2-Bay;Peralatan Jaringan;Gudang Cabang (Surabaya);Rp 3.167.000;;;
BRG-082;Terima Barang di Gudang;2025-02-15 23:55:00;Gudang Cabang (Surabaya);NAS Storage 2-Bay;Peralatan Jaringan;Gudang Cabang (Surabaya);;126;;
BRG-082;Tetapkan Harga Jual;2025-02-18 03:55:00;Admin Penjualan;NAS Storage 2-Bay;Peralatan Jaringan;Gudang Cabang (Surabaya);;;Rp 4.113.000;29,87%
BRG-082;Barang Siap Dijual;2025-02-18 23:55:00;Gudang Cabang (Surabaya);NAS Storage 2-Bay;Peralatan Jaringan;Gudang Cabang (Surabaya);;;;
BRG-083;Pesan Barang ke Pemasok;2025-05-10 15:16:00;PT Mega Elektronik;Headset Gaming 7.1;Aksesoris Komputer;Gudang Cabang (Medan);Rp 846.000;;;
BRG-083;Terima Barang di Gudang;2025-05-24 23:16:00;Gudang Cabang (Medan);Headset Gaming 7.1;Aksesoris Komputer;Gudang Cabang (Medan);;66;;
BRG-083;Tetapkan Harga Jual;2025-05-28 01:16:00;Admin Penjualan;Headset Gaming 7.1;Aksesoris Komputer;Gudang Cabang (Medan);;;Rp 1.054.000;24,59%
BRG-083;Barang Siap Dijual;2025-05-29 01:16:00;Gudang Cabang (Medan);Headset Gaming 7.1;Aksesoris Komputer;Gudang Cabang (Medan);;;;
BRG-084;Pesan Barang ke Pemasok;2025-05-02 15:40:00;CV Bina Logistik;Monitor 4K 27 Inch;Elektronik;Gudang Utama (Jakarta);Rp 4.483.000;;;
BRG-084;Terima Barang di Gudang;2025-05-07 18:40:00;Gudang Utama (Jakarta);Monitor 4K 27 Inch;Elektronik;Gudang Utama (Jakarta);;86;;
BRG-084;Tetapkan Harga Jual;2025-05-09 23:40:00;Admin Penjualan;Monitor 4K 27 Inch;Elektronik;Gudang Utama (Jakarta);;;Rp 5.399.000;20,43%
BRG-084;Barang Siap Dijual;2025-05-10 15:40:00;Gudang Utama (Jakarta);Monitor 4K 27 Inch;Elektronik;Gudang Utama (Jakarta);;;;
BRG-085;Pesan Barang ke Pemasok;2025-06-10 12:04:00;PT Indo Sarana;Keyboard Mekanikal;Aksesoris Komputer;Gudang Cabang (Bandung);Rp 642.000;;;
BRG-085;Terima Barang di Gudang;2025-06-15 19:04:00;Gudang Cabang (Bandung);Keyboard Mekanikal;Aksesoris Komputer;Gudang Cabang (Bandung);;44;;
BRG-085;Tetapkan Harga Jual;2025-06-16 01:04:00;Admin Penjualan;Keyboard Mekanikal;Aksesoris Komputer;Gudang Cabang (Bandung);;;Rp 787.000;22,59%
BRG-085;Barang Siap Dijual;2025-06-16 11:04:00;Gudang Cabang (Bandung);Keyboard Mekanikal;Aksesoris Komputer;Gudang Cabang (Bandung);;;;
BRG-086;Pesan Barang ke Pemasok;2025-03-02 12:38:00;PT Mandiri Utama;Smart TV 55 Inch;Elektronik;Gudang Utama (Jakarta);Rp 8.419.000;;;
BRG-086;Terima Barang di Gudang;2025-03-08 17:38:00;Gudang Utama (Jakarta);Smart TV 55 Inch;Elektronik;Gudang Utama (Jakarta);;124;;
BRG-086;Tetapkan Harga Jual;2025-03-08 19:38:00;Admin Penjualan;Smart TV 55 Inch;Elektronik;Gudang Utama (Jakarta);;;Rp 10.238.000;21,61%
BRG-086;Barang Siap Dijual;2025-03-09 00:38:00;Gudang Utama (Jakarta);Smart TV 55 Inch;Elektronik;Gudang Utama (Jakarta);;;;
BRG-087;Pesan Barang ke Pemasok;2025-03-01 14:32:00;PT Indo Sarana;Webcam HD 1080p;Aksesoris Komputer;Gudang Utama (Jakarta);Rp 454.000;;;
BRG-087;Terima Barang di Gudang;2025-03-13 16:32:00;Gudang Utama (Jakarta);Webcam HD 1080p;Aksesoris Komputer;Gudang Utama (Jakarta);;154;;
BRG-087;Tetapkan Harga Jual;2025-03-14 17:32:00;Admin Penjualan;Webcam HD 1080p;Aksesoris Komputer;Gudang Utama (Jakarta);;;Rp 604.000;33,04%
BRG-087;Barang Siap Dijual;2025-03-15 07:32:00;Gudang Utama (Jakarta);Webcam HD 1080p;Aksesoris Komputer;Gudang Utama (Jakarta);;;;
BRG-088;Pesan Barang ke Pemasok;2025-04-15 13:38:00;PT Mega Elektronik;NAS Storage 2-Bay;Peralatan Jaringan;Gudang Cabang (Medan);Rp 4.500.000;;;
BRG-088;Terima Barang di Gudang;2025-04-24 20:38:00;Gudang Cabang (Medan);NAS Storage 2-Bay;Peralatan Jaringan;Gudang Cabang (Medan);;95;;
BRG-088;Tetapkan Harga Jual;2025-04-27 21:38:00;Admin Penjualan;NAS Storage 2-Bay;Peralatan Jaringan;Gudang Cabang (Medan);;;Rp 5.180.000;15,11%
BRG-088;Barang Siap Dijual;2025-04-28 04:38:00;Gudang Cabang (Medan);NAS Storage 2-Bay;Peralatan Jaringan;Gudang Cabang (Medan);;;;
BRG-089;Pesan Barang ke Pemasok;2025-04-18 14:38:00;CV Sentosa Perkasa;Blender High Power;Peralatan Rumah Tangga;Gudang Cabang (Medan);Rp 972.000;;;
BRG-089;Terima Barang di Gudang;2025-05-01 14:38:00;Gudang Cabang (Medan);Blender High Power;Peralatan Rumah Tangga;Gudang Cabang (Medan);;234;;
BRG-089;Tetapkan Harga Jual;2025-05-04 18:38:00;Admin Penjualan;Blender High Power;Peralatan Rumah Tangga;Gudang Cabang (Medan);;;Rp 1.273.000;30,97%
BRG-089;Barang Siap Dijual;2025-05-04 19:38:00;Gudang Cabang (Medan);Blender High Power;Peralatan Rumah Tangga;Gudang Cabang (Medan);;;;
BRG-090;Pesan Barang ke Pemasok;2025-04-01 13:05:00;PT Mega Elektronik;Headset Gaming 7.1;Aksesoris Komputer;Gudang Cabang (Medan);Rp 757.000;;;
BRG-090;Terima Barang di Gudang;2025-04-14 19:05:00;Gudang Cabang (Medan);Headset Gaming 7.1;Aksesoris Komputer;Gudang Cabang (Medan);;104;;
BRG-090;Tetapkan Harga Jual;2025-04-18 00:05:00;Admin Penjualan;Headset Gaming 7.1;Aksesoris Komputer;Gudang Cabang (Medan);;;Rp 944.000;24,70%
BRG-090;Barang Siap Dijual;2025-04-19 00:05:00;Gudang Cabang (Medan);Headset Gaming 7.1;Aksesoris Komputer;Gudang Cabang (Medan);;;;
BRG-091;Pesan Barang ke Pemasok;2025-05-20 11:45:00;PT Techindo Jaya;Webcam HD 1080p;Aksesoris Komputer;Gudang Cabang (Medan);Rp 316.000;;;
BRG-091;Terima Barang di Gudang;2025-05-28 14:45:00;Gudang Cabang (Medan);Webcam HD 1080p;Aksesoris Komputer;Gudang Cabang (Medan);;141;;
BRG-091;Tetapkan Harga Jual;2025-05-30 18:45:00;Admin Penjualan;Webcam HD 1080p;Aksesoris Komputer;Gudang Cabang (Medan);;;Rp 425.000;34,49%
BRG-091;Barang Siap Dijual;2025-05-31 10:45:00;Gudang Cabang (Medan);Webcam HD 1080p;Aksesoris Komputer;Gudang Cabang (Medan);;;;
BRG-092;Pesan Barang ke Pemasok;2025-01-08 14:38:00;PT Mandiri Utama;Router Wi-Fi 6;Peralatan Jaringan;Gudang Cabang (Bandung);Rp 776.000;;;
BRG-092;Terima Barang di Gudang;2025-01-14 20:38:00;Gudang Cabang (Bandung);Router Wi-Fi 6;Peralatan Jaringan;Gudang Cabang (Bandung);;39;;
BRG-092;Tetapkan Harga Jual;2025-01-16 00:38:00;Admin Penjualan;Router Wi-Fi 6;Peralatan Jaringan;Gudang Cabang (Bandung);;;Rp 992.000;27,84%
BRG-092;Barang Siap Dijual;2025-01-16 05:38:00;Gudang Cabang (Bandung);Router Wi-Fi 6;Peralatan Jaringan;Gudang Cabang (Bandung);;;;
BRG-093;Pesan Barang ke Pemasok;2025-06-09 17:06:00;PT Mega Elektronik;Monitor 4K 27 Inch;Elektronik;Gudang Cabang (Surabaya);Rp 5.090.000;;;
BRG-093;Terima Barang di Gudang;2025-06-10 23:06:00;Gudang Cabang (Surabaya);Monitor 4K 27 Inch;Elektronik;Gudang Cabang (Surabaya);;121;;
BRG-093;Tetapkan Harga Jual;2025-06-11 00:06:00;Admin Penjualan;Monitor 4K 27 Inch;Elektronik;Gudang Cabang (Surabaya);;;Rp 6.186.000;21,53%
BRG-093;Barang Siap Dijual;2025-06-11 21:06:00;Gudang Cabang (Surabaya);Monitor 4K 27 Inch;Elektronik;Gudang Cabang (Surabaya);;;;
BRG-094;Pesan Barang ke Pemasok;2025-04-20 10:18:00;PT Mega Elektronik;Robot Vacuum Cleaner;Peralatan Rumah Tangga;Gudang Utama (Jakarta);Rp 5.154.000;;;
BRG-094;Terima Barang di Gudang;2025-05-04 17:18:00;Gudang Utama (Jakarta);Robot Vacuum Cleaner;Peralatan Rumah Tangga;Gudang Utama (Jakarta);;112;;
BRG-094;Tetapkan Harga Jual;2025-05-05 18:18:00;Admin Penjualan;Robot Vacuum Cleaner;Peralatan Rumah Tangga;Gudang Utama (Jakarta);;;Rp 6.907.000;34,01%
BRG-094;Barang Siap Dijual;2025-05-06 03:18:00;Gudang Utama (Jakarta);Robot Vacuum Cleaner;Peralatan Rumah Tangga;Gudang Utama (Jakarta);;;;
BRG-095;Pesan Barang ke Pemasok;2025-04-08 13:35:00;PT Mega Elektronik;Air Purifier HEPA;Peralatan Rumah Tangga;Gudang Cabang (Bandung);Rp 2.770.000;;;
BRG-095;Terima Barang di Gudang;2025-04-12 20:35:00;Gudang Cabang (Bandung);Air Purifier HEPA;Peralatan Rumah Tangga;Gudang Cabang (Bandung);;248;;
BRG-095;Tetapkan Harga Jual;2025-04-14 23:35:00;Admin Penjualan;Air Purifier HEPA;Peralatan Rumah Tangga;Gudang Cabang (Bandung);;;Rp 3.484.000;25,78%
BRG-095;Barang Siap Dijual;2025-04-15 12:35:00;Gudang Cabang (Bandung);Air Purifier HEPA;Peralatan Rumah Tangga;Gudang Cabang (Bandung);;;;
BRG-096;Pesan Barang ke Pemasok;2025-03-13 15:11:00;CV Sentosa Perkasa;Laptop Gaming Pro;Elektronik;Gudang Utama (Jakarta);Rp 24.653.000;;;
BRG-096;Terima Barang di Gudang;2025-03-18 16:11:00;Gudang Utama (Jakarta);Laptop Gaming Pro;Elektronik;Gudang Utama (Jakarta);;68;;
BRG-096;Tetapkan Harga Jual;2025-03-21 17:11:00;Admin Penjualan;Laptop Gaming Pro;Elektronik;Gudang Utama (Jakarta);;;Rp 28.503.000;15,62%
BRG-096;Barang Siap Dijual;2025-03-22 17:11:00;Gudang Utama (Jakarta);Laptop Gaming Pro;Elektronik;Gudang Utama (Jakarta);;;;
BRG-097;Pesan Barang ke Pemasok;2025-05-19 08:53:00;PT Techindo Jaya;Switch Gigabit 16-Port;Peralatan Jaringan;Gudang Cabang (Bandung);Rp 950.000;;;
BRG-097;Terima Barang di Gudang;2025-05-25 11:53:00;Gudang Cabang (Bandung);Switch Gigabit 16-Port;Peralatan Jaringan;Gudang Cabang (Bandung);;176;;
BRG-097;Tetapkan Harga Jual;2025-05-25 17:53:00;Admin Penjualan;Switch Gigabit 16-Port;Peralatan Jaringan;Gudang Cabang (Bandung);;;Rp 1.116.000;17,47%
BRG-097;Barang Siap Dijual;2025-05-25 19:53:00;Gudang Cabang (Bandung);Switch Gigabit 16-Port;Peralatan Jaringan;Gudang Cabang (Bandung);;;;
BRG-098;Pesan Barang ke Pemasok;2025-01-08 12:13:00;CV Bina Logistik;Robot Vacuum Cleaner;Peralatan Rumah Tangga;Gudang Utama (Jakarta);Rp 5.216.000;;;
BRG-098;Terima Barang di Gudang;2025-01-12 12:13:00;Gudang Utama (Jakarta);Robot Vacuum Cleaner;Peralatan Rumah Tangga;Gudang Utama (Jakarta);;160;;
BRG-098;Tetapkan Harga Jual;2025-01-13 14:13:00;Admin Penjualan;Robot Vacuum Cleaner;Peralatan Rumah Tangga;Gudang Utama (Jakarta);;;Rp 6.383.000;22,37%
BRG-098;Barang Siap Dijual;2025-01-13 19:13:00;Gudang Utama (Jakarta);Robot Vacuum Cleaner;Peralatan Rumah Tangga;Gudang Utama (Jakarta);;;;
BRG-099;Pesan Barang ke Pemasok;2025-05-02 09:57:00;PT Mega Elektronik;Headset Gaming 7.1;Aksesoris Komputer;Gudang Cabang (Medan);Rp 413.000;;;
BRG-099;Terima Barang di Gudang;2025-05-12 12:57:00;Gudang Cabang (Medan);Headset Gaming 7.1;Aksesoris Komputer;Gudang Cabang (Medan);;242;;
BRG-099;Tetapkan Harga Jual;2025-05-15 18:57:00;Admin Penjualan;Headset Gaming 7.1;Aksesoris Komputer;Gudang Cabang (Medan);;;Rp 522.000;26,39%
BRG-099;Barang Siap Dijual;2025-05-16 03:57:00;Gudang Cabang (Medan);Headset Gaming 7.1;Aksesoris Komputer;Gudang Cabang (Medan);;;;
BRG-100;Pesan Barang ke Pemasok;2025-04-05 10:51:00;PT Indo Sarana;Mesin Kopi Espresso;Peralatan Rumah Tangga;Gudang Cabang (Bandung);Rp 1.818.000;;;
BRG-100;Terima Barang di Gudang;2025-04-15 11:51:00;Gudang Cabang (Bandung);Mesin Kopi Espresso;Peralatan Rumah Tangga;Gudang Cabang (Bandung);;217;;
BRG-100;Tetapkan Harga Jual;2025-04-16 14:51:00;Admin Penjualan;Mesin Kopi Espresso;Peralatan Rumah Tangga;Gudang Cabang (Bandung);;;Rp 2.305.000;26,79%
BRG-100;Barang Siap Dijual;2025-04-16 18:51:00;Gudang Cabang (Bandung);Mesin Kopi Espresso;Peralatan Rumah Tangga;Gudang Cabang (Bandung);;;;
BRG-101;Pesan Barang ke Pemasok;2025-05-29 08:26:00;CV Bina Logistik;Monitor 4K 27 Inch;Elektronik;Gudang Utama (Jakarta);Rp 6.369.000;;;
BRG-101;Terima Barang di Gudang;2025-06-03 14:26:00;Gudang Utama (Jakarta);Monitor 4K 27 Inch;Elektronik;Gudang Utama (Jakarta);;35;;
BRG-101;Tetapkan Harga Jual;2025-06-06 20:26:00;Admin Penjualan;Monitor 4K 27 Inch;Elektronik;Gudang Utama (Jakarta);;;Rp 8.089.000;27,01%
BRG-101;Barang Siap Dijual;2025-06-07 03:26:00;Gudang Utama (Jakarta);Monitor 4K 27 Inch;Elektronik;Gudang Utama (Jakarta);;;;
BRG-102;Pesan Barang ke Pemasok;2025-01-20 12:08:00;CV Bina Logistik;Proyektor Portable;Peralatan Kantor;Gudang Cabang (Surabaya);Rp 3.996.000;;;
BRG-102;Terima Barang di Gudang;2025-01-22 16:08:00;Gudang Cabang (Surabaya);Proyektor Portable;Peralatan Kantor;Gudang Cabang (Surabaya);;22;;
BRG-102;Tetapkan Harga Jual;2025-01-22 21:08:00;Admin Penjualan;Proyektor Portable;Peralatan Kantor;Gudang Cabang (Surabaya);;;Rp 5.124.000;28,23%
BRG-102;Barang Siap Dijual;2025-01-22 23:08:00;Gudang Cabang (Surabaya);Proyektor Portable;Peralatan Kantor;Gudang Cabang (Surabaya);;;;
BRG-102;Peringatan Stok Rendah;2025-02-09 23:08:00;Gudang Cabang (Surabaya);Proyektor Portable;Peralatan Kantor;Gudang Cabang (Surabaya);;22;;
BRG-103;Pesan Barang ke Pemasok;2025-05-17 15:18:00;PT Mega Elektronik;Smart TV 55 Inch;Elektronik;Gudang Cabang (Medan);Rp 11.898.000;;;
BRG-103;Terima Barang di Gudang;2025-05-28 20:18:00;Gudang Cabang (Medan);Smart TV 55 Inch;Elektronik;Gudang Cabang (Medan);;115;;
BRG-103;Tetapkan Harga Jual;2025-05-29 01:18:00;Admin Penjualan;Smart TV 55 Inch;Elektronik;Gudang Cabang (Medan);;;Rp 14.849.000;24,80%
BRG-103;Barang Siap Dijual;2025-05-29 22:18:00;Gudang Cabang (Medan);Smart TV 55 Inch;Elektronik;Gudang Cabang (Medan);;;;
BRG-104;Pesan Barang ke Pemasok;2025-03-29 08:12:00;PT Mega Elektronik;Webcam HD 1080p;Aksesoris Komputer;Gudang Cabang (Medan);Rp 342.000;;;
BRG-104;Terima Barang di Gudang;2025-04-12 14:12:00;Gudang Cabang (Medan);Webcam HD 1080p;Aksesoris Komputer;Gudang Cabang (Medan);;171;;
BRG-104;Tetapkan Harga Jual;2025-04-15 15:12:00;Admin Penjualan;Webcam HD 1080p;Aksesoris Komputer;Gudang Cabang (Medan);;;Rp 443.000;29,53%
BRG-104;Barang Siap Dijual;2025-04-16 05:12:00;Gudang Cabang (Medan);Webcam HD 1080p;Aksesoris Komputer;Gudang Cabang (Medan);;;;
BRG-105;Pesan Barang ke Pemasok;2025-04-03 15:50:00;CV Sentosa Perkasa;Microwave Digital;Peralatan Rumah Tangga;Gudang Utama (Jakarta);Rp 2.142.000;;;
BRG-105;Terima Barang di Gudang;2025-04-15 17:50:00;Gudang Utama (Jakarta);Microwave Digital;Peralatan Rumah Tangga;Gudang Utama (Jakarta);;223;;
BRG-105;Tetapkan Harga Jual;2025-04-18 19:50:00;Admin Penjualan;Microwave Digital;Peralatan Rumah Tangga;Gudang Utama (Jakarta);;;Rp 2.578.000;20,35%
BRG-105;Barang Siap Dijual;2025-04-19 19:50:00;Gudang Utama (Jakarta);Microwave Digital;Peralatan Rumah Tangga;Gudang Utama (Jakarta);;;;
BRG-106;Pesan Barang ke Pemasok;2025-05-14 12:36:00;CV Bina Logistik;Paper Shredder Heavy-Duty;Peralatan Kantor;Gudang Cabang (Medan);Rp 1.311.000;;;
BRG-106;Terima Barang di Gudang;2025-05-24 20:36:00;Gudang Cabang (Medan);Paper Shredder Heavy-Duty;Peralatan Kantor;Gudang Cabang (Medan);;150;;
BRG-106;Tetapkan Harga Jual;2025-05-28 00:36:00;Admin Penjualan;Paper Shredder Heavy-Duty;Peralatan Kantor;Gudang Cabang (Medan);;;Rp 1.704.000;29,98%
BRG-106;Barang Siap Dijual;2025-05-28 14:36:00;Gudang Cabang (Medan);Paper Shredder Heavy-Duty;Peralatan Kantor;Gudang Cabang (Medan);;;;
BRG-107;Pesan Barang ke Pemasok;2025-06-01 12:34:00;PT Mandiri Utama;Kursi Ergonomis;Peralatan Kantor;Gudang Cabang (Bandung);Rp 3.273.000;;;
BRG-107;Terima Barang di Gudang;2025-06-07 15:34:00;Gudang Cabang (Bandung);Kursi Ergonomis;Peralatan Kantor;Gudang Cabang (Bandung);;51;;
BRG-107;Tetapkan Harga Jual;2025-06-07 18:34:00;Admin Penjualan;Kursi Ergonomis;Peralatan Kantor;Gudang Cabang (Bandung);;;Rp 4.320.000;31,99%
BRG-107;Barang Siap Dijual;2025-06-08 09:34:00;Gudang Cabang (Bandung);Kursi Ergonomis;Peralatan Kantor;Gudang Cabang (Bandung);;;;
BRG-108;Pesan Barang ke Pemasok;2025-03-04 15:55:00;PT Indo Sarana;Printer Laser Multifungsi;Peralatan Kantor;Gudang Cabang (Surabaya);Rp 3.227.000;;;
BRG-108;Terima Barang di Gudang;2025-03-14 21:55:00;Gudang Cabang (Surabaya);Printer Laser Multifungsi;Peralatan Kantor;Gudang Cabang (Surabaya);;157;;
BRG-108;Tetapkan Harga Jual;2025-03-16 22:55:00;Admin Penjualan;Printer Laser Multifungsi;Peralatan Kantor;Gudang Cabang (Surabaya);;;Rp 3.891.000;20,58%
BRG-108;Barang Siap Dijual;2025-03-17 14:55:00;Gudang Cabang (Surabaya);Printer Laser Multifungsi;Peralatan Kantor;Gudang Cabang (Surabaya);;;;
BRG-109;Pesan Barang ke Pemasok;2025-03-25 11:06:00;CV Sentosa Perkasa;Router Wi-Fi 6;Peralatan Jaringan;Gudang Cabang (Medan);Rp 1.683.000;;;
BRG-109;Terima Barang di Gudang;2025-04-02 14:06:00;Gudang Cabang (Medan);Router Wi-Fi 6;Peralatan Jaringan;Gudang Cabang (Medan);;26;;
BRG-109;Tetapkan Harga Jual;2025-04-04 17:06:00;Admin Penjualan;Router Wi-Fi 6;Peralatan Jaringan;Gudang Cabang (Medan);;;Rp 2.254.000;33,93%
BRG-109;Barang Siap Dijual;2025-04-05 04:06:00;Gudang Cabang (Medan);Router Wi-Fi 6;Peralatan Jaringan;Gudang Cabang (Medan);;;;
BRG-109;Peringatan Stok Rendah;2025-04-20 04:06:00;Gudang Cabang (Medan);Router Wi-Fi 6;Peralatan Jaringan;Gudang Cabang (Medan);;26;;
BRG-110;Pesan Barang ke Pemasok;2025-06-02 12:42:00;PT Indo Sarana;Blender High Power;Peralatan Rumah Tangga;Gudang Cabang (Medan);Rp 651.000;;;
BRG-110;Terima Barang di Gudang;2025-06-11 12:42:00;Gudang Cabang (Medan);Blender High Power;Peralatan Rumah Tangga;Gudang Cabang (Medan);;170;;
BRG-110;Tetapkan Harga Jual;2025-06-12 13:42:00;Admin Penjualan;Blender High Power;Peralatan Rumah Tangga;Gudang Cabang (Medan);;;Rp 838.000;28,73%
BRG-110;Barang Siap Dijual;2025-06-12 21:42:00;Gudang Cabang (Medan);Blender High Power;Peralatan Rumah Tangga;Gudang Cabang (Medan);;;;
BRG-111;Pesan Barang ke Pemasok;2025-04-15 16:20:00;PT Indo Sarana;Air Purifier HEPA;Peralatan Rumah Tangga;Gudang Cabang (Bandung);Rp 1.395.000;;;
BRG-111;Terima Barang di Gudang;2025-04-24 19:20:00;Gudang Cabang (Bandung);Air Purifier HEPA;Peralatan Rumah Tangga;Gudang Cabang (Bandung);;108;;
BRG-111;Tetapkan Harga Jual;2025-04-28 01:20:00;Admin Penjualan;Air Purifier HEPA;Peralatan Rumah Tangga;Gudang Cabang (Bandung);;;Rp 1.686.000;20,86%
BRG-111;Barang Siap Dijual;2025-04-29 00:20:00;Gudang Cabang (Bandung);Air Purifier HEPA;Peralatan Rumah Tangga;Gudang Cabang (Bandung);;;;
BRG-112;Pesan Barang ke Pemasok;2025-05-06 15:38:00;PT Mega Elektronik;Proyektor Portable;Peralatan Kantor;Gudang Cabang (Medan);Rp 3.747.000;;;
BRG-112;Terima Barang di Gudang;2025-05-19 15:38:00;Gudang Cabang (Medan);Proyektor Portable;Peralatan Kantor;Gudang Cabang (Medan);;140;;
BRG-112;Tetapkan Harga Jual;2025-05-19 18:38:00;Admin Penjualan;Proyektor Portable;Peralatan Kantor;Gudang Cabang (Medan);;;Rp 4.663.000;24,45%
BRG-112;Barang Siap Dijual;2025-05-20 02:38:00;Gudang Cabang (Medan);Proyektor Portable;Peralatan Kantor;Gudang Cabang (Medan);;;;
BRG-113;Pesan Barang ke Pemasok;2025-04-14 12:09:00;PT Mega Elektronik;Access Point Enterprise;Peralatan Jaringan;Gudang Cabang (Surabaya);Rp 1.937.000;;;
BRG-113;Terima Barang di Gudang;2025-04-19 17:09:00;Gudang Cabang (Surabaya);Access Point Enterprise;Peralatan Jaringan;Gudang Cabang (Surabaya);;74;;
BRG-113;Tetapkan Harga Jual;2025-04-22 22:09:00;Admin Penjualan;Access Point Enterprise;Peralatan Jaringan;Gudang Cabang (Surabaya);;;Rp 2.499.000;29,01%
BRG-113;Barang Siap Dijual;2025-04-23 15:09:00;Gudang Cabang (Surabaya);Access Point Enterprise;Peralatan Jaringan;Gudang Cabang (Surabaya);;;;
BRG-114;Pesan Barang ke Pemasok;2025-03-30 15:15:00;CV Bina Logistik;Mouse Wireless RGB;Aksesoris Komputer;Gudang Cabang (Bandung);Rp 250.000;;;
BRG-114;Terima Barang di Gudang;2025-04-11 23:15:00;Gudang Cabang (Bandung);Mouse Wireless RGB;Aksesoris Komputer;Gudang Cabang (Bandung);;195;;
BRG-114;Tetapkan Harga Jual;2025-04-14 02:15:00;Admin Penjualan;Mouse Wireless RGB;Aksesoris Komputer;Gudang Cabang (Bandung);;;Rp 303.000;21,20%
BRG-114;Barang Siap Dijual;2025-04-15 01:15:00;Gudang Cabang (Bandung);Mouse Wireless RGB;Aksesoris Komputer;Gudang Cabang (Bandung);;;;
BRG-115;Pesan Barang ke Pemasok;2025-04-27 12:37:00;CV Bina Logistik;Keyboard Mekanikal;Aksesoris Komputer;Gudang Cabang (Surabaya);Rp 1.174.000;;;
BRG-115;Terima Barang di Gudang;2025-05-02 16:37:00;Gudang Cabang (Surabaya);Keyboard Mekanikal;Aksesoris Komputer;Gudang Cabang (Surabaya);;190;;
BRG-115;Tetapkan Harga Jual;2025-05-03 17:37:00;Admin Penjualan;Keyboard Mekanikal;Aksesoris Komputer;Gudang Cabang (Surabaya);;;Rp 1.463.000;24,62%
BRG-115;Barang Siap Dijual;2025-05-04 17:37:00;Gudang Cabang (Surabaya);Keyboard Mekanikal;Aksesoris Komputer;Gudang Cabang (Surabaya);;;;
BRG-116;Pesan Barang ke Pemasok;2025-02-19 13:23:00;PT Mega Elektronik;Smartphone Flagship;Elektronik;Gudang Utama (Jakarta);Rp 12.970.000;;;
BRG-116;Terima Barang di Gudang;2025-02-21 21:23:00;Gudang Utama (Jakarta);Smartphone Flagship;Elektronik;Gudang Utama (Jakarta);;50;;
BRG-116;Tetapkan Harga Jual;2025-02-22 23:23:00;Admin Penjualan;Smartphone Flagship;Elektronik;Gudang Utama (Jakarta);;;Rp 15.505.000;19,55%
BRG-116;Barang Siap Dijual;2025-02-23 06:23:00;Gudang Utama (Jakarta);Smartphone Flagship;Elektronik;Gudang Utama (Jakarta);;;;
BRG-117;Pesan Barang ke Pemasok;2025-05-04 12:43:00;CV Bina Logistik;Switch Gigabit 16-Port;Peralatan Jaringan;Gudang Cabang (Surabaya);Rp 987.000;;;
BRG-117;Terima Barang di Gudang;2025-05-16 20:43:00;Gudang Cabang (Surabaya);Switch Gigabit 16-Port;Peralatan Jaringan;Gudang Cabang (Surabaya);;18;;
BRG-117;Tetapkan Harga Jual;2025-05-18 21:43:00;Admin Penjualan;Switch Gigabit 16-Port;Peralatan Jaringan;Gudang Cabang (Surabaya);;;Rp 1.144.000;15,91%
BRG-117;Barang Siap Dijual;2025-05-19 04:43:00;Gudang Cabang (Surabaya);Switch Gigabit 16-Port;Peralatan Jaringan;Gudang Cabang (Surabaya);;;;
BRG-117;Peringatan Stok Rendah;2025-06-04 04:43:00;Gudang Cabang (Surabaya);Switch Gigabit 16-Port;Peralatan Jaringan;Gudang Cabang (Surabaya);;18;;
BRG-118;Pesan Barang ke Pemasok;2025-02-28 14:09:00;PT Mega Elektronik;Webcam HD 1080p;Aksesoris Komputer;Gudang Cabang (Medan);Rp 303.000;;;
BRG-118;Terima Barang di Gudang;2025-03-03 18:09:00;Gudang Cabang (Medan);Webcam HD 1080p;Aksesoris Komputer;Gudang Cabang (Medan);;151;;
BRG-118;Tetapkan Harga Jual;2025-03-04 00:09:00;Admin Penjualan;Webcam HD 1080p;Aksesoris Komputer;Gudang Cabang (Medan);;;Rp 401.000;32,34%
BRG-118;Barang Siap Dijual;2025-03-04 18:09:00;Gudang Cabang (Medan);Webcam HD 1080p;Aksesoris Komputer;Gudang Cabang (Medan);;;;
BRG-119;Pesan Barang ke Pemasok;2025-02-02 12:40:00;PT Mega Elektronik;Microwave Digital;Peralatan Rumah Tangga;Gudang Cabang (Medan);Rp 1.614.000;;;
BRG-119;Terima Barang di Gudang;2025-02-03 12:40:00;Gudang Cabang (Medan);Microwave Digital;Peralatan Rumah Tangga;Gudang Cabang (Medan);;18;;
BRG-119;Tetapkan Harga Jual;2025-02-05 18:40:00;Admin Penjualan;Microwave Digital;Peralatan Rumah Tangga;Gudang Cabang (Medan);;;Rp 1.915.000;18,65%
BRG-119;Barang Siap Dijual;2025-02-05 23:40:00;Gudang Cabang (Medan);Microwave Digital;Peralatan Rumah Tangga;Gudang Cabang (Medan);;;;
BRG-119;Peringatan Stok Rendah;2025-03-04 23:40:00;Gudang Cabang (Medan);Microwave Digital;Peralatan Rumah Tangga;Gudang Cabang (Medan);;18;;
BRG-120;Pesan Barang ke Pemasok;2025-05-06 09:45:00;PT Indo Sarana;Laptop Gaming Pro;Elektronik;Gudang Utama (Jakarta);Rp 18.722.000;;;
BRG-120;Terima Barang di Gudang;2025-05-20 09:45:00;Gudang Utama (Jakarta);Laptop Gaming Pro;Elektronik;Gudang Utama (Jakarta);;152;;
BRG-120;Tetapkan Harga Jual;2025-05-22 13:45:00;Admin Penjualan;Laptop Gaming Pro;Elektronik;Gudang Utama (Jakarta);;;Rp 23.371.000;24,83%
BRG-120;Barang Siap Dijual;2025-05-23 05:45:00;Gudang Utama (Jakarta);Laptop Gaming Pro;Elektronik;Gudang Utama (Jakarta);;;;
BRG-121;Pesan Barang ke Pemasok;2025-04-23 13:48:00;CV Sentosa Perkasa;Keyboard Mekanikal;Aksesoris Komputer;Gudang Utama (Jakarta);Rp 990.000;;;
BRG-121;Terima Barang di Gudang;2025-04-26 13:48:00;Gudang Utama (Jakarta);Keyboard Mekanikal;Aksesoris Komputer;Gudang Utama (Jakarta);;26;;
BRG-121;Tetapkan Harga Jual;2025-04-28 17:48:00;Admin Penjualan;Keyboard Mekanikal;Aksesoris Komputer;Gudang Utama (Jakarta);;;Rp 1.326.000;33,94%
BRG-121;Barang Siap Dijual;2025-04-28 21:48:00;Gudang Utama (Jakarta);Keyboard Mekanikal;Aksesoris Komputer;Gudang Utama (Jakarta);;;;
BRG-121;Peringatan Stok Rendah;2025-05-07 21:48:00;Gudang Utama (Jakarta);Keyboard Mekanikal;Aksesoris Komputer;Gudang Utama (Jakarta);;26;;
BRG-122;Pesan Barang ke Pemasok;2025-04-13 16:23:00;CV Sentosa Perkasa;NAS Storage 2-Bay;Peralatan Jaringan;Gudang Cabang (Medan);Rp 5.043.000;;;
BRG-122;Terima Barang di Gudang;2025-04-15 16:23:00;Gudang Cabang (Medan);NAS Storage 2-Bay;Peralatan Jaringan;Gudang Cabang (Medan);;163;;
BRG-122;Tetapkan Harga Jual;2025-04-16 18:23:00;Admin Penjualan;NAS Storage 2-Bay;Peralatan Jaringan;Gudang Cabang (Medan);;;Rp 6.400.000;26,91%
BRG-122;Barang Siap Dijual;2025-04-17 13:23:00;Gudang Cabang (Medan);NAS Storage 2-Bay;Peralatan Jaringan;Gudang Cabang (Medan);;;;
BRG-123;Pesan Barang ke Pemasok;2025-03-19 09:27:00;PT Mega Elektronik;Microwave Digital;Peralatan Rumah Tangga;Gudang Utama (Jakarta);Rp 1.523.000;;;
BRG-123;Terima Barang di Gudang;2025-03-23 10:27:00;Gudang Utama (Jakarta);Microwave Digital;Peralatan Rumah Tangga;Gudang Utama (Jakarta);;114;;
BRG-123;Tetapkan Harga Jual;2025-03-26 15:27:00;Admin Penjualan;Microwave Digital;Peralatan Rumah Tangga;Gudang Utama (Jakarta);;;Rp 2.013.000;32,17%
BRG-123;Barang Siap Dijual;2025-03-27 11:27:00;Gudang Utama (Jakarta);Microwave Digital;Peralatan Rumah Tangga;Gudang Utama (Jakarta);;;;
BRG-124;Pesan Barang ke Pemasok;2025-06-08 11:51:00;PT Indo Sarana;Router Wi-Fi 6;Peralatan Jaringan;Gudang Utama (Jakarta);Rp 1.035.000;;;
BRG-124;Terima Barang di Gudang;2025-06-21 19:51:00;Gudang Utama (Jakarta);Router Wi-Fi 6;Peralatan Jaringan;Gudang Utama (Jakarta);;72;;
BRG-124;Tetapkan Harga Jual;2025-06-24 23:51:00;Admin Penjualan;Router Wi-Fi 6;Peralatan Jaringan;Gudang Utama (Jakarta);;;Rp 1.319.000;27,44%
BRG-124;Barang Siap Dijual;2025-06-25 14:51:00;Gudang Utama (Jakarta);Router Wi-Fi 6;Peralatan Jaringan;Gudang Utama (Jakarta);;;;
BRG-125;Pesan Barang ke Pemasok;2025-03-18 15:19:00;PT Techindo Jaya;Keyboard Mekanikal;Aksesoris Komputer;Gudang Cabang (Medan);Rp 582.000;;;
BRG-125;Terima Barang di Gudang;2025-03-23 15:19:00;Gudang Cabang (Medan);Keyboard Mekanikal;Aksesoris Komputer;Gudang Cabang (Medan);;45;;
BRG-125;Tetapkan Harga Jual;2025-03-23 17:19:00;Admin Penjualan;Keyboard Mekanikal;Aksesoris Komputer;Gudang Cabang (Medan);;;Rp 733.000;25,95%
BRG-125;Barang Siap Dijual;2025-03-24 14:19:00;Gudang Cabang (Medan);Keyboard Mekanikal;Aksesoris Komputer;Gudang Cabang (Medan);;;;
BRG-126;Pesan Barang ke Pemasok;2025-02-24 12:30:00;PT Mega Elektronik;Blender High Power;Peralatan Rumah Tangga;Gudang Cabang (Surabaya);Rp 892.000;;;
BRG-126;Terima Barang di Gudang;2025-03-07 13:30:00;Gudang Cabang (Surabaya);Blender High Power;Peralatan Rumah Tangga;Gudang Cabang (Surabaya);;64;;
BRG-126;Tetapkan Harga Jual;2025-03-08 15:30:00;Admin Penjualan;Blender High Power;Peralatan Rumah Tangga;Gudang Cabang (Surabaya);;;Rp 1.077.000;20,74%
BRG-126;Barang Siap Dijual;2025-03-08 21:30:00;Gudang Cabang (Surabaya);Blender High Power;Peralatan Rumah Tangga;Gudang Cabang (Surabaya);;;;
BRG-127;Pesan Barang ke Pemasok;2025-05-22 09:16:00;PT Indo Sarana;Air Purifier HEPA;Peralatan Rumah Tangga;Gudang Cabang (Bandung);Rp 2.641.000;;;
BRG-127;Terima Barang di Gudang;2025-05-25 09:16:00;Gudang Cabang (Bandung);Air Purifier HEPA;Peralatan Rumah Tangga;Gudang Cabang (Bandung);;72;;
BRG-127;Tetapkan Harga Jual;2025-05-28 13:16:00;Admin Penjualan;Air Purifier HEPA;Peralatan Rumah Tangga;Gudang Cabang (Bandung);;;Rp 3.160.000;19,65%
BRG-127;Barang Siap Dijual;2025-05-29 12:16:00;Gudang Cabang (Bandung);Air Purifier HEPA;Peralatan Rumah Tangga;Gudang Cabang (Bandung);;;;
BRG-128;Pesan Barang ke Pemasok;2025-06-02 16:01:00;PT Mega Elektronik;Air Purifier HEPA;Peralatan Rumah Tangga;Gudang Cabang (Bandung);Rp 2.342.000;;;
BRG-128;Terima Barang di Gudang;2025-06-07 16:01:00;Gudang Cabang (Bandung);Air Purifier HEPA;Peralatan Rumah Tangga;Gudang Cabang (Bandung);;43;;
BRG-128;Tetapkan Harga Jual;2025-06-08 19:01:00;Admin Penjualan;Air Purifier HEPA;Peralatan Rumah Tangga;Gudang Cabang (Bandung);;;Rp 2.798.000;19,47%
BRG-128;Barang Siap Dijual;2025-06-09 18:01:00;Gudang Cabang (Bandung);Air Purifier HEPA;Peralatan Rumah Tangga;Gudang Cabang (Bandung);;;;
BRG-129;Pesan Barang ke Pemasok;2025-03-14 15:44:00;PT Indo Sarana;Laptop Gaming Pro;Elektronik;Gudang Cabang (Surabaya);Rp 14.783.000;;;
BRG-129;Terima Barang di Gudang;2025-03-16 18:44:00;Gudang Cabang (Surabaya);Laptop Gaming Pro;Elektronik;Gudang Cabang (Surabaya);;157;;
BRG-129;Tetapkan Harga Jual;2025-03-19 00:44:00;Admin Penjualan;Laptop Gaming Pro;Elektronik;Gudang Cabang (Surabaya);;;Rp 19.343.000;30,85%
BRG-129;Barang Siap Dijual;2025-03-19 19:44:00;Gudang Cabang (Surabaya);Laptop Gaming Pro;Elektronik;Gudang Cabang (Surabaya);;;;
BRG-130;Pesan Barang ke Pemasok;2025-06-19 11:22:00;PT Mandiri Utama;Air Purifier HEPA;Peralatan Rumah Tangga;Gudang Cabang (Surabaya);Rp 2.182.000;;;
BRG-130;Terima Barang di Gudang;2025-06-26 12:22:00;Gudang Cabang (Surabaya);Air Purifier HEPA;Peralatan Rumah Tangga;Gudang Cabang (Surabaya);;184;;
BRG-130;Tetapkan Harga Jual;2025-06-27 18:22:00;Admin Penjualan;Air Purifier HEPA;Peralatan Rumah Tangga;Gudang Cabang (Surabaya);;;Rp 2.809.000;28,74%
BRG-130;Barang Siap Dijual;2025-06-27 23:22:00;Gudang Cabang (Surabaya);Air Purifier HEPA;Peralatan Rumah Tangga;Gudang Cabang (Surabaya);;;;
BRG-131;Pesan Barang ke Pemasok;2025-03-10 10:25:00;PT Mandiri Utama;NAS Storage 2-Bay;Peralatan Jaringan;Gudang Cabang (Surabaya);Rp 4.336.000;;;
BRG-131;Terima Barang di Gudang;2025-03-12 10:25:00;Gudang Cabang (Surabaya);NAS Storage 2-Bay;Peralatan Jaringan;Gudang Cabang (Surabaya);;15;;
BRG-131;Tetapkan Harga Jual;2025-03-13 13:25:00;Admin Penjualan;NAS Storage 2-Bay;Peralatan Jaringan;Gudang Cabang (Surabaya);;;Rp 5.056.000;16,61%
BRG-131;Barang Siap Dijual;2025-03-14 09:25:00;Gudang Cabang (Surabaya);NAS Storage 2-Bay;Peralatan Jaringan;Gudang Cabang (Surabaya);;;;
BRG-131;Peringatan Stok Rendah;2025-04-13 09:25:00;Gudang Cabang (Surabaya);NAS Storage 2-Bay;Peralatan Jaringan;Gudang Cabang (Surabaya);;15;;
BRG-132;Pesan Barang ke Pemasok;2025-05-26 12:55:00;CV Bina Logistik;Access Point Enterprise;Peralatan Jaringan;Gudang Utama (Jakarta);Rp 1.254.000;;;
BRG-132;Terima Barang di Gudang;2025-06-03 13:55:00;Gudang Utama (Jakarta);Access Point Enterprise;Peralatan Jaringan;Gudang Utama (Jakarta);;177;;
BRG-132;Tetapkan Harga Jual;2025-06-06 19:55:00;Admin Penjualan;Access Point Enterprise;Peralatan Jaringan;Gudang Utama (Jakarta);;;Rp 1.465.000;16,83%
BRG-132;Barang Siap Dijual;2025-06-07 05:55:00;Gudang Utama (Jakarta);Access Point Enterprise;Peralatan Jaringan;Gudang Utama (Jakarta);;;;
BRG-133;Pesan Barang ke Pemasok;2025-06-29 14:52:00;PT Mandiri Utama;Proyektor Portable;Peralatan Kantor;Gudang Cabang (Medan);Rp 2.368.000;;;
BRG-133;Terima Barang di Gudang;2025-07-04 22:52:00;Gudang Cabang (Medan);Proyektor Portable;Peralatan Kantor;Gudang Cabang (Medan);;49;;
BRG-133;Tetapkan Harga Jual;2025-07-08 02:52:00;Admin Penjualan;Proyektor Portable;Peralatan Kantor;Gudang Cabang (Medan);;;Rp 3.084.000;30,24%
BRG-133;Barang Siap Dijual;2025-07-08 05:52:00;Gudang Cabang (Medan);Proyektor Portable;Peralatan Kantor;Gudang Cabang (Medan);;;;
BRG-134;Pesan Barang ke Pemasok;2025-06-03 08:40:00;PT Mandiri Utama;Meja Stand-Desk Auto;Peralatan Kantor;Gudang Utama (Jakarta);Rp 4.955.000;;;
BRG-134;Terima Barang di Gudang;2025-06-10 13:40:00;Gudang Utama (Jakarta);Meja Stand-Desk Auto;Peralatan Kantor;Gudang Utama (Jakarta);;213;;
BRG-134;Tetapkan Harga Jual;2025-06-12 14:40:00;Admin Penjualan;Meja Stand-Desk Auto;Peralatan Kantor;Gudang Utama (Jakarta);;;Rp 6.130.000;23,71%
BRG-134;Barang Siap Dijual;2025-06-12 17:40:00;Gudang Utama (Jakarta);Meja Stand-Desk Auto;Peralatan Kantor;Gudang Utama (Jakarta);;;;
BRG-135;Pesan Barang ke Pemasok;2025-02-28 17:49:00;PT Techindo Jaya;Robot Vacuum Cleaner;Peralatan Rumah Tangga;Gudang Cabang (Bandung);Rp 3.712.000;;;
BRG-135;Terima Barang di Gudang;2025-03-10 17:49:00;Gudang Cabang (Bandung);Robot Vacuum Cleaner;Peralatan Rumah Tangga;Gudang Cabang (Bandung);;176;;
BRG-135;Tetapkan Harga Jual;2025-03-12 22:49:00;Admin Penjualan;Robot Vacuum Cleaner;Peralatan Rumah Tangga;Gudang Cabang (Bandung);;;Rp 4.516.000;21,66%
BRG-135;Barang Siap Dijual;2025-03-13 00:49:00;Gudang Cabang (Bandung);Robot Vacuum Cleaner;Peralatan Rumah Tangga;Gudang Cabang (Bandung);;;;
BRG-136;Pesan Barang ke Pemasok;2025-02-14 16:01:00;PT Mandiri Utama;Paper Shredder Heavy-Duty;Peralatan Kantor;Gudang Utama (Jakarta);Rp 1.839.000;;;
BRG-136;Terima Barang di Gudang;2025-02-23 23:01:00;Gudang Utama (Jakarta);Paper Shredder Heavy-Duty;Peralatan Kantor;Gudang Utama (Jakarta);;246;;
BRG-136;Tetapkan Harga Jual;2025-02-26 01:01:00;Admin Penjualan;Paper Shredder Heavy-Duty;Peralatan Kantor;Gudang Utama (Jakarta);;;Rp 2.220.000;20,72%
BRG-136;Barang Siap Dijual;2025-02-26 20:01:00;Gudang Utama (Jakarta);Paper Shredder Heavy-Duty;Peralatan Kantor;Gudang Utama (Jakarta);;;;
BRG-137;Pesan Barang ke Pemasok;2025-04-22 16:23:00;PT Mandiri Utama;Air Purifier HEPA;Peralatan Rumah Tangga;Gudang Utama (Jakarta);Rp 1.859.000;;;
BRG-137;Terima Barang di Gudang;2025-04-24 23:23:00;Gudang Utama (Jakarta);Air Purifier HEPA;Peralatan Rumah Tangga;Gudang Utama (Jakarta);;34;;
BRG-137;Tetapkan Harga Jual;2025-04-27 03:23:00;Admin Penjualan;Air Purifier HEPA;Peralatan Rumah Tangga;Gudang Utama (Jakarta);;;Rp 2.231.000;20,01%
BRG-137;Barang Siap Dijual;2025-04-27 14:23:00;Gudang Utama (Jakarta);Air Purifier HEPA;Peralatan Rumah Tangga;Gudang Utama (Jakarta);;;;
BRG-138;Pesan Barang ke Pemasok;2025-03-24 09:47:00;PT Mega Elektronik;NAS Storage 2-Bay;Peralatan Jaringan;Gudang Cabang (Medan);Rp 4.233.000;;;
BRG-138;Terima Barang di Gudang;2025-04-07 11:47:00;Gudang Cabang (Medan);NAS Storage 2-Bay;Peralatan Jaringan;Gudang Cabang (Medan);;137;;
BRG-138;Tetapkan Harga Jual;2025-04-09 15:47:00;Admin Penjualan;NAS Storage 2-Bay;Peralatan Jaringan;Gudang Cabang (Medan);;;Rp 4.913.000;16,06%
BRG-138;Barang Siap Dijual;2025-04-10 14:47:00;Gudang Cabang (Medan);NAS Storage 2-Bay;Peralatan Jaringan;Gudang Cabang (Medan);;;;
BRG-139;Pesan Barang ke Pemasok;2025-05-07 12:55:00;PT Mega Elektronik;Air Purifier HEPA;Peralatan Rumah Tangga;Gudang Cabang (Medan);Rp 1.626.000;;;
BRG-139;Terima Barang di Gudang;2025-05-18 18:55:00;Gudang Cabang (Medan);Air Purifier HEPA;Peralatan Rumah Tangga;Gudang Cabang (Medan);;38;;
BRG-139;Tetapkan Harga Jual;2025-05-18 22:55:00;Admin Penjualan;Air Purifier HEPA;Peralatan Rumah Tangga;Gudang Cabang (Medan);;;Rp 1.956.000;20,30%
BRG-139;Barang Siap Dijual;2025-05-19 01:55:00;Gudang Cabang (Medan);Air Purifier HEPA;Peralatan Rumah Tangga;Gudang Cabang (Medan);;;;
BRG-140;Pesan Barang ke Pemasok;2025-03-22 12:18:00;CV Sentosa Perkasa;Air Purifier HEPA;Peralatan Rumah Tangga;Gudang Cabang (Bandung);Rp 1.260.000;;;
BRG-140;Terima Barang di Gudang;2025-03-28 13:18:00;Gudang Cabang (Bandung);Air Purifier HEPA;Peralatan Rumah Tangga;Gudang Cabang (Bandung);;160;;
BRG-140;Tetapkan Harga Jual;2025-03-31 18:18:00;Admin Penjualan;Air Purifier HEPA;Peralatan Rumah Tangga;Gudang Cabang (Bandung);;;Rp 1.694.000;34,44%
BRG-140;Barang Siap Dijual;2025-03-31 19:18:00;Gudang Cabang (Bandung);Air Purifier HEPA;Peralatan Rumah Tangga;Gudang Cabang (Bandung);;;;
BRG-141;Pesan Barang ke Pemasok;2025-06-18 17:15:00;CV Sentosa Perkasa;Proyektor Portable;Peralatan Kantor;Gudang Utama (Jakarta);Rp 2.257.000;;;
BRG-141;Terima Barang di Gudang;2025-06-26 23:15:00;Gudang Utama (Jakarta);Proyektor Portable;Peralatan Kantor;Gudang Utama (Jakarta);;28;;
BRG-141;Tetapkan Harga Jual;2025-06-27 01:15:00;Admin Penjualan;Proyektor Portable;Peralatan Kantor;Gudang Utama (Jakarta);;;Rp 2.844.000;26,01%
BRG-141;Barang Siap Dijual;2025-06-27 18:15:00;Gudang Utama (Jakarta);Proyektor Portable;Peralatan Kantor;Gudang Utama (Jakarta);;;;
BRG-141;Peringatan Stok Rendah;2025-07-15 18:15:00;Gudang Utama (Jakarta);Proyektor Portable;Peralatan Kantor;Gudang Utama (Jakarta);;28;;
BRG-142;Pesan Barang ke Pemasok;2025-06-09 16:30:00;PT Indo Sarana;Air Purifier HEPA;Peralatan Rumah Tangga;Gudang Cabang (Surabaya);Rp 2.558.000;;;
BRG-142;Terima Barang di Gudang;2025-06-20 23:30:00;Gudang Cabang (Surabaya);Air Purifier HEPA;Peralatan Rumah Tangga;Gudang Cabang (Surabaya);;132;;
BRG-142;Tetapkan Harga Jual;2025-06-21 01:30:00;Admin Penjualan;Air Purifier HEPA;Peralatan Rumah Tangga;Gudang Cabang (Surabaya);;;Rp 3.367.000;31,63%
BRG-142;Barang Siap Dijual;2025-06-21 10:30:00;Gudang Cabang (Surabaya);Air Purifier HEPA;Peralatan Rumah Tangga;Gudang Cabang (Surabaya);;;;
BRG-143;Pesan Barang ke Pemasok;2025-05-21 10:14:00;CV Sentosa Perkasa;Access Point Enterprise;Peralatan Jaringan;Gudang Cabang (Medan);Rp 2.071.000;;;
BRG-143;Terima Barang di Gudang;2025-05-26 17:14:00;Gudang Cabang (Medan);Access Point Enterprise;Peralatan Jaringan;Gudang Cabang (Medan);;125;;
BRG-143;Tetapkan Harga Jual;2025-05-29 18:14:00;Admin Penjualan;Access Point Enterprise;Peralatan Jaringan;Gudang Cabang (Medan);;;Rp 2.727.000;31,68%
BRG-143;Barang Siap Dijual;2025-05-29 19:14:00;Gudang Cabang (Medan);Access Point Enterprise;Peralatan Jaringan;Gudang Cabang (Medan);;;;
BRG-144;Pesan Barang ke Pemasok;2025-06-11 12:05:00;CV Bina Logistik;Switch Gigabit 16-Port;Peralatan Jaringan;Gudang Cabang (Bandung);Rp 1.102.000;;;
BRG-144;Terima Barang di Gudang;2025-06-23 14:05:00;Gudang Cabang (Bandung);Switch Gigabit 16-Port;Peralatan Jaringan;Gudang Cabang (Bandung);;158;;
BRG-144;Tetapkan Harga Jual;2025-06-25 19:05:00;Admin Penjualan;Switch Gigabit 16-Port;Peralatan Jaringan;Gudang Cabang (Bandung);;;Rp 1.309.000;18,78%
BRG-144;Barang Siap Dijual;2025-06-25 20:05:00;Gudang Cabang (Bandung);Switch Gigabit 16-Port;Peralatan Jaringan;Gudang Cabang (Bandung);;;;
BRG-145;Pesan Barang ke Pemasok;2025-05-22 14:57:00;PT Mega Elektronik;Monitor 4K 27 Inch;Elektronik;Gudang Cabang (Surabaya);Rp 6.740.000;;;
BRG-145;Terima Barang di Gudang;2025-05-24 17:57:00;Gudang Cabang (Surabaya);Monitor 4K 27 Inch;Elektronik;Gudang Cabang (Surabaya);;111;;
BRG-145;Tetapkan Harga Jual;2025-05-24 21:57:00;Admin Penjualan;Monitor 4K 27 Inch;Elektronik;Gudang Cabang (Surabaya);;;Rp 8.815.000;30,79%
BRG-145;Barang Siap Dijual;2025-05-25 01:57:00;Gudang Cabang (Surabaya);Monitor 4K 27 Inch;Elektronik;Gudang Cabang (Surabaya);;;;
BRG-146;Pesan Barang ke Pemasok;2025-06-15 10:37:00;CV Bina Logistik;Monitor 4K 27 Inch;Elektronik;Gudang Cabang (Medan);Rp 6.545.000;;;
BRG-146;Terima Barang di Gudang;2025-06-23 14:37:00;Gudang Cabang (Medan);Monitor 4K 27 Inch;Elektronik;Gudang Cabang (Medan);;155;;
BRG-146;Tetapkan Harga Jual;2025-06-25 18:37:00;Admin Penjualan;Monitor 4K 27 Inch;Elektronik;Gudang Cabang (Medan);;;Rp 7.917.000;20,96%
BRG-146;Barang Siap Dijual;2025-06-26 10:37:00;Gudang Cabang (Medan);Monitor 4K 27 Inch;Elektronik;Gudang Cabang (Medan);;;;
BRG-147;Pesan Barang ke Pemasok;2025-05-01 12:09:00;CV Bina Logistik;Webcam HD 1080p;Aksesoris Komputer;Gudang Cabang (Medan);Rp 532.000;;;
BRG-147;Terima Barang di Gudang;2025-05-09 20:09:00;Gudang Cabang (Medan);Webcam HD 1080p;Aksesoris Komputer;Gudang Cabang (Medan);;90;;
BRG-147;Tetapkan Harga Jual;2025-05-11 00:09:00;Admin Penjualan;Webcam HD 1080p;Aksesoris Komputer;Gudang Cabang (Medan);;;Rp 663.000;24,62%
BRG-147;Barang Siap Dijual;2025-05-11 07:09:00;Gudang Cabang (Medan);Webcam HD 1080p;Aksesoris Komputer;Gudang Cabang (Medan);;;;
BRG-148;Pesan Barang ke Pemasok;2025-06-03 16:40:00;CV Sentosa Perkasa;Robot Vacuum Cleaner;Peralatan Rumah Tangga;Gudang Cabang (Medan);Rp 5.647.000;;;
BRG-148;Terima Barang di Gudang;2025-06-15 18:40:00;Gudang Cabang (Medan);Robot Vacuum Cleaner;Peralatan Rumah Tangga;Gudang Cabang (Medan);;183;;
BRG-148;Tetapkan Harga Jual;2025-06-15 21:40:00;Admin Penjualan;Robot Vacuum Cleaner;Peralatan Rumah Tangga;Gudang Cabang (Medan);;;Rp 6.707.000;18,77%
BRG-148;Barang Siap Dijual;2025-06-16 11:40:00;Gudang Cabang (Medan);Robot Vacuum Cleaner;Peralatan Rumah Tangga;Gudang Cabang (Medan);;;;
BRG-149;Pesan Barang ke Pemasok;2025-03-29 16:39:00;PT Indo Sarana;Webcam HD 1080p;Aksesoris Komputer;Gudang Cabang (Medan);Rp 272.000;;;
BRG-149;Terima Barang di Gudang;2025-04-03 16:39:00;Gudang Cabang (Medan);Webcam HD 1080p;Aksesoris Komputer;Gudang Cabang (Medan);;126;;
BRG-149;Tetapkan Harga Jual;2025-04-05 22:39:00;Admin Penjualan;Webcam HD 1080p;Aksesoris Komputer;Gudang Cabang (Medan);;;Rp 330.000;21,32%
BRG-149;Barang Siap Dijual;2025-04-06 08:39:00;Gudang Cabang (Medan);Webcam HD 1080p;Aksesoris Komputer;Gudang Cabang (Medan);;;;
BRG-150;Pesan Barang ke Pemasok;2025-05-31 17:53:00;CV Bina Logistik;Mesin Kopi Espresso;Peralatan Rumah Tangga;Gudang Cabang (Surabaya);Rp 3.577.000;;;
BRG-150;Terima Barang di Gudang;2025-06-12 00:53:00;Gudang Cabang (Surabaya);Mesin Kopi Espresso;Peralatan Rumah Tangga;Gudang Cabang (Surabaya);;37;;
BRG-150;Tetapkan Harga Jual;2025-06-13 04:53:00;Admin Penjualan;Mesin Kopi Espresso;Peralatan Rumah Tangga;Gudang Cabang (Surabaya);;;Rp 4.803.000;34,27%
BRG-150;Barang Siap Dijual;2025-06-13 22:53:00;Gudang Cabang (Surabaya);Mesin Kopi Espresso;Peralatan Rumah Tangga;Gudang Cabang (Surabaya);;;;
BRG-151;Pesan Barang ke Pemasok;2025-05-04 13:53:00;PT Techindo Jaya;Smart TV 55 Inch;Elektronik;Gudang Cabang (Bandung);Rp 5.836.000;;;
BRG-151;Terima Barang di Gudang;2025-05-10 21:53:00;Gudang Cabang (Bandung);Smart TV 55 Inch;Elektronik;Gudang Cabang (Bandung);;121;;
BRG-151;Tetapkan Harga Jual;2025-05-14 01:53:00;Admin Penjualan;Smart TV 55 Inch;Elektronik;Gudang Cabang (Bandung);;;Rp 7.325.000;25,51%
BRG-151;Barang Siap Dijual;2025-05-14 12:53:00;Gudang Cabang (Bandung);Smart TV 55 Inch;Elektronik;Gudang Cabang (Bandung);;;;
BRG-152;Pesan Barang ke Pemasok;2025-02-18 12:04:00;PT Mega Elektronik;Mesin Kopi Espresso;Peralatan Rumah Tangga;Gudang Cabang (Medan);Rp 1.813.000;;;
BRG-152;Terima Barang di Gudang;2025-02-28 18:04:00;Gudang Cabang (Medan);Mesin Kopi Espresso;Peralatan Rumah Tangga;Gudang Cabang (Medan);;72;;
BRG-152;Tetapkan Harga Jual;2025-03-01 22:04:00;Admin Penjualan;Mesin Kopi Espresso;Peralatan Rumah Tangga;Gudang Cabang (Medan);;;Rp 2.255.000;24,38%
BRG-152;Barang Siap Dijual;2025-03-02 00:04:00;Gudang Cabang (Medan);Mesin Kopi Espresso;Peralatan Rumah Tangga;Gudang Cabang (Medan);;;;
BRG-153;Pesan Barang ke Pemasok;2025-03-23 16:04:00;PT Mega Elektronik;Monitor 4K 27 Inch;Elektronik;Gudang Cabang (Medan);Rp 6.328.000;;;
BRG-153;Terima Barang di Gudang;2025-04-04 22:04:00;Gudang Cabang (Medan);Monitor 4K 27 Inch;Elektronik;Gudang Cabang (Medan);;102;;
BRG-153;Tetapkan Harga Jual;2025-04-08 04:04:00;Admin Penjualan;Monitor 4K 27 Inch;Elektronik;Gudang Cabang (Medan);;;Rp 8.364.000;32,17%
BRG-153;Barang Siap Dijual;2025-04-09 01:04:00;Gudang Cabang (Medan);Monitor 4K 27 Inch;Elektronik;Gudang Cabang (Medan);;;;
BRG-154;Pesan Barang ke Pemasok;2025-02-08 16:27:00;PT Mega Elektronik;Router Wi-Fi 6;Peralatan Jaringan;Gudang Cabang (Bandung);Rp 743.000;;;
BRG-154;Terima Barang di Gudang;2025-02-09 18:27:00;Gudang Cabang (Bandung);Router Wi-Fi 6;Peralatan Jaringan;Gudang Cabang (Bandung);;180;;
BRG-154;Tetapkan Harga Jual;2025-02-11 19:27:00;Admin Penjualan;Router Wi-Fi 6;Peralatan Jaringan;Gudang Cabang (Bandung);;;Rp 889.000;19,65%
BRG-154;Barang Siap Dijual;2025-02-12 10:27:00;Gudang Cabang (Bandung);Router Wi-Fi 6;Peralatan Jaringan;Gudang Cabang (Bandung);;;;
BRG-155;Pesan Barang ke Pemasok;2025-01-26 16:58:00;PT Techindo Jaya;Smart TV 55 Inch;Elektronik;Gudang Cabang (Medan);Rp 5.825.000;;;
BRG-155;Terima Barang di Gudang;2025-02-03 16:58:00;Gudang Cabang (Medan);Smart TV 55 Inch;Elektronik;Gudang Cabang (Medan);;185;;
BRG-155;Tetapkan Harga Jual;2025-02-04 20:58:00;Admin Penjualan;Smart TV 55 Inch;Elektronik;Gudang Cabang (Medan);;;Rp 7.584.000;30,20%
BRG-155;Barang Siap Dijual;2025-02-05 17:58:00;Gudang Cabang (Medan);Smart TV 55 Inch;Elektronik;Gudang Cabang (Medan);;;;
BRG-156;Pesan Barang ke Pemasok;2025-02-09 09:16:00;PT Techindo Jaya;Headset Gaming 7.1;Aksesoris Komputer;Gudang Cabang (Surabaya);Rp 330.000;;;
BRG-156;Terima Barang di Gudang;2025-02-17 13:16:00;Gudang Cabang (Surabaya);Headset Gaming 7.1;Aksesoris Komputer;Gudang Cabang (Surabaya);;208;;
BRG-156;Tetapkan Harga Jual;2025-02-19 18:16:00;Admin Penjualan;Headset Gaming 7.1;Aksesoris Komputer;Gudang Cabang (Surabaya);;;Rp 382.000;15,76%
BRG-156;Barang Siap Dijual;2025-02-20 17:16:00;Gudang Cabang (Surabaya);Headset Gaming 7.1;Aksesoris Komputer;Gudang Cabang (Surabaya);;;;
BRG-157;Pesan Barang ke Pemasok;2025-04-12 09:22:00;PT Mandiri Utama;Printer Laser Multifungsi;Peralatan Kantor;Gudang Cabang (Bandung);Rp 3.606.000;;;
BRG-157;Terima Barang di Gudang;2025-04-26 14:22:00;Gudang Cabang (Bandung);Printer Laser Multifungsi;Peralatan Kantor;Gudang Cabang (Bandung);;140;;
BRG-157;Tetapkan Harga Jual;2025-04-29 17:22:00;Admin Penjualan;Printer Laser Multifungsi;Peralatan Kantor;Gudang Cabang (Bandung);;;Rp 4.251.000;17,89%
BRG-157;Barang Siap Dijual;2025-04-30 14:22:00;Gudang Cabang (Bandung);Printer Laser Multifungsi;Peralatan Kantor;Gudang Cabang (Bandung);;;;
BRG-158;Pesan Barang ke Pemasok;2025-05-05 17:14:00;CV Bina Logistik;Keyboard Mekanikal;Aksesoris Komputer;Gudang Cabang (Bandung);Rp 482.000;;;
BRG-158;Terima Barang di Gudang;2025-05-06 18:14:00;Gudang Cabang (Bandung);Keyboard Mekanikal;Aksesoris Komputer;Gudang Cabang (Bandung);;102;;
BRG-158;Tetapkan Harga Jual;2025-05-08 00:14:00;Admin Penjualan;Keyboard Mekanikal;Aksesoris Komputer;Gudang Cabang (Bandung);;;Rp 613.000;27,18%
BRG-158;Barang Siap Dijual;2025-05-08 22:14:00;Gudang Cabang (Bandung);Keyboard Mekanikal;Aksesoris Komputer;Gudang Cabang (Bandung);;;;
BRG-159;Pesan Barang ke Pemasok;2025-03-15 11:52:00;PT Mega Elektronik;Blender High Power;Peralatan Rumah Tangga;Gudang Cabang (Medan);Rp 550.000;;;
BRG-159;Terima Barang di Gudang;2025-03-27 12:52:00;Gudang Cabang (Medan);Blender High Power;Peralatan Rumah Tangga;Gudang Cabang (Medan);;168;;
BRG-159;Tetapkan Harga Jual;2025-03-30 13:52:00;Admin Penjualan;Blender High Power;Peralatan Rumah Tangga;Gudang Cabang (Medan);;;Rp 658.000;19,64%
BRG-159;Barang Siap Dijual;2025-03-31 10:52:00;Gudang Cabang (Medan);Blender High Power;Peralatan Rumah Tangga;Gudang Cabang (Medan);;;;
BRG-160;Pesan Barang ke Pemasok;2025-06-30 09:42:00;CV Bina Logistik;Kursi Ergonomis;Peralatan Kantor;Gudang Cabang (Bandung);Rp 3.151.000;;;
BRG-160;Terima Barang di Gudang;2025-07-08 11:42:00;Gudang Cabang (Bandung);Kursi Ergonomis;Peralatan Kantor;Gudang Cabang (Bandung);;178;;
BRG-160;Tetapkan Harga Jual;2025-07-10 12:42:00;Admin Penjualan;Kursi Ergonomis;Peralatan Kantor;Gudang Cabang (Bandung);;;Rp 4.191.000;33,01%
BRG-160;Barang Siap Dijual;2025-07-10 14:42:00;Gudang Cabang (Bandung);Kursi Ergonomis;Peralatan Kantor;Gudang Cabang (Bandung);;;;
BRG-161;Pesan Barang ke Pemasok;2025-03-25 08:57:00;PT Indo Sarana;Smart TV 55 Inch;Elektronik;Gudang Cabang (Medan);Rp 7.898.000;;;
BRG-161;Terima Barang di Gudang;2025-03-30 13:57:00;Gudang Cabang (Medan);Smart TV 55 Inch;Elektronik;Gudang Cabang (Medan);;81;;
BRG-161;Tetapkan Harga Jual;2025-04-01 17:57:00;Admin Penjualan;Smart TV 55 Inch;Elektronik;Gudang Cabang (Medan);;;Rp 10.642.000;34,74%
BRG-161;Barang Siap Dijual;2025-04-01 22:57:00;Gudang Cabang (Medan);Smart TV 55 Inch;Elektronik;Gudang Cabang (Medan);;;;
BRG-162;Pesan Barang ke Pemasok;2025-03-04 17:03:00;PT Mandiri Utama;Paper Shredder Heavy-Duty;Peralatan Kantor;Gudang Utama (Jakarta);Rp 1.433.000;;;
BRG-162;Terima Barang di Gudang;2025-03-11 19:03:00;Gudang Utama (Jakarta);Paper Shredder Heavy-Duty;Peralatan Kantor;Gudang Utama (Jakarta);;103;;
BRG-162;Tetapkan Harga Jual;2025-03-12 21:03:00;Admin Penjualan;Paper Shredder Heavy-Duty;Peralatan Kantor;Gudang Utama (Jakarta);;;Rp 1.705.000;18,98%
BRG-162;Barang Siap Dijual;2025-03-13 00:03:00;Gudang Utama (Jakarta);Paper Shredder Heavy-Duty;Peralatan Kantor;Gudang Utama (Jakarta);;;;
BRG-163;Pesan Barang ke Pemasok;2025-06-06 14:31:00;PT Indo Sarana;Webcam HD 1080p;Aksesoris Komputer;Gudang Cabang (Surabaya);Rp 549.000;;;
BRG-163;Terima Barang di Gudang;2025-06-16 17:31:00;Gudang Cabang (Surabaya);Webcam HD 1080p;Aksesoris Komputer;Gudang Cabang (Surabaya);;80;;
BRG-163;Tetapkan Harga Jual;2025-06-19 22:31:00;Admin Penjualan;Webcam HD 1080p;Aksesoris Komputer;Gudang Cabang (Surabaya);;;Rp 670.000;22,04%
BRG-163;Barang Siap Dijual;2025-06-20 03:31:00;Gudang Cabang (Surabaya);Webcam HD 1080p;Aksesoris Komputer;Gudang Cabang (Surabaya);;;;
BRG-164;Pesan Barang ke Pemasok;2025-03-01 15:52:00;PT Indo Sarana;Smart TV 55 Inch;Elektronik;Gudang Utama (Jakarta);Rp 7.302.000;;;
BRG-164;Terima Barang di Gudang;2025-03-12 19:52:00;Gudang Utama (Jakarta);Smart TV 55 Inch;Elektronik;Gudang Utama (Jakarta);;226;;
BRG-164;Tetapkan Harga Jual;2025-03-15 22:52:00;Admin Penjualan;Smart TV 55 Inch;Elektronik;Gudang Utama (Jakarta);;;Rp 8.409.000;15,16%
BRG-164;Barang Siap Dijual;2025-03-16 20:52:00;Gudang Utama (Jakarta);Smart TV 55 Inch;Elektronik;Gudang Utama (Jakarta);;;;
BRG-165;Pesan Barang ke Pemasok;2025-01-03 15:56:00;CV Bina Logistik;NAS Storage 2-Bay;Peralatan Jaringan;Gudang Cabang (Surabaya);Rp 3.700.000;;;
BRG-165;Terima Barang di Gudang;2025-01-08 23:56:00;Gudang Cabang (Surabaya);NAS Storage 2-Bay;Peralatan Jaringan;Gudang Cabang (Surabaya);;63;;
BRG-165;Tetapkan Harga Jual;2025-01-10 00:56:00;Admin Penjualan;NAS Storage 2-Bay;Peralatan Jaringan;Gudang Cabang (Surabaya);;;Rp 4.829.000;30,51%
BRG-165;Barang Siap Dijual;2025-01-10 15:56:00;Gudang Cabang (Surabaya);NAS Storage 2-Bay;Peralatan Jaringan;Gudang Cabang (Surabaya);;;;
BRG-166;Pesan Barang ke Pemasok;2025-03-30 13:06:00;PT Indo Sarana;Keyboard Mekanikal;Aksesoris Komputer;Gudang Cabang (Bandung);Rp 1.051.000;;;
BRG-166;Terima Barang di Gudang;2025-04-10 19:06:00;Gudang Cabang (Bandung);Keyboard Mekanikal;Aksesoris Komputer;Gudang Cabang (Bandung);;198;;
BRG-166;Tetapkan Harga Jual;2025-04-12 23:06:00;Admin Penjualan;Keyboard Mekanikal;Aksesoris Komputer;Gudang Cabang (Bandung);;;Rp 1.261.000;19,98%
BRG-166;Barang Siap Dijual;2025-04-13 09:06:00;Gudang Cabang (Bandung);Keyboard Mekanikal;Aksesoris Komputer;Gudang Cabang (Bandung);;;;
BRG-167;Pesan Barang ke Pemasok;2025-02-20 14:33:00;CV Bina Logistik;Laptop Gaming Pro;Elektronik;Gudang Cabang (Surabaya);Rp 17.183.000;;;
BRG-167;Terima Barang di Gudang;2025-03-06 21:33:00;Gudang Cabang (Surabaya);Laptop Gaming Pro;Elektronik;Gudang Cabang (Surabaya);;13;;
BRG-167;Tetapkan Harga Jual;2025-03-06 23:33:00;Admin Penjualan;Laptop Gaming Pro;Elektronik;Gudang Cabang (Surabaya);;;Rp 22.470.000;30,77%
BRG-167;Barang Siap Dijual;2025-03-07 12:33:00;Gudang Cabang (Surabaya);Laptop Gaming Pro;Elektronik;Gudang Cabang (Surabaya);;;;
BRG-167;Peringatan Stok Rendah;2025-04-01 12:33:00;Gudang Cabang (Surabaya);Laptop Gaming Pro;Elektronik;Gudang Cabang (Surabaya);;13;;
BRG-168;Pesan Barang ke Pemasok;2025-04-02 17:48:00;CV Sentosa Perkasa;Mouse Wireless RGB;Aksesoris Komputer;Gudang Cabang (Bandung);Rp 304.000;;;
BRG-168;Terima Barang di Gudang;2025-04-07 21:48:00;Gudang Cabang (Bandung);Mouse Wireless RGB;Aksesoris Komputer;Gudang Cabang (Bandung);;111;;
BRG-168;Tetapkan Harga Jual;2025-04-08 03:48:00;Admin Penjualan;Mouse Wireless RGB;Aksesoris Komputer;Gudang Cabang (Bandung);;;Rp 369.000;21,38%
BRG-168;Barang Siap Dijual;2025-04-08 16:48:00;Gudang Cabang (Bandung);Mouse Wireless RGB;Aksesoris Komputer;Gudang Cabang (Bandung);;;;
BRG-169;Pesan Barang ke Pemasok;2025-03-12 08:08:00;PT Mega Elektronik;External SSD 1TB;Aksesoris Komputer;Gudang Cabang (Bandung);Rp 1.483.000;;;
BRG-169;Terima Barang di Gudang;2025-03-22 08:08:00;Gudang Cabang (Bandung);External SSD 1TB;Aksesoris Komputer;Gudang Cabang (Bandung);;238;;
BRG-169;Tetapkan Harga Jual;2025-03-25 11:08:00;Admin Penjualan;External SSD 1TB;Aksesoris Komputer;Gudang Cabang (Bandung);;;Rp 1.862.000;25,56%
BRG-169;Barang Siap Dijual;2025-03-25 19:08:00;Gudang Cabang (Bandung);External SSD 1TB;Aksesoris Komputer;Gudang Cabang (Bandung);;;;
BRG-170;Pesan Barang ke Pemasok;2025-06-05 14:00:00;PT Techindo Jaya;Paper Shredder Heavy-Duty;Peralatan Kantor;Gudang Cabang (Medan);Rp 1.418.000;;;
BRG-170;Terima Barang di Gudang;2025-06-09 17:00:00;Gudang Cabang (Medan);Paper Shredder Heavy-Duty;Peralatan Kantor;Gudang Cabang (Medan);;91;;
BRG-170;Tetapkan Harga Jual;2025-06-11 23:00:00;Admin Penjualan;Paper Shredder Heavy-Duty;Peralatan Kantor;Gudang Cabang (Medan);;;Rp 1.842.000;29,90%
BRG-170;Barang Siap Dijual;2025-06-12 23:00:00;Gudang Cabang (Medan);Paper Shredder Heavy-Duty;Peralatan Kantor;Gudang Cabang (Medan);;;;
BRG-171;Pesan Barang ke Pemasok;2025-06-18 10:20:00;PT Indo Sarana;Smartphone Flagship;Elektronik;Gudang Cabang (Medan);Rp 11.785.000;;;
BRG-171;Terima Barang di Gudang;2025-06-29 11:20:00;Gudang Cabang (Medan);Smartphone Flagship;Elektronik;Gudang Cabang (Medan);;190;;
BRG-171;Tetapkan Harga Jual;2025-06-29 14:20:00;Admin Penjualan;Smartphone Flagship;Elektronik;Gudang Cabang (Medan);;;Rp 15.580.000;32,20%
BRG-171;Barang Siap Dijual;2025-06-30 05:20:00;Gudang Cabang (Medan);Smartphone Flagship;Elektronik;Gudang Cabang (Medan);;;;
BRG-172;Pesan Barang ke Pemasok;2025-01-09 17:53:00;PT Mega Elektronik;Access Point Enterprise;Peralatan Jaringan;Gudang Utama (Jakarta);Rp 1.389.000;;;
BRG-172;Terima Barang di Gudang;2025-01-15 19:53:00;Gudang Utama (Jakarta);Access Point Enterprise;Peralatan Jaringan;Gudang Utama (Jakarta);;8;;
BRG-172;Tetapkan Harga Jual;2025-01-15 22:53:00;Admin Penjualan;Access Point Enterprise;Peralatan Jaringan;Gudang Utama (Jakarta);;;Rp 1.817.000;30,81%
BRG-172;Barang Siap Dijual;2025-01-16 09:53:00;Gudang Utama (Jakarta);Access Point Enterprise;Peralatan Jaringan;Gudang Utama (Jakarta);;;;
BRG-172;Peringatan Stok Rendah;2025-02-15 09:53:00;Gudang Utama (Jakarta);Access Point Enterprise;Peralatan Jaringan;Gudang Utama (Jakarta);;8;;
BRG-173;Pesan Barang ke Pemasok;2025-04-17 10:59:00;CV Bina Logistik;Robot Vacuum Cleaner;Peralatan Rumah Tangga;Gudang Cabang (Medan);Rp 4.822.000;;;
BRG-173;Terima Barang di Gudang;2025-04-21 12:59:00;Gudang Cabang (Medan);Robot Vacuum Cleaner;Peralatan Rumah Tangga;Gudang Cabang (Medan);;72;;
BRG-173;Tetapkan Harga Jual;2025-04-23 17:59:00;Admin Penjualan;Robot Vacuum Cleaner;Peralatan Rumah Tangga;Gudang Cabang (Medan);;;Rp 6.267.000;29,97%
BRG-173;Barang Siap Dijual;2025-04-24 10:59:00;Gudang Cabang (Medan);Robot Vacuum Cleaner;Peralatan Rumah Tangga;Gudang Cabang (Medan);;;;
BRG-174;Pesan Barang ke Pemasok;2025-03-11 10:48:00;CV Bina Logistik;Kursi Ergonomis;Peralatan Kantor;Gudang Cabang (Surabaya);Rp 2.180.000;;;
BRG-174;Terima Barang di Gudang;2025-03-16 17:48:00;Gudang Cabang (Surabaya);Kursi Ergonomis;Peralatan Kantor;Gudang Cabang (Surabaya);;163;;
BRG-174;Tetapkan Harga Jual;2025-03-18 23:48:00;Admin Penjualan;Kursi Ergonomis;Peralatan Kantor;Gudang Cabang (Surabaya);;;Rp 2.712.000;24,40%
BRG-174;Barang Siap Dijual;2025-03-19 10:48:00;Gudang Cabang (Surabaya);Kursi Ergonomis;Peralatan Kantor;Gudang Cabang (Surabaya);;;;
BRG-175;Pesan Barang ke Pemasok;2025-01-30 15:59:00;PT Mandiri Utama;Switch Gigabit 16-Port;Peralatan Jaringan;Gudang Cabang (Surabaya);Rp 1.379.000;;;
BRG-175;Terima Barang di Gudang;2025-02-01 17:59:00;Gudang Cabang (Surabaya);Switch Gigabit 16-Port;Peralatan Jaringan;Gudang Cabang (Surabaya);;215;;
BRG-175;Tetapkan Harga Jual;2025-02-02 23:59:00;Admin Penjualan;Switch Gigabit 16-Port;Peralatan Jaringan;Gudang Cabang (Surabaya);;;Rp 1.603.000;16,24%
BRG-175;Barang Siap Dijual;2025-02-03 23:59:00;Gudang Cabang (Surabaya);Switch Gigabit 16-Port;Peralatan Jaringan;Gudang Cabang (Surabaya);;;;
BRG-176;Pesan Barang ke Pemasok;2025-06-22 14:46:00;PT Mega Elektronik;Air Purifier HEPA;Peralatan Rumah Tangga;Gudang Cabang (Medan);Rp 1.493.000;;;
BRG-176;Terima Barang di Gudang;2025-07-06 22:46:00;Gudang Cabang (Medan);Air Purifier HEPA;Peralatan Rumah Tangga;Gudang Cabang (Medan);;14;;
BRG-176;Tetapkan Harga Jual;2025-07-08 23:46:00;Admin Penjualan;Air Purifier HEPA;Peralatan Rumah Tangga;Gudang Cabang (Medan);;;Rp 1.730.000;15,87%
BRG-176;Barang Siap Dijual;2025-07-09 12:46:00;Gudang Cabang (Medan);Air Purifier HEPA;Peralatan Rumah Tangga;Gudang Cabang (Medan);;;;
BRG-176;Peringatan Stok Rendah;2025-07-16 12:46:00;Gudang Cabang (Medan);Air Purifier HEPA;Peralatan Rumah Tangga;Gudang Cabang (Medan);;14;;
BRG-177;Pesan Barang ke Pemasok;2025-03-09 17:09:00;PT Mandiri Utama;Laptop Gaming Pro;Elektronik;Gudang Cabang (Medan);Rp 15.939.000;;;
BRG-177;Terima Barang di Gudang;2025-03-12 00:09:00;Gudang Cabang (Medan);Laptop Gaming Pro;Elektronik;Gudang Cabang (Medan);;39;;
BRG-177;Tetapkan Harga Jual;2025-03-14 06:09:00;Admin Penjualan;Laptop Gaming Pro;Elektronik;Gudang Cabang (Medan);;;Rp 21.158.000;32,74%
BRG-177;Barang Siap Dijual;2025-03-15 06:09:00;Gudang Cabang (Medan);Laptop Gaming Pro;Elektronik;Gudang Cabang (Medan);;;;
BRG-178;Pesan Barang ke Pemasok;2025-06-22 12:28:00;CV Sentosa Perkasa;Proyektor Portable;Peralatan Kantor;Gudang Cabang (Medan);Rp 3.957.000;;;
BRG-178;Terima Barang di Gudang;2025-07-02 18:28:00;Gudang Cabang (Medan);Proyektor Portable;Peralatan Kantor;Gudang Cabang (Medan);;191;;
BRG-178;Tetapkan Harga Jual;2025-07-04 19:28:00;Admin Penjualan;Proyektor Portable;Peralatan Kantor;Gudang Cabang (Medan);;;Rp 5.015.000;26,74%
BRG-178;Barang Siap Dijual;2025-07-05 17:28:00;Gudang Cabang (Medan);Proyektor Portable;Peralatan Kantor;Gudang Cabang (Medan);;;;
BRG-179;Pesan Barang ke Pemasok;2025-03-01 16:02:00;PT Mega Elektronik;Smart TV 55 Inch;Elektronik;Gudang Utama (Jakarta);Rp 10.164.000;;;
BRG-179;Terima Barang di Gudang;2025-03-03 00:02:00;Gudang Utama (Jakarta);Smart TV 55 Inch;Elektronik;Gudang Utama (Jakarta);;248;;
BRG-179;Tetapkan Harga Jual;2025-03-05 05:02:00;Admin Penjualan;Smart TV 55 Inch;Elektronik;Gudang Utama (Jakarta);;;Rp 12.518.000;23,16%
BRG-179;Barang Siap Dijual;2025-03-05 13:02:00;Gudang Utama (Jakarta);Smart TV 55 Inch;Elektronik;Gudang Utama (Jakarta);;;;
BRG-180;Pesan Barang ke Pemasok;2025-06-15 09:04:00;PT Mega Elektronik;Meja Stand-Desk Auto;Peralatan Kantor;Gudang Utama (Jakarta);Rp 4.359.000;;;
BRG-180;Terima Barang di Gudang;2025-06-26 16:04:00;Gudang Utama (Jakarta);Meja Stand-Desk Auto;Peralatan Kantor;Gudang Utama (Jakarta);;65;;
BRG-180;Tetapkan Harga Jual;2025-06-28 22:04:00;Admin Penjualan;Meja Stand-Desk Auto;Peralatan Kantor;Gudang Utama (Jakarta);;;Rp 5.400.000;23,88%
BRG-180;Barang Siap Dijual;2025-06-29 12:04:00;Gudang Utama (Jakarta);Meja Stand-Desk Auto;Peralatan Kantor;Gudang Utama (Jakarta);;;;
BRG-181;Pesan Barang ke Pemasok;2025-01-30 10:23:00;PT Mega Elektronik;Proyektor Portable;Peralatan Kantor;Gudang Cabang (Bandung);Rp 4.904.000;;;
BRG-181;Terima Barang di Gudang;2025-01-31 10:23:00;Gudang Cabang (Bandung);Proyektor Portable;Peralatan Kantor;Gudang Cabang (Bandung);;106;;
BRG-181;Tetapkan Harga Jual;2025-02-02 14:23:00;Admin Penjualan;Proyektor Portable;Peralatan Kantor;Gudang Cabang (Bandung);;;Rp 5.991.000;22,17%
BRG-181;Barang Siap Dijual;2025-02-02 18:23:00;Gudang Cabang (Bandung);Proyektor Portable;Peralatan Kantor;Gudang Cabang (Bandung);;;;
BRG-182;Pesan Barang ke Pemasok;2025-01-25 12:00:00;PT Indo Sarana;Smart TV 55 Inch;Elektronik;Gudang Utama (Jakarta);Rp 5.769.000;;;
BRG-182;Terima Barang di Gudang;2025-02-03 14:00:00;Gudang Utama (Jakarta);Smart TV 55 Inch;Elektronik;Gudang Utama (Jakarta);;169;;
BRG-182;Tetapkan Harga Jual;2025-02-06 18:00:00;Admin Penjualan;Smart TV 55 Inch;Elektronik;Gudang Utama (Jakarta);;;Rp 7.399.000;28,25%
BRG-182;Barang Siap Dijual;2025-02-07 06:00:00;Gudang Utama (Jakarta);Smart TV 55 Inch;Elektronik;Gudang Utama (Jakarta);;;;
BRG-183;Pesan Barang ke Pemasok;2025-06-21 17:13:00;CV Bina Logistik;Monitor 4K 27 Inch;Elektronik;Gudang Cabang (Bandung);Rp 4.521.000;;;
BRG-183;Terima Barang di Gudang;2025-06-28 19:13:00;Gudang Cabang (Bandung);Monitor 4K 27 Inch;Elektronik;Gudang Cabang (Bandung);;206;;
BRG-183;Tetapkan Harga Jual;2025-07-02 01:13:00;Admin Penjualan;Monitor 4K 27 Inch;Elektronik;Gudang Cabang (Bandung);;;Rp 6.093.000;34,77%
BRG-183;Barang Siap Dijual;2025-07-02 05:13:00;Gudang Cabang (Bandung);Monitor 4K 27 Inch;Elektronik;Gudang Cabang (Bandung);;;;
BRG-184;Pesan Barang ke Pemasok;2025-05-06 14:57:00;CV Sentosa Perkasa;Tablet Grafis;Elektronik;Gudang Cabang (Surabaya);Rp 3.368.000;;;
BRG-184;Terima Barang di Gudang;2025-05-11 14:57:00;Gudang Cabang (Surabaya);Tablet Grafis;Elektronik;Gudang Cabang (Surabaya);;213;;
BRG-184;Tetapkan Harga Jual;2025-05-13 16:57:00;Admin Penjualan;Tablet Grafis;Elektronik;Gudang Cabang (Surabaya);;;Rp 4.268.000;26,72%
BRG-184;Barang Siap Dijual;2025-05-14 07:57:00;Gudang Cabang (Surabaya);Tablet Grafis;Elektronik;Gudang Cabang (Surabaya);;;;
BRG-185;Pesan Barang ke Pemasok;2025-04-24 12:01:00;CV Sentosa Perkasa;External SSD 1TB;Aksesoris Komputer;Gudang Cabang (Surabaya);Rp 1.102.000;;;
BRG-185;Terima Barang di Gudang;2025-05-08 17:01:00;Gudang Cabang (Surabaya);External SSD 1TB;Aksesoris Komputer;Gudang Cabang (Surabaya);;42;;
BRG-185;Tetapkan Harga Jual;2025-05-08 23:01:00;Admin Penjualan;External SSD 1TB;Aksesoris Komputer;Gudang Cabang (Surabaya);;;Rp 1.328.000;20,51%
BRG-185;Barang Siap Dijual;2025-05-09 11:01:00;Gudang Cabang (Surabaya);External SSD 1TB;Aksesoris Komputer;Gudang Cabang (Surabaya);;;;
BRG-186;Pesan Barang ke Pemasok;2025-05-20 14:07:00;CV Sentosa Perkasa;Mouse Wireless RGB;Aksesoris Komputer;Gudang Cabang (Surabaya);Rp 163.000;;;
BRG-186;Terima Barang di Gudang;2025-05-21 20:07:00;Gudang Cabang (Surabaya);Mouse Wireless RGB;Aksesoris Komputer;Gudang Cabang (Surabaya);;96;;
BRG-186;Tetapkan Harga Jual;2025-05-23 22:07:00;Admin Penjualan;Mouse Wireless RGB;Aksesoris Komputer;Gudang Cabang (Surabaya);;;Rp 191.000;17,18%
BRG-186;Barang Siap Dijual;2025-05-24 02:07:00;Gudang Cabang (Surabaya);Mouse Wireless RGB;Aksesoris Komputer;Gudang Cabang (Surabaya);;;;
BRG-187;Pesan Barang ke Pemasok;2025-04-27 09:33:00;PT Mandiri Utama;Smartphone Flagship;Elektronik;Gudang Utama (Jakarta);Rp 12.452.000;;;
BRG-187;Terima Barang di Gudang;2025-05-08 12:33:00;Gudang Utama (Jakarta);Smartphone Flagship;Elektronik;Gudang Utama (Jakarta);;194;;
BRG-187;Tetapkan Harga Jual;2025-05-08 13:33:00;Admin Penjualan;Smartphone Flagship;Elektronik;Gudang Utama (Jakarta);;;Rp 14.450.000;16,05%
BRG-187;Barang Siap Dijual;2025-05-09 00:33:00;Gudang Utama (Jakarta);Smartphone Flagship;Elektronik;Gudang Utama (Jakarta);;;;
BRG-188;Pesan Barang ke Pemasok;2025-03-04 10:08:00;CV Bina Logistik;Smart TV 55 Inch;Elektronik;Gudang Utama (Jakarta);Rp 8.760.000;;;
BRG-188;Terima Barang di Gudang;2025-03-17 13:08:00;Gudang Utama (Jakarta);Smart TV 55 Inch;Elektronik;Gudang Utama (Jakarta);;136;;
BRG-188;Tetapkan Harga Jual;2025-03-17 18:08:00;Admin Penjualan;Smart TV 55 Inch;Elektronik;Gudang Utama (Jakarta);;;Rp 11.437.000;30,56%
BRG-188;Barang Siap Dijual;2025-03-18 01:08:00;Gudang Utama (Jakarta);Smart TV 55 Inch;Elektronik;Gudang Utama (Jakarta);;;;
BRG-189;Pesan Barang ke Pemasok;2025-05-31 11:41:00;PT Indo Sarana;Blender High Power;Peralatan Rumah Tangga;Gudang Cabang (Surabaya);Rp 632.000;;;
BRG-189;Terima Barang di Gudang;2025-06-14 14:41:00;Gudang Cabang (Surabaya);Blender High Power;Peralatan Rumah Tangga;Gudang Cabang (Surabaya);;16;;
BRG-189;Tetapkan Harga Jual;2025-06-16 16:41:00;Admin Penjualan;Blender High Power;Peralatan Rumah Tangga;Gudang Cabang (Surabaya);;;Rp 846.000;33,86%
BRG-189;Barang Siap Dijual;2025-06-17 12:41:00;Gudang Cabang (Surabaya);Blender High Power;Peralatan Rumah Tangga;Gudang Cabang (Surabaya);;;;
BRG-189;Peringatan Stok Rendah;2025-06-24 12:41:00;Gudang Cabang (Surabaya);Blender High Power;Peralatan Rumah Tangga;Gudang Cabang (Surabaya);;16;;
BRG-190;Pesan Barang ke Pemasok;2025-03-12 10:28:00;PT Mandiri Utama;Air Purifier HEPA;Peralatan Rumah Tangga;Gudang Cabang (Medan);Rp 1.327.000;;;
BRG-190;Terima Barang di Gudang;2025-03-15 18:28:00;Gudang Cabang (Medan);Air Purifier HEPA;Peralatan Rumah Tangga;Gudang Cabang (Medan);;221;;
BRG-190;Tetapkan Harga Jual;2025-03-17 20:28:00;Admin Penjualan;Air Purifier HEPA;Peralatan Rumah Tangga;Gudang Cabang (Medan);;;Rp 1.791.000;34,97%
BRG-190;Barang Siap Dijual;2025-03-18 00:28:00;Gudang Cabang (Medan);Air Purifier HEPA;Peralatan Rumah Tangga;Gudang Cabang (Medan);;;;
BRG-191;Pesan Barang ke Pemasok;2025-06-19 08:26:00;PT Techindo Jaya;Smart TV 55 Inch;Elektronik;Gudang Cabang (Surabaya);Rp 10.976.000;;;
BRG-191;Terima Barang di Gudang;2025-06-22 08:26:00;Gudang Cabang (Surabaya);Smart TV 55 Inch;Elektronik;Gudang Cabang (Surabaya);;23;;
BRG-191;Tetapkan Harga Jual;2025-06-24 10:26:00;Admin Penjualan;Smart TV 55 Inch;Elektronik;Gudang Cabang (Surabaya);;;Rp 14.619.000;33,19%
BRG-191;Barang Siap Dijual;2025-06-25 05:26:00;Gudang Cabang (Surabaya);Smart TV 55 Inch;Elektronik;Gudang Cabang (Surabaya);;;;
BRG-191;Peringatan Stok Rendah;2025-07-12 05:26:00;Gudang Cabang (Surabaya);Smart TV 55 Inch;Elektronik;Gudang Cabang (Surabaya);;23;;
BRG-192;Pesan Barang ke Pemasok;2025-01-05 10:58:00;PT Indo Sarana;Switch Gigabit 16-Port;Peralatan Jaringan;Gudang Cabang (Surabaya);Rp 768.000;;;
BRG-192;Terima Barang di Gudang;2025-01-10 10:58:00;Gudang Cabang (Surabaya);Switch Gigabit 16-Port;Peralatan Jaringan;Gudang Cabang (Surabaya);;164;;
BRG-192;Tetapkan Harga Jual;2025-01-11 16:58:00;Admin Penjualan;Switch Gigabit 16-Port;Peralatan Jaringan;Gudang Cabang (Surabaya);;;Rp 902.000;17,45%
BRG-192;Barang Siap Dijual;2025-01-12 06:58:00;Gudang Cabang (Surabaya);Switch Gigabit 16-Port;Peralatan Jaringan;Gudang Cabang (Surabaya);;;;
BRG-193;Pesan Barang ke Pemasok;2025-05-15 09:56:00;CV Bina Logistik;Blender High Power;Peralatan Rumah Tangga;Gudang Cabang (Medan);Rp 956.000;;;
BRG-193;Terima Barang di Gudang;2025-05-27 10:56:00;Gudang Cabang (Medan);Blender High Power;Peralatan Rumah Tangga;Gudang Cabang (Medan);;134;;
BRG-193;Tetapkan Harga Jual;2025-05-30 14:56:00;Admin Penjualan;Blender High Power;Peralatan Rumah Tangga;Gudang Cabang (Medan);;;Rp 1.155.000;20,82%
BRG-193;Barang Siap Dijual;2025-05-31 02:56:00;Gudang Cabang (Medan);Blender High Power;Peralatan Rumah Tangga;Gudang Cabang (Medan);;;;
BRG-194;Pesan Barang ke Pemasok;2025-05-12 09:51:00;CV Bina Logistik;Laptop Gaming Pro;Elektronik;Gudang Cabang (Bandung);Rp 22.984.000;;;
BRG-194;Terima Barang di Gudang;2025-05-20 17:51:00;Gudang Cabang (Bandung);Laptop Gaming Pro;Elektronik;Gudang Cabang (Bandung);;201;;
BRG-194;Tetapkan Harga Jual;2025-05-21 22:51:00;Admin Penjualan;Laptop Gaming Pro;Elektronik;Gudang Cabang (Bandung);;;Rp 29.423.000;28,02%
BRG-194;Barang Siap Dijual;2025-05-22 00:51:00;Gudang Cabang (Bandung);Laptop Gaming Pro;Elektronik;Gudang Cabang (Bandung);;;;
BRG-195;Pesan Barang ke Pemasok;2025-06-18 16:53:00;PT Mandiri Utama;Microwave Digital;Peralatan Rumah Tangga;Gudang Cabang (Medan);Rp 1.379.000;;;
BRG-195;Terima Barang di Gudang;2025-06-23 23:53:00;Gudang Cabang (Medan);Microwave Digital;Peralatan Rumah Tangga;Gudang Cabang (Medan);;216;;
BRG-195;Tetapkan Harga Jual;2025-06-24 00:53:00;Admin Penjualan;Microwave Digital;Peralatan Rumah Tangga;Gudang Cabang (Medan);;;Rp 1.699.000;23,21%
BRG-195;Barang Siap Dijual;2025-06-24 16:53:00;Gudang Cabang (Medan);Microwave Digital;Peralatan Rumah Tangga;Gudang Cabang (Medan);;;;
BRG-196;Pesan Barang ke Pemasok;2025-04-13 15:16:00;PT Mega Elektronik;Air Purifier HEPA;Peralatan Rumah Tangga;Gudang Cabang (Surabaya);Rp 1.855.000;;;
BRG-196;Terima Barang di Gudang;2025-04-24 16:16:00;Gudang Cabang (Surabaya);Air Purifier HEPA;Peralatan Rumah Tangga;Gudang Cabang (Surabaya);;175;;
BRG-196;Tetapkan Harga Jual;2025-04-27 22:16:00;Admin Penjualan;Air Purifier HEPA;Peralatan Rumah Tangga;Gudang Cabang (Surabaya);;;Rp 2.291.000;23,50%
BRG-196;Barang Siap Dijual;2025-04-28 13:16:00;Gudang Cabang (Surabaya);Air Purifier HEPA;Peralatan Rumah Tangga;Gudang Cabang (Surabaya);;;;
BRG-197;Pesan Barang ke Pemasok;2025-01-19 09:22:00;PT Techindo Jaya;Webcam HD 1080p;Aksesoris Komputer;Gudang Cabang (Medan);Rp 285.000;;;
BRG-197;Terima Barang di Gudang;2025-01-25 11:22:00;Gudang Cabang (Medan);Webcam HD 1080p;Aksesoris Komputer;Gudang Cabang (Medan);;26;;
BRG-197;Tetapkan Harga Jual;2025-01-25 13:22:00;Admin Penjualan;Webcam HD 1080p;Aksesoris Komputer;Gudang Cabang (Medan);;;Rp 332.000;16,49%
BRG-197;Barang Siap Dijual;2025-01-25 22:22:00;Gudang Cabang (Medan);Webcam HD 1080p;Aksesoris Komputer;Gudang Cabang (Medan);;;;
BRG-197;Peringatan Stok Rendah;2025-02-20 22:22:00;Gudang Cabang (Medan);Webcam HD 1080p;Aksesoris Komputer;Gudang Cabang (Medan);;26;;
BRG-198;Pesan Barang ke Pemasok;2025-06-12 17:59:00;CV Bina Logistik;Monitor 4K 27 Inch;Elektronik;Gudang Cabang (Surabaya);Rp 6.904.000;;;
BRG-198;Terima Barang di Gudang;2025-06-21 22:59:00;Gudang Cabang (Surabaya);Monitor 4K 27 Inch;Elektronik;Gudang Cabang (Surabaya);;20;;
BRG-198;Tetapkan Harga Jual;2025-06-25 03:59:00;Admin Penjualan;Monitor 4K 27 Inch;Elektronik;Gudang Cabang (Surabaya);;;Rp 8.119.000;17,60%
BRG-198;Barang Siap Dijual;2025-06-25 20:59:00;Gudang Cabang (Surabaya);Monitor 4K 27 Inch;Elektronik;Gudang Cabang (Surabaya);;;;
BRG-198;Peringatan Stok Rendah;2025-07-11 20:59:00;Gudang Cabang (Surabaya);Monitor 4K 27 Inch;Elektronik;Gudang Cabang (Surabaya);;20;;
BRG-199;Pesan Barang ke Pemasok;2025-04-27 16:37:00;PT Mandiri Utama;Smart TV 55 Inch;Elektronik;Gudang Utama (Jakarta);Rp 7.966.000;;;
BRG-199;Terima Barang di Gudang;2025-05-07 22:37:00;Gudang Utama (Jakarta);Smart TV 55 Inch;Elektronik;Gudang Utama (Jakarta);;245;;
BRG-199;Tetapkan Harga Jual;2025-05-08 04:37:00;Admin Penjualan;Smart TV 55 Inch;Elektronik;Gudang Utama (Jakarta);;;Rp 10.552.000;32,46%
BRG-199;Barang Siap Dijual;2025-05-08 08:37:00;Gudang Utama (Jakarta);Smart TV 55 Inch;Elektronik;Gudang Utama (Jakarta);;;;
BRG-200;Pesan Barang ke Pemasok;2025-06-17 17:24:00;CV Bina Logistik;Proyektor Portable;Peralatan Kantor;Gudang Cabang (Bandung);Rp 3.510.000;;;
BRG-200;Terima Barang di Gudang;2025-06-29 20:24:00;Gudang Cabang (Bandung);Proyektor Portable;Peralatan Kantor;Gudang Cabang (Bandung);;152;;
BRG-200;Tetapkan Harga Jual;2025-07-03 00:24:00;Admin Penjualan;Proyektor Portable;Peralatan Kantor;Gudang Cabang (Bandung);;;Rp 4.283.000;22,02%
BRG-200;Barang Siap Dijual;2025-07-03 08:24:00;Gudang Cabang (Bandung);Proyektor Portable;Peralatan Kantor;Gudang Cabang (Bandung);;;;
BRG-201;Pesan Barang ke Pemasok;2025-04-16 13:47:00;CV Bina Logistik;Webcam HD 1080p;Aksesoris Komputer;Gudang Cabang (Surabaya);Rp 367.000;;;
BRG-201;Terima Barang di Gudang;2025-04-30 20:47:00;Gudang Cabang (Surabaya);Webcam HD 1080p;Aksesoris Komputer;Gudang Cabang (Surabaya);;94;;
BRG-201;Tetapkan Harga Jual;2025-05-04 00:47:00;Admin Penjualan;Webcam HD 1080p;Aksesoris Komputer;Gudang Cabang (Surabaya);;;Rp 484.000;31,88%
BRG-201;Barang Siap Dijual;2025-05-05 00:47:00;Gudang Cabang (Surabaya);Webcam HD 1080p;Aksesoris Komputer;Gudang Cabang (Surabaya);;;;
BRG-202;Pesan Barang ke Pemasok;2025-01-25 13:20:00;CV Bina Logistik;Monitor 4K 27 Inch;Elektronik;Gudang Utama (Jakarta);Rp 5.907.000;;;
BRG-202;Terima Barang di Gudang;2025-02-01 18:20:00;Gudang Utama (Jakarta);Monitor 4K 27 Inch;Elektronik;Gudang Utama (Jakarta);;114;;
BRG-202;Tetapkan Harga Jual;2025-02-03 21:20:00;Admin Penjualan;Monitor 4K 27 Inch;Elektronik;Gudang Utama (Jakarta);;;Rp 7.060.000;19,52%
BRG-202;Barang Siap Dijual;2025-02-04 02:20:00;Gudang Utama (Jakarta);Monitor 4K 27 Inch;Elektronik;Gudang Utama (Jakarta);;;;
BRG-203;Pesan Barang ke Pemasok;2025-06-25 16:05:00;PT Mega Elektronik;Access Point Enterprise;Peralatan Jaringan;Gudang Cabang (Surabaya);Rp 1.260.000;;;
BRG-203;Terima Barang di Gudang;2025-06-27 17:05:00;Gudang Cabang (Surabaya);Access Point Enterprise;Peralatan Jaringan;Gudang Cabang (Surabaya);;184;;
BRG-203;Tetapkan Harga Jual;2025-06-27 18:05:00;Admin Penjualan;Access Point Enterprise;Peralatan Jaringan;Gudang Cabang (Surabaya);;;Rp 1.494.000;18,57%
BRG-203;Barang Siap Dijual;2025-06-28 08:05:00;Gudang Cabang (Surabaya);Access Point Enterprise;Peralatan Jaringan;Gudang Cabang (Surabaya);;;;
BRG-204;Pesan Barang ke Pemasok;2025-01-25 14:21:00;PT Indo Sarana;Kursi Ergonomis;Peralatan Kantor;Gudang Cabang (Medan);Rp 1.960.000;;;
BRG-204;Terima Barang di Gudang;2025-02-07 16:21:00;Gudang Cabang (Medan);Kursi Ergonomis;Peralatan Kantor;Gudang Cabang (Medan);;149;;
BRG-204;Tetapkan Harga Jual;2025-02-07 21:21:00;Admin Penjualan;Kursi Ergonomis;Peralatan Kantor;Gudang Cabang (Medan);;;Rp 2.594.000;32,35%
BRG-204;Barang Siap Dijual;2025-02-08 15:21:00;Gudang Cabang (Medan);Kursi Ergonomis;Peralatan Kantor;Gudang Cabang (Medan);;;;
BRG-205;Pesan Barang ke Pemasok;2025-05-24 13:37:00;CV Sentosa Perkasa;Smartphone Flagship;Elektronik;Gudang Cabang (Medan);Rp 8.514.000;;;
BRG-205;Terima Barang di Gudang;2025-06-04 14:37:00;Gudang Cabang (Medan);Smartphone Flagship;Elektronik;Gudang Cabang (Medan);;140;;
BRG-205;Tetapkan Harga Jual;2025-06-07 17:37:00;Admin Penjualan;Smartphone Flagship;Elektronik;Gudang Cabang (Medan);;;Rp 9.947.000;16,83%
BRG-205;Barang Siap Dijual;2025-06-08 15:37:00;Gudang Cabang (Medan);Smartphone Flagship;Elektronik;Gudang Cabang (Medan);;;;
BRG-206;Pesan Barang ke Pemasok;2025-04-19 08:52:00;PT Indo Sarana;Microwave Digital;Peralatan Rumah Tangga;Gudang Cabang (Surabaya);Rp 1.614.000;;;
BRG-206;Terima Barang di Gudang;2025-04-24 12:52:00;Gudang Cabang (Surabaya);Microwave Digital;Peralatan Rumah Tangga;Gudang Cabang (Surabaya);;84;;
BRG-206;Tetapkan Harga Jual;2025-04-26 13:52:00;Admin Penjualan;Microwave Digital;Peralatan Rumah Tangga;Gudang Cabang (Surabaya);;;Rp 1.906.000;18,09%
BRG-206;Barang Siap Dijual;2025-04-27 08:52:00;Gudang Cabang (Surabaya);Microwave Digital;Peralatan Rumah Tangga;Gudang Cabang (Surabaya);;;;
BRG-207;Pesan Barang ke Pemasok;2025-05-10 11:37:00;CV Bina Logistik;Router Wi-Fi 6;Peralatan Jaringan;Gudang Utama (Jakarta);Rp 710.000;;;
BRG-207;Terima Barang di Gudang;2025-05-13 18:37:00;Gudang Utama (Jakarta);Router Wi-Fi 6;Peralatan Jaringan;Gudang Utama (Jakarta);;198;;
BRG-207;Tetapkan Harga Jual;2025-05-14 19:37:00;Admin Penjualan;Router Wi-Fi 6;Peralatan Jaringan;Gudang Utama (Jakarta);;;Rp 838.000;18,03%
BRG-207;Barang Siap Dijual;2025-05-15 07:37:00;Gudang Utama (Jakarta);Router Wi-Fi 6;Peralatan Jaringan;Gudang Utama (Jakarta);;;;
BRG-208;Pesan Barang ke Pemasok;2025-05-23 14:16:00;CV Bina Logistik;Monitor 4K 27 Inch;Elektronik;Gudang Cabang (Medan);Rp 5.358.000;;;
BRG-208;Terima Barang di Gudang;2025-05-25 18:16:00;Gudang Cabang (Medan);Monitor 4K 27 Inch;Elektronik;Gudang Cabang (Medan);;129;;
BRG-208;Tetapkan Harga Jual;2025-05-26 22:16:00;Admin Penjualan;Monitor 4K 27 Inch;Elektronik;Gudang Cabang (Medan);;;Rp 6.871.000;28,24%
BRG-208;Barang Siap Dijual;2025-05-27 16:16:00;Gudang Cabang (Medan);Monitor 4K 27 Inch;Elektronik;Gudang Cabang (Medan);;;;
BRG-209;Pesan Barang ke Pemasok;2025-06-09 17:30:00;PT Mega Elektronik;Robot Vacuum Cleaner;Peralatan Rumah Tangga;Gudang Cabang (Medan);Rp 2.904.000;;;
BRG-209;Terima Barang di Gudang;2025-06-10 21:30:00;Gudang Cabang (Medan);Robot Vacuum Cleaner;Peralatan Rumah Tangga;Gudang Cabang (Medan);;34;;
BRG-209;Tetapkan Harga Jual;2025-06-10 23:30:00;Admin Penjualan;Robot Vacuum Cleaner;Peralatan Rumah Tangga;Gudang Cabang (Medan);;;Rp 3.778.000;30,10%
BRG-209;Barang Siap Dijual;2025-06-11 08:30:00;Gudang Cabang (Medan);Robot Vacuum Cleaner;Peralatan Rumah Tangga;Gudang Cabang (Medan);;;;
BRG-210;Pesan Barang ke Pemasok;2025-06-29 13:16:00;CV Bina Logistik;Monitor 4K 27 Inch;Elektronik;Gudang Cabang (Surabaya);Rp 6.344.000;;;
BRG-210;Terima Barang di Gudang;2025-07-05 18:16:00;Gudang Cabang (Surabaya);Monitor 4K 27 Inch;Elektronik;Gudang Cabang (Surabaya);;129;;
BRG-210;Tetapkan Harga Jual;2025-07-05 20:16:00;Admin Penjualan;Monitor 4K 27 Inch;Elektronik;Gudang Cabang (Surabaya);;;Rp 8.156.000;28,56%
BRG-210;Barang Siap Dijual;2025-07-06 01:16:00;Gudang Cabang (Surabaya);Monitor 4K 27 Inch;Elektronik;Gudang Cabang (Surabaya);;;;
BRG-211;Pesan Barang ke Pemasok;2025-05-25 14:50:00;PT Techindo Jaya;Smartphone Flagship;Elektronik;Gudang Cabang (Bandung);Rp 14.631.000;;;
BRG-211;Terima Barang di Gudang;2025-05-27 16:50:00;Gudang Cabang (Bandung);Smartphone Flagship;Elektronik;Gudang Cabang (Bandung);;19;;
BRG-211;Tetapkan Harga Jual;2025-05-27 17:50:00;Admin Penjualan;Smartphone Flagship;Elektronik;Gudang Cabang (Bandung);;;Rp 19.706.000;34,69%
BRG-211;Barang Siap Dijual;2025-05-28 17:50:00;Gudang Cabang (Bandung);Smartphone Flagship;Elektronik;Gudang Cabang (Bandung);;;;
BRG-211;Peringatan Stok Rendah;2025-06-20 17:50:00;Gudang Cabang (Bandung);Smartphone Flagship;Elektronik;Gudang Cabang (Bandung);;19;;
BRG-212;Pesan Barang ke Pemasok;2025-02-25 14:25:00;PT Mega Elektronik;Meja Stand-Desk Auto;Peralatan Kantor;Gudang Cabang (Surabaya);Rp 5.718.000;;;
BRG-212;Terima Barang di Gudang;2025-03-04 21:25:00;Gudang Cabang (Surabaya);Meja Stand-Desk Auto;Peralatan Kantor;Gudang Cabang (Surabaya);;70;;
BRG-212;Tetapkan Harga Jual;2025-03-06 23:25:00;Admin Penjualan;Meja Stand-Desk Auto;Peralatan Kantor;Gudang Cabang (Surabaya);;;Rp 6.732.000;17,73%
BRG-212;Barang Siap Dijual;2025-03-07 11:25:00;Gudang Cabang (Surabaya);Meja Stand-Desk Auto;Peralatan Kantor;Gudang Cabang (Surabaya);;;;
BRG-213;Pesan Barang ke Pemasok;2025-03-21 13:32:00;CV Sentosa Perkasa;Laptop Gaming Pro;Elektronik;Gudang Cabang (Medan);Rp 20.344.000;;;
BRG-213;Terima Barang di Gudang;2025-04-03 14:32:00;Gudang Cabang (Medan);Laptop Gaming Pro;Elektronik;Gudang Cabang (Medan);;49;;
BRG-213;Tetapkan Harga Jual;2025-04-03 16:32:00;Admin Penjualan;Laptop Gaming Pro;Elektronik;Gudang Cabang (Medan);;;Rp 26.435.000;29,94%
BRG-213;Barang Siap Dijual;2025-04-03 22:32:00;Gudang Cabang (Medan);Laptop Gaming Pro;Elektronik;Gudang Cabang (Medan);;;;
BRG-214;Pesan Barang ke Pemasok;2025-06-08 08:50:00;PT Mega Elektronik;Switch Gigabit 16-Port;Peralatan Jaringan;Gudang Utama (Jakarta);Rp 1.224.000;;;
BRG-214;Terima Barang di Gudang;2025-06-19 09:50:00;Gudang Utama (Jakarta);Switch Gigabit 16-Port;Peralatan Jaringan;Gudang Utama (Jakarta);;176;;
BRG-214;Tetapkan Harga Jual;2025-06-21 13:50:00;Admin Penjualan;Switch Gigabit 16-Port;Peralatan Jaringan;Gudang Utama (Jakarta);;;Rp 1.544.000;26,14%
BRG-214;Barang Siap Dijual;2025-06-22 11:50:00;Gudang Utama (Jakarta);Switch Gigabit 16-Port;Peralatan Jaringan;Gudang Utama (Jakarta);;;;
BRG-215;Pesan Barang ke Pemasok;2025-04-19 16:17:00;PT Techindo Jaya;Air Purifier HEPA;Peralatan Rumah Tangga;Gudang Cabang (Surabaya);Rp 2.114.000;;;
BRG-215;Terima Barang di Gudang;2025-04-29 23:17:00;Gudang Cabang (Surabaya);Air Purifier HEPA;Peralatan Rumah Tangga;Gudang Cabang (Surabaya);;240;;
BRG-215;Tetapkan Harga Jual;2025-05-03 02:17:00;Admin Penjualan;Air Purifier HEPA;Peralatan Rumah Tangga;Gudang Cabang (Surabaya);;;Rp 2.439.000;15,37%
BRG-215;Barang Siap Dijual;2025-05-03 09:17:00;Gudang Cabang (Surabaya);Air Purifier HEPA;Peralatan Rumah Tangga;Gudang Cabang (Surabaya);;;;
BRG-216;Pesan Barang ke Pemasok;2025-05-12 09:56:00;PT Mandiri Utama;NAS Storage 2-Bay;Peralatan Jaringan;Gudang Cabang (Surabaya);Rp 4.905.000;;;
BRG-216;Terima Barang di Gudang;2025-05-18 15:56:00;Gudang Cabang (Surabaya);NAS Storage 2-Bay;Peralatan Jaringan;Gudang Cabang (Surabaya);;168;;
BRG-216;Tetapkan Harga Jual;2025-05-18 18:56:00;Admin Penjualan;NAS Storage 2-Bay;Peralatan Jaringan;Gudang Cabang (Surabaya);;;Rp 6.037.000;23,08%
BRG-216;Barang Siap Dijual;2025-05-19 16:56:00;Gudang Cabang (Surabaya);NAS Storage 2-Bay;Peralatan Jaringan;Gudang Cabang (Surabaya);;;;
BRG-217;Pesan Barang ke Pemasok;2025-06-23 16:18:00;CV Bina Logistik;Smart TV 55 Inch;Elektronik;Gudang Cabang (Medan);Rp 5.174.000;;;
BRG-217;Terima Barang di Gudang;2025-07-02 20:18:00;Gudang Cabang (Medan);Smart TV 55 Inch;Elektronik;Gudang Cabang (Medan);;48;;
BRG-217;Tetapkan Harga Jual;2025-07-02 22:18:00;Admin Penjualan;Smart TV 55 Inch;Elektronik;Gudang Cabang (Medan);;;Rp 6.949.000;34,31%
BRG-217;Barang Siap Dijual;2025-07-03 11:18:00;Gudang Cabang (Medan);Smart TV 55 Inch;Elektronik;Gudang Cabang (Medan);;;;
BRG-218;Pesan Barang ke Pemasok;2025-06-03 08:56:00;PT Mandiri Utama;Kursi Ergonomis;Peralatan Kantor;Gudang Cabang (Medan);Rp 3.031.000;;;
BRG-218;Terima Barang di Gudang;2025-06-04 11:56:00;Gudang Cabang (Medan);Kursi Ergonomis;Peralatan Kantor;Gudang Cabang (Medan);;67;;
BRG-218;Tetapkan Harga Jual;2025-06-06 13:56:00;Admin Penjualan;Kursi Ergonomis;Peralatan Kantor;Gudang Cabang (Medan);;;Rp 3.997.000;31,87%
BRG-218;Barang Siap Dijual;2025-06-06 18:56:00;Gudang Cabang (Medan);Kursi Ergonomis;Peralatan Kantor;Gudang Cabang (Medan);;;;
BRG-219;Pesan Barang ke Pemasok;2025-03-07 12:56:00;PT Mega Elektronik;Router Wi-Fi 6;Peralatan Jaringan;Gudang Cabang (Bandung);Rp 1.429.000;;;
BRG-219;Terima Barang di Gudang;2025-03-13 13:56:00;Gudang Cabang (Bandung);Router Wi-Fi 6;Peralatan Jaringan;Gudang Cabang (Bandung);;195;;
BRG-219;Tetapkan Harga Jual;2025-03-13 17:56:00;Admin Penjualan;Router Wi-Fi 6;Peralatan Jaringan;Gudang Cabang (Bandung);;;Rp 1.892.000;32,40%
BRG-219;Barang Siap Dijual;2025-03-14 17:56:00;Gudang Cabang (Bandung);Router Wi-Fi 6;Peralatan Jaringan;Gudang Cabang (Bandung);;;;
BRG-220;Pesan Barang ke Pemasok;2025-04-21 10:59:00;CV Bina Logistik;Meja Stand-Desk Auto;Peralatan Kantor;Gudang Cabang (Bandung);Rp 2.820.000;;;
BRG-220;Terima Barang di Gudang;2025-04-24 16:59:00;Gudang Cabang (Bandung);Meja Stand-Desk Auto;Peralatan Kantor;Gudang Cabang (Bandung);;34;;
BRG-220;Tetapkan Harga Jual;2025-04-25 21:59:00;Admin Penjualan;Meja Stand-Desk Auto;Peralatan Kantor;Gudang Cabang (Bandung);;;Rp 3.530.000;25,18%
BRG-220;Barang Siap Dijual;2025-04-26 15:59:00;Gudang Cabang (Bandung);Meja Stand-Desk Auto;Peralatan Kantor;Gudang Cabang (Bandung);;;;
BRG-221;Pesan Barang ke Pemasok;2025-06-21 14:02:00;PT Mega Elektronik;Printer Laser Multifungsi;Peralatan Kantor;Gudang Cabang (Bandung);Rp 2.419.000;;;
BRG-221;Terima Barang di Gudang;2025-06-23 20:02:00;Gudang Cabang (Bandung);Printer Laser Multifungsi;Peralatan Kantor;Gudang Cabang (Bandung);;42;;
BRG-221;Tetapkan Harga Jual;2025-06-24 00:02:00;Admin Penjualan;Printer Laser Multifungsi;Peralatan Kantor;Gudang Cabang (Bandung);;;Rp 2.896.000;19,72%
BRG-221;Barang Siap Dijual;2025-06-24 01:02:00;Gudang Cabang (Bandung);Printer Laser Multifungsi;Peralatan Kantor;Gudang Cabang (Bandung);;;;
BRG-222;Pesan Barang ke Pemasok;2025-04-28 09:19:00;PT Techindo Jaya;External SSD 1TB;Aksesoris Komputer;Gudang Cabang (Bandung);Rp 1.260.000;;;
BRG-222;Terima Barang di Gudang;2025-05-12 14:19:00;Gudang Cabang (Bandung);External SSD 1TB;Aksesoris Komputer;Gudang Cabang (Bandung);;172;;
BRG-222;Tetapkan Harga Jual;2025-05-15 19:19:00;Admin Penjualan;External SSD 1TB;Aksesoris Komputer;Gudang Cabang (Bandung);;;Rp 1.640.000;30,16%
BRG-222;Barang Siap Dijual;2025-05-16 08:19:00;Gudang Cabang (Bandung);External SSD 1TB;Aksesoris Komputer;Gudang Cabang (Bandung);;;;
BRG-223;Pesan Barang ke Pemasok;2025-06-13 15:07:00;PT Indo Sarana;Microwave Digital;Peralatan Rumah Tangga;Gudang Cabang (Surabaya);Rp 2.082.000;;;
BRG-223;Terima Barang di Gudang;2025-06-18 16:07:00;Gudang Cabang (Surabaya);Microwave Digital;Peralatan Rumah Tangga;Gudang Cabang (Surabaya);;119;;
BRG-223;Tetapkan Harga Jual;2025-06-21 17:07:00;Admin Penjualan;Microwave Digital;Peralatan Rumah Tangga;Gudang Cabang (Surabaya);;;Rp 2.710.000;30,16%
BRG-223;Barang Siap Dijual;2025-06-22 04:07:00;Gudang Cabang (Surabaya);Microwave Digital;Peralatan Rumah Tangga;Gudang Cabang (Surabaya);;;;
BRG-224;Pesan Barang ke Pemasok;2025-02-13 15:51:00;PT Indo Sarana;Meja Stand-Desk Auto;Peralatan Kantor;Gudang Cabang (Surabaya);Rp 4.344.000;;;
BRG-224;Terima Barang di Gudang;2025-02-27 20:51:00;Gudang Cabang (Surabaya);Meja Stand-Desk Auto;Peralatan Kantor;Gudang Cabang (Surabaya);;118;;
BRG-224;Tetapkan Harga Jual;2025-02-28 00:51:00;Admin Penjualan;Meja Stand-Desk Auto;Peralatan Kantor;Gudang Cabang (Surabaya);;;Rp 5.054.000;16,34%
BRG-224;Barang Siap Dijual;2025-02-28 04:51:00;Gudang Cabang (Surabaya);Meja Stand-Desk Auto;Peralatan Kantor;Gudang Cabang (Surabaya);;;;
BRG-225;Pesan Barang ke Pemasok;2025-03-04 15:26:00;PT Mega Elektronik;Proyektor Portable;Peralatan Kantor;Gudang Cabang (Medan);Rp 2.435.000;;;
BRG-225;Terima Barang di Gudang;2025-03-14 21:26:00;Gudang Cabang (Medan);Proyektor Portable;Peralatan Kantor;Gudang Cabang (Medan);;23;;
BRG-225;Tetapkan Harga Jual;2025-03-15 01:26:00;Admin Penjualan;Proyektor Portable;Peralatan Kantor;Gudang Cabang (Medan);;;Rp 2.971.000;22,01%
BRG-225;Barang Siap Dijual;2025-03-15 11:26:00;Gudang Cabang (Medan);Proyektor Portable;Peralatan Kantor;Gudang Cabang (Medan);;;;
BRG-225;Peringatan Stok Rendah;2025-04-14 11:26:00;Gudang Cabang (Medan);Proyektor Portable;Peralatan Kantor;Gudang Cabang (Medan);;23;;
BRG-226;Pesan Barang ke Pemasok;2025-03-28 11:46:00;PT Techindo Jaya;Air Purifier HEPA;Peralatan Rumah Tangga;Gudang Utama (Jakarta);Rp 1.319.000;;;
BRG-226;Terima Barang di Gudang;2025-04-03 13:46:00;Gudang Utama (Jakarta);Air Purifier HEPA;Peralatan Rumah Tangga;Gudang Utama (Jakarta);;78;;
BRG-226;Tetapkan Harga Jual;2025-04-03 18:46:00;Admin Penjualan;Air Purifier HEPA;Peralatan Rumah Tangga;Gudang Utama (Jakarta);;;Rp 1.614.000;22,37%
BRG-226;Barang Siap Dijual;2025-04-04 15:46:00;Gudang Utama (Jakarta);Air Purifier HEPA;Peralatan Rumah Tangga;Gudang Utama (Jakarta);;;;
BRG-227;Pesan Barang ke Pemasok;2025-01-30 17:03:00;PT Indo Sarana;NAS Storage 2-Bay;Peralatan Jaringan;Gudang Utama (Jakarta);Rp 4.440.000;;;
BRG-227;Terima Barang di Gudang;2025-02-08 20:03:00;Gudang Utama (Jakarta);NAS Storage 2-Bay;Peralatan Jaringan;Gudang Utama (Jakarta);;249;;
BRG-227;Tetapkan Harga Jual;2025-02-10 23:03:00;Admin Penjualan;NAS Storage 2-Bay;Peralatan Jaringan;Gudang Utama (Jakarta);;;Rp 5.621.000;26,60%
BRG-227;Barang Siap Dijual;2025-02-11 23:03:00;Gudang Utama (Jakarta);NAS Storage 2-Bay;Peralatan Jaringan;Gudang Utama (Jakarta);;;;
BRG-228;Pesan Barang ke Pemasok;2025-06-15 10:31:00;PT Mandiri Utama;Blender High Power;Peralatan Rumah Tangga;Gudang Cabang (Bandung);Rp 1.083.000;;;
BRG-228;Terima Barang di Gudang;2025-06-19 11:31:00;Gudang Cabang (Bandung);Blender High Power;Peralatan Rumah Tangga;Gudang Cabang (Bandung);;159;;
BRG-228;Tetapkan Harga Jual;2025-06-20 14:31:00;Admin Penjualan;Blender High Power;Peralatan Rumah Tangga;Gudang Cabang (Bandung);;;Rp 1.286.000;18,74%
BRG-228;Barang Siap Dijual;2025-06-20 21:31:00;Gudang Cabang (Bandung);Blender High Power;Peralatan Rumah Tangga;Gudang Cabang (Bandung);;;;
BRG-229;Pesan Barang ke Pemasok;2025-02-14 10:36:00;PT Mega Elektronik;Smart TV 55 Inch;Elektronik;Gudang Utama (Jakarta);Rp 5.868.000;;;
BRG-229;Terima Barang di Gudang;2025-02-27 11:36:00;Gudang Utama (Jakarta);Smart TV 55 Inch;Elektronik;Gudang Utama (Jakarta);;219;;
BRG-229;Tetapkan Harga Jual;2025-02-28 17:36:00;Admin Penjualan;Smart TV 55 Inch;Elektronik;Gudang Utama (Jakarta);;;Rp 7.699.000;31,20%
BRG-229;Barang Siap Dijual;2025-03-01 09:36:00;Gudang Utama (Jakarta);Smart TV 55 Inch;Elektronik;Gudang Utama (Jakarta);;;;
BRG-230;Pesan Barang ke Pemasok;2025-04-29 17:37:00;PT Mandiri Utama;Switch Gigabit 16-Port;Peralatan Jaringan;Gudang Cabang (Bandung);Rp 741.000;;;
BRG-230;Terima Barang di Gudang;2025-05-13 00:37:00;Gudang Cabang (Bandung);Switch Gigabit 16-Port;Peralatan Jaringan;Gudang Cabang (Bandung);;117;;
BRG-230;Tetapkan Harga Jual;2025-05-15 06:37:00;Admin Penjualan;Switch Gigabit 16-Port;Peralatan Jaringan;Gudang Cabang (Bandung);;;Rp 888.000;19,84%
BRG-230;Barang Siap Dijual;2025-05-15 17:37:00;Gudang Cabang (Bandung);Switch Gigabit 16-Port;Peralatan Jaringan;Gudang Cabang (Bandung);;;;
BRG-231;Pesan Barang ke Pemasok;2025-02-08 15:30:00;PT Mega Elektronik;Printer Laser Multifungsi;Peralatan Kantor;Gudang Utama (Jakarta);Rp 2.986.000;;;
BRG-231;Terima Barang di Gudang;2025-02-10 22:30:00;Gudang Utama (Jakarta);Printer Laser Multifungsi;Peralatan Kantor;Gudang Utama (Jakarta);;203;;
BRG-231;Tetapkan Harga Jual;2025-02-14 04:30:00;Admin Penjualan;Printer Laser Multifungsi;Peralatan Kantor;Gudang Utama (Jakarta);;;Rp 3.665.000;22,74%
BRG-231;Barang Siap Dijual;2025-02-14 14:30:00;Gudang Utama (Jakarta);Printer Laser Multifungsi;Peralatan Kantor;Gudang Utama (Jakarta);;;;
BRG-232;Pesan Barang ke Pemasok;2025-03-12 08:57:00;PT Mandiri Utama;Kursi Ergonomis;Peralatan Kantor;Gudang Cabang (Surabaya);Rp 2.582.000;;;
BRG-232;Terima Barang di Gudang;2025-03-18 16:57:00;Gudang Cabang (Surabaya);Kursi Ergonomis;Peralatan Kantor;Gudang Cabang (Surabaya);;178;;
BRG-232;Tetapkan Harga Jual;2025-03-18 19:57:00;Admin Penjualan;Kursi Ergonomis;Peralatan Kantor;Gudang Cabang (Surabaya);;;Rp 3.018.000;16,89%
BRG-232;Barang Siap Dijual;2025-03-19 10:57:00;Gudang Cabang (Surabaya);Kursi Ergonomis;Peralatan Kantor;Gudang Cabang (Surabaya);;;;
BRG-233;Pesan Barang ke Pemasok;2025-04-26 08:38:00;PT Indo Sarana;Proyektor Portable;Peralatan Kantor;Gudang Cabang (Bandung);Rp 2.830.000;;;
BRG-233;Terima Barang di Gudang;2025-04-27 13:38:00;Gudang Cabang (Bandung);Proyektor Portable;Peralatan Kantor;Gudang Cabang (Bandung);;154;;
BRG-233;Tetapkan Harga Jual;2025-04-29 14:38:00;Admin Penjualan;Proyektor Portable;Peralatan Kantor;Gudang Cabang (Bandung);;;Rp 3.443.000;21,66%
BRG-233;Barang Siap Dijual;2025-04-30 11:38:00;Gudang Cabang (Bandung);Proyektor Portable;Peralatan Kantor;Gudang Cabang (Bandung);;;;
BRG-234;Pesan Barang ke Pemasok;2025-01-24 16:39:00;PT Techindo Jaya;Printer Laser Multifungsi;Peralatan Kantor;Gudang Cabang (Surabaya);Rp 3.443.000;;;
BRG-234;Terima Barang di Gudang;2025-01-31 23:39:00;Gudang Cabang (Surabaya);Printer Laser Multifungsi;Peralatan Kantor;Gudang Cabang (Surabaya);;186;;
BRG-234;Tetapkan Harga Jual;2025-02-01 03:39:00;Admin Penjualan;Printer Laser Multifungsi;Peralatan Kantor;Gudang Cabang (Surabaya);;;Rp 4.048.000;17,57%
BRG-234;Barang Siap Dijual;2025-02-01 22:39:00;Gudang Cabang (Surabaya);Printer Laser Multifungsi;Peralatan Kantor;Gudang Cabang (Surabaya);;;;
BRG-235;Pesan Barang ke Pemasok;2025-06-16 11:12:00;CV Sentosa Perkasa;NAS Storage 2-Bay;Peralatan Jaringan;Gudang Utama (Jakarta);Rp 5.199.000;;;
BRG-235;Terima Barang di Gudang;2025-06-22 18:12:00;Gudang Utama (Jakarta);NAS Storage 2-Bay;Peralatan Jaringan;Gudang Utama (Jakarta);;213;;
BRG-235;Tetapkan Harga Jual;2025-06-23 19:12:00;Admin Penjualan;NAS Storage 2-Bay;Peralatan Jaringan;Gudang Utama (Jakarta);;;Rp 6.802.000;30,83%
BRG-235;Barang Siap Dijual;2025-06-24 10:12:00;Gudang Utama (Jakarta);NAS Storage 2-Bay;Peralatan Jaringan;Gudang Utama (Jakarta);;;;
BRG-236;Pesan Barang ke Pemasok;2025-01-27 13:51:00;CV Sentosa Perkasa;Blender High Power;Peralatan Rumah Tangga;Gudang Cabang (Bandung);Rp 779.000;;;
BRG-236;Terima Barang di Gudang;2025-02-08 14:51:00;Gudang Cabang (Bandung);Blender High Power;Peralatan Rumah Tangga;Gudang Cabang (Bandung);;84;;
BRG-236;Tetapkan Harga Jual;2025-02-09 15:51:00;Admin Penjualan;Blender High Power;Peralatan Rumah Tangga;Gudang Cabang (Bandung);;;Rp 898.000;15,28%
BRG-236;Barang Siap Dijual;2025-02-09 23:51:00;Gudang Cabang (Bandung);Blender High Power;Peralatan Rumah Tangga;Gudang Cabang (Bandung);;;;
BRG-237;Pesan Barang ke Pemasok;2025-04-23 15:29:00;CV Sentosa Perkasa;Paper Shredder Heavy-Duty;Peralatan Kantor;Gudang Utama (Jakarta);Rp 1.202.000;;;
BRG-237;Terima Barang di Gudang;2025-05-02 23:29:00;Gudang Utama (Jakarta);Paper Shredder Heavy-Duty;Peralatan Kantor;Gudang Utama (Jakarta);;40;;
BRG-237;Tetapkan Harga Jual;2025-05-04 02:29:00;Admin Penjualan;Paper Shredder Heavy-Duty;Peralatan Kantor;Gudang Utama (Jakarta);;;Rp 1.436.000;19,47%
BRG-237;Barang Siap Dijual;2025-05-04 14:29:00;Gudang Utama (Jakarta);Paper Shredder Heavy-Duty;Peralatan Kantor;Gudang Utama (Jakarta);;;;
BRG-238;Pesan Barang ke Pemasok;2025-03-14 14:36:00;PT Indo Sarana;Kursi Ergonomis;Peralatan Kantor;Gudang Utama (Jakarta);Rp 3.329.000;;;
BRG-238;Terima Barang di Gudang;2025-03-21 19:36:00;Gudang Utama (Jakarta);Kursi Ergonomis;Peralatan Kantor;Gudang Utama (Jakarta);;218;;
BRG-238;Tetapkan Harga Jual;2025-03-22 01:36:00;Admin Penjualan;Kursi Ergonomis;Peralatan Kantor;Gudang Utama (Jakarta);;;Rp 4.341.000;30,40%
BRG-238;Barang Siap Dijual;2025-03-22 22:36:00;Gudang Utama (Jakarta);Kursi Ergonomis;Peralatan Kantor;Gudang Utama (Jakarta);;;;
BRG-239;Pesan Barang ke Pemasok;2025-03-27 09:07:00;CV Sentosa Perkasa;Proyektor Portable;Peralatan Kantor;Gudang Cabang (Bandung);Rp 2.749.000;;;
BRG-239;Terima Barang di Gudang;2025-04-02 10:07:00;Gudang Cabang (Bandung);Proyektor Portable;Peralatan Kantor;Gudang Cabang (Bandung);;44;;
BRG-239;Tetapkan Harga Jual;2025-04-05 13:07:00;Admin Penjualan;Proyektor Portable;Peralatan Kantor;Gudang Cabang (Bandung);;;Rp 3.489.000;26,92%
BRG-239;Barang Siap Dijual;2025-04-05 22:07:00;Gudang Cabang (Bandung);Proyektor Portable;Peralatan Kantor;Gudang Cabang (Bandung);;;;
BRG-240;Pesan Barang ke Pemasok;2025-06-18 10:33:00;PT Mega Elektronik;Switch Gigabit 16-Port;Peralatan Jaringan;Gudang Cabang (Bandung);Rp 1.456.000;;;
BRG-240;Terima Barang di Gudang;2025-06-24 11:33:00;Gudang Cabang (Bandung);Switch Gigabit 16-Port;Peralatan Jaringan;Gudang Cabang (Bandung);;110;;
BRG-240;Tetapkan Harga Jual;2025-06-25 14:33:00;Admin Penjualan;Switch Gigabit 16-Port;Peralatan Jaringan;Gudang Cabang (Bandung);;;Rp 1.801.000;23,70%
BRG-240;Barang Siap Dijual;2025-06-26 00:33:00;Gudang Cabang (Bandung);Switch Gigabit 16-Port;Peralatan Jaringan;Gudang Cabang (Bandung);;;;
BRG-241;Pesan Barang ke Pemasok;2025-06-17 14:41:00;PT Mandiri Utama;Blender High Power;Peralatan Rumah Tangga;Gudang Cabang (Bandung);Rp 698.000;;;
BRG-241;Terima Barang di Gudang;2025-06-20 15:41:00;Gudang Cabang (Bandung);Blender High Power;Peralatan Rumah Tangga;Gudang Cabang (Bandung);;205;;
BRG-241;Tetapkan Harga Jual;2025-06-22 20:41:00;Admin Penjualan;Blender High Power;Peralatan Rumah Tangga;Gudang Cabang (Bandung);;;Rp 907.000;29,94%
BRG-241;Barang Siap Dijual;2025-06-23 09:41:00;Gudang Cabang (Bandung);Blender High Power;Peralatan Rumah Tangga;Gudang Cabang (Bandung);;;;
BRG-242;Pesan Barang ke Pemasok;2025-06-14 13:36:00;PT Mandiri Utama;Switch Gigabit 16-Port;Peralatan Jaringan;Gudang Cabang (Bandung);Rp 1.024.000;;;
BRG-242;Terima Barang di Gudang;2025-06-28 15:36:00;Gudang Cabang (Bandung);Switch Gigabit 16-Port;Peralatan Jaringan;Gudang Cabang (Bandung);;205;;
BRG-242;Tetapkan Harga Jual;2025-06-28 21:36:00;Admin Penjualan;Switch Gigabit 16-Port;Peralatan Jaringan;Gudang Cabang (Bandung);;;Rp 1.375.000;34,28%
BRG-242;Barang Siap Dijual;2025-06-29 19:36:00;Gudang Cabang (Bandung);Switch Gigabit 16-Port;Peralatan Jaringan;Gudang Cabang (Bandung);;;;
BRG-243;Pesan Barang ke Pemasok;2025-04-19 16:40:00;PT Mandiri Utama;Proyektor Portable;Peralatan Kantor;Gudang Cabang (Medan);Rp 4.047.000;;;
BRG-243;Terima Barang di Gudang;2025-04-25 16:40:00;Gudang Cabang (Medan);Proyektor Portable;Peralatan Kantor;Gudang Cabang (Medan);;77;;
BRG-243;Tetapkan Harga Jual;2025-04-27 19:40:00;Admin Penjualan;Proyektor Portable;Peralatan Kantor;Gudang Cabang (Medan);;;Rp 5.027.000;24,22%
BRG-243;Barang Siap Dijual;2025-04-28 01:40:00;Gudang Cabang (Medan);Proyektor Portable;Peralatan Kantor;Gudang Cabang (Medan);;;;
BRG-244;Pesan Barang ke Pemasok;2025-02-24 13:49:00;PT Techindo Jaya;Keyboard Mekanikal;Aksesoris Komputer;Gudang Cabang (Medan);Rp 1.034.000;;;
BRG-244;Terima Barang di Gudang;2025-03-09 20:49:00;Gudang Cabang (Medan);Keyboard Mekanikal;Aksesoris Komputer;Gudang Cabang (Medan);;69;;
BRG-244;Tetapkan Harga Jual;2025-03-10 22:49:00;Admin Penjualan;Keyboard Mekanikal;Aksesoris Komputer;Gudang Cabang (Medan);;;Rp 1.217.000;17,70%
BRG-244;Barang Siap Dijual;2025-03-11 03:49:00;Gudang Cabang (Medan);Keyboard Mekanikal;Aksesoris Komputer;Gudang Cabang (Medan);;;;
BRG-245;Pesan Barang ke Pemasok;2025-02-09 09:19:00;PT Techindo Jaya;Proyektor Portable;Peralatan Kantor;Gudang Cabang (Surabaya);Rp 2.630.000;;;
BRG-245;Terima Barang di Gudang;2025-02-14 10:19:00;Gudang Cabang (Surabaya);Proyektor Portable;Peralatan Kantor;Gudang Cabang (Surabaya);;137;;
BRG-245;Tetapkan Harga Jual;2025-02-14 16:19:00;Admin Penjualan;Proyektor Portable;Peralatan Kantor;Gudang Cabang (Surabaya);;;Rp 3.398.000;29,20%
BRG-245;Barang Siap Dijual;2025-02-15 03:19:00;Gudang Cabang (Surabaya);Proyektor Portable;Peralatan Kantor;Gudang Cabang (Surabaya);;;;
BRG-246;Pesan Barang ke Pemasok;2025-06-08 10:14:00;CV Sentosa Perkasa;Smartphone Flagship;Elektronik;Gudang Cabang (Medan);Rp 12.576.000;;;
BRG-246;Terima Barang di Gudang;2025-06-18 16:14:00;Gudang Cabang (Medan);Smartphone Flagship;Elektronik;Gudang Cabang (Medan);;136;;
BRG-246;Tetapkan Harga Jual;2025-06-19 18:14:00;Admin Penjualan;Smartphone Flagship;Elektronik;Gudang Cabang (Medan);;;Rp 15.592.000;23,98%
BRG-246;Barang Siap Dijual;2025-06-20 00:14:00;Gudang Cabang (Medan);Smartphone Flagship;Elektronik;Gudang Cabang (Medan);;;;
BRG-247;Pesan Barang ke Pemasok;2025-06-27 10:49:00;PT Techindo Jaya;Smartphone Flagship;Elektronik;Gudang Cabang (Medan);Rp 15.568.000;;;
BRG-247;Terima Barang di Gudang;2025-07-09 17:49:00;Gudang Cabang (Medan);Smartphone Flagship;Elektronik;Gudang Cabang (Medan);;243;;
BRG-247;Tetapkan Harga Jual;2025-07-09 21:49:00;Admin Penjualan;Smartphone Flagship;Elektronik;Gudang Cabang (Medan);;;Rp 20.657.000;32,69%
BRG-247;Barang Siap Dijual;2025-07-10 09:49:00;Gudang Cabang (Medan);Smartphone Flagship;Elektronik;Gudang Cabang (Medan);;;;
BRG-248;Pesan Barang ke Pemasok;2025-06-23 12:03:00;PT Techindo Jaya;Smart TV 55 Inch;Elektronik;Gudang Cabang (Surabaya);Rp 9.211.000;;;
BRG-248;Terima Barang di Gudang;2025-07-01 16:03:00;Gudang Cabang (Surabaya);Smart TV 55 Inch;Elektronik;Gudang Cabang (Surabaya);;103;;
BRG-248;Tetapkan Harga Jual;2025-07-04 18:03:00;Admin Penjualan;Smart TV 55 Inch;Elektronik;Gudang Cabang (Surabaya);;;Rp 11.281.000;22,47%
BRG-248;Barang Siap Dijual;2025-07-05 12:03:00;Gudang Cabang (Surabaya);Smart TV 55 Inch;Elektronik;Gudang Cabang (Surabaya);;;;
BRG-249;Pesan Barang ke Pemasok;2025-03-03 13:16:00;PT Indo Sarana;Mouse Wireless RGB;Aksesoris Komputer;Gudang Cabang (Surabaya);Rp 317.000;;;
BRG-249;Terima Barang di Gudang;2025-03-16 20:16:00;Gudang Cabang (Surabaya);Mouse Wireless RGB;Aksesoris Komputer;Gudang Cabang (Surabaya);;219;;
BRG-249;Tetapkan Harga Jual;2025-03-17 23:16:00;Admin Penjualan;Mouse Wireless RGB;Aksesoris Komputer;Gudang Cabang (Surabaya);;;Rp 423.000;33,44%
BRG-249;Barang Siap Dijual;2025-03-18 21:16:00;Gudang Cabang (Surabaya);Mouse Wireless RGB;Aksesoris Komputer;Gudang Cabang (Surabaya);;;;
BRG-250;Pesan Barang ke Pemasok;2025-05-27 15:31:00;PT Mandiri Utama;Keyboard Mekanikal;Aksesoris Komputer;Gudang Cabang (Bandung);Rp 440.000;;;
BRG-250;Terima Barang di Gudang;2025-06-04 19:31:00;Gudang Cabang (Bandung);Keyboard Mekanikal;Aksesoris Komputer;Gudang Cabang (Bandung);;217;;
BRG-250;Tetapkan Harga Jual;2025-06-08 00:31:00;Admin Penjualan;Keyboard Mekanikal;Aksesoris Komputer;Gudang Cabang (Bandung);;;Rp 531.000;20,68%
BRG-250;Barang Siap Dijual;2025-06-08 17:31:00;Gudang Cabang (Bandung);Keyboard Mekanikal;Aksesoris Komputer;Gudang Cabang (Bandung);;;;
BRG-251;Pesan Barang ke Pemasok;2025-04-18 10:45:00;PT Techindo Jaya;Microwave Digital;Peralatan Rumah Tangga;Gudang Cabang (Surabaya);Rp 2.190.000;;;
BRG-251;Terima Barang di Gudang;2025-05-02 13:45:00;Gudang Cabang (Surabaya);Microwave Digital;Peralatan Rumah Tangga;Gudang Cabang (Surabaya);;25;;
BRG-251;Tetapkan Harga Jual;2025-05-03 16:45:00;Admin Penjualan;Microwave Digital;Peralatan Rumah Tangga;Gudang Cabang (Surabaya);;;Rp 2.520.000;15,07%
BRG-251;Barang Siap Dijual;2025-05-03 18:45:00;Gudang Cabang (Surabaya);Microwave Digital;Peralatan Rumah Tangga;Gudang Cabang (Surabaya);;;;
BRG-251;Peringatan Stok Rendah;2025-05-30 18:45:00;Gudang Cabang (Surabaya);Microwave Digital;Peralatan Rumah Tangga;Gudang Cabang (Surabaya);;25;;
BRG-252;Pesan Barang ke Pemasok;2025-05-04 14:20:00;CV Bina Logistik;Keyboard Mekanikal;Aksesoris Komputer;Gudang Cabang (Medan);Rp 975.000;;;
BRG-252;Terima Barang di Gudang;2025-05-13 15:20:00;Gudang Cabang (Medan);Keyboard Mekanikal;Aksesoris Komputer;Gudang Cabang (Medan);;160;;
BRG-252;Tetapkan Harga Jual;2025-05-13 18:20:00;Admin Penjualan;Keyboard Mekanikal;Aksesoris Komputer;Gudang Cabang (Medan);;;Rp 1.304.000;33,74%
BRG-252;Barang Siap Dijual;2025-05-13 21:20:00;Gudang Cabang (Medan);Keyboard Mekanikal;Aksesoris Komputer;Gudang Cabang (Medan);;;;
BRG-253;Pesan Barang ke Pemasok;2025-02-11 12:39:00;CV Sentosa Perkasa;Monitor 4K 27 Inch;Elektronik;Gudang Cabang (Medan);Rp 4.496.000;;;
BRG-253;Terima Barang di Gudang;2025-02-19 20:39:00;Gudang Cabang (Medan);Monitor 4K 27 Inch;Elektronik;Gudang Cabang (Medan);;17;;
BRG-253;Tetapkan Harga Jual;2025-02-21 00:39:00;Admin Penjualan;Monitor 4K 27 Inch;Elektronik;Gudang Cabang (Medan);;;Rp 5.441.000;21,02%
BRG-253;Barang Siap Dijual;2025-02-21 03:39:00;Gudang Cabang (Medan);Monitor 4K 27 Inch;Elektronik;Gudang Cabang (Medan);;;;
BRG-253;Peringatan Stok Rendah;2025-03-07 03:39:00;Gudang Cabang (Medan);Monitor 4K 27 Inch;Elektronik;Gudang Cabang (Medan);;17;;
BRG-254;Pesan Barang ke Pemasok;2025-04-26 13:57:00;PT Mandiri Utama;NAS Storage 2-Bay;Peralatan Jaringan;Gudang Utama (Jakarta);Rp 2.763.000;;;
BRG-254;Terima Barang di Gudang;2025-04-27 19:57:00;Gudang Utama (Jakarta);NAS Storage 2-Bay;Peralatan Jaringan;Gudang Utama (Jakarta);;236;;
BRG-254;Tetapkan Harga Jual;2025-04-27 23:57:00;Admin Penjualan;NAS Storage 2-Bay;Peralatan Jaringan;Gudang Utama (Jakarta);;;Rp 3.238.000;17,19%
BRG-254;Barang Siap Dijual;2025-04-28 16:57:00;Gudang Utama (Jakarta);NAS Storage 2-Bay;Peralatan Jaringan;Gudang Utama (Jakarta);;;;
BRG-255;Pesan Barang ke Pemasok;2025-04-06 12:01:00;PT Techindo Jaya;Switch Gigabit 16-Port;Peralatan Jaringan;Gudang Cabang (Surabaya);Rp 1.453.000;;;
BRG-255;Terima Barang di Gudang;2025-04-13 13:01:00;Gudang Cabang (Surabaya);Switch Gigabit 16-Port;Peralatan Jaringan;Gudang Cabang (Surabaya);;114;;
BRG-255;Tetapkan Harga Jual;2025-04-15 15:01:00;Admin Penjualan;Switch Gigabit 16-Port;Peralatan Jaringan;Gudang Cabang (Surabaya);;;Rp 1.712.000;17,83%
BRG-255;Barang Siap Dijual;2025-04-15 16:01:00;Gudang Cabang (Surabaya);Switch Gigabit 16-Port;Peralatan Jaringan;Gudang Cabang (Surabaya);;;;
BRG-256;Pesan Barang ke Pemasok;2025-03-23 09:41:00;PT Techindo Jaya;External SSD 1TB;Aksesoris Komputer;Gudang Cabang (Surabaya);Rp 1.536.000;;;
BRG-256;Terima Barang di Gudang;2025-04-06 14:41:00;Gudang Cabang (Surabaya);External SSD 1TB;Aksesoris Komputer;Gudang Cabang (Surabaya);;176;;
BRG-256;Tetapkan Harga Jual;2025-04-07 16:41:00;Admin Penjualan;External SSD 1TB;Aksesoris Komputer;Gudang Cabang (Surabaya);;;Rp 1.823.000;18,68%
BRG-256;Barang Siap Dijual;2025-04-07 18:41:00;Gudang Cabang (Surabaya);External SSD 1TB;Aksesoris Komputer;Gudang Cabang (Surabaya);;;;
BRG-257;Pesan Barang ke Pemasok;2025-03-15 16:03:00;CV Bina Logistik;Tablet Grafis;Elektronik;Gudang Utama (Jakarta);Rp 4.782.000;;;
BRG-257;Terima Barang di Gudang;2025-03-27 18:03:00;Gudang Utama (Jakarta);Tablet Grafis;Elektronik;Gudang Utama (Jakarta);;134;;
BRG-257;Tetapkan Harga Jual;2025-03-30 22:03:00;Admin Penjualan;Tablet Grafis;Elektronik;Gudang Utama (Jakarta);;;Rp 5.984.000;25,14%
BRG-257;Barang Siap Dijual;2025-03-31 18:03:00;Gudang Utama (Jakarta);Tablet Grafis;Elektronik;Gudang Utama (Jakarta);;;;
BRG-258;Pesan Barang ke Pemasok;2025-01-02 09:21:00;PT Mega Elektronik;Microwave Digital;Peralatan Rumah Tangga;Gudang Utama (Jakarta);Rp 991.000;;;
BRG-258;Terima Barang di Gudang;2025-01-03 13:21:00;Gudang Utama (Jakarta);Microwave Digital;Peralatan Rumah Tangga;Gudang Utama (Jakarta);;100;;
BRG-258;Tetapkan Harga Jual;2025-01-04 15:21:00;Admin Penjualan;Microwave Digital;Peralatan Rumah Tangga;Gudang Utama (Jakarta);;;Rp 1.265.000;27,65%
BRG-258;Barang Siap Dijual;2025-01-05 09:21:00;Gudang Utama (Jakarta);Microwave Digital;Peralatan Rumah Tangga;Gudang Utama (Jakarta);;;;
BRG-259;Pesan Barang ke Pemasok;2025-06-05 17:00:00;PT Indo Sarana;Kursi Ergonomis;Peralatan Kantor;Gudang Utama (Jakarta);Rp 2.646.000;;;
BRG-259;Terima Barang di Gudang;2025-06-12 18:00:00;Gudang Utama (Jakarta);Kursi Ergonomis;Peralatan Kantor;Gudang Utama (Jakarta);;173;;
BRG-259;Tetapkan Harga Jual;2025-06-14 20:00:00;Admin Penjualan;Kursi Ergonomis;Peralatan Kantor;Gudang Utama (Jakarta);;;Rp 3.170.000;19,80%
BRG-259;Barang Siap Dijual;2025-06-15 06:00:00;Gudang Utama (Jakarta);Kursi Ergonomis;Peralatan Kantor;Gudang Utama (Jakarta);;;;
BRG-260;Pesan Barang ke Pemasok;2025-02-01 08:48:00;PT Mega Elektronik;Access Point Enterprise;Peralatan Jaringan;Gudang Cabang (Bandung);Rp 1.479.000;;;
BRG-260;Terima Barang di Gudang;2025-02-05 14:48:00;Gudang Cabang (Bandung);Access Point Enterprise;Peralatan Jaringan;Gudang Cabang (Bandung);;144;;
BRG-260;Tetapkan Harga Jual;2025-02-08 15:48:00;Admin Penjualan;Access Point Enterprise;Peralatan Jaringan;Gudang Cabang (Bandung);;;Rp 1.713.000;15,82%
BRG-260;Barang Siap Dijual;2025-02-08 19:48:00;Gudang Cabang (Bandung);Access Point Enterprise;Peralatan Jaringan;Gudang Cabang (Bandung);;;;
BRG-261;Pesan Barang ke Pemasok;2025-05-08 17:08:00;PT Indo Sarana;Microwave Digital;Peralatan Rumah Tangga;Gudang Cabang (Medan);Rp 1.282.000;;;
BRG-261;Terima Barang di Gudang;2025-05-10 01:08:00;Gudang Cabang (Medan);Microwave Digital;Peralatan Rumah Tangga;Gudang Cabang (Medan);;21;;
BRG-261;Tetapkan Harga Jual;2025-05-11 07:08:00;Admin Penjualan;Microwave Digital;Peralatan Rumah Tangga;Gudang Cabang (Medan);;;Rp 1.682.000;31,20%
BRG-261;Barang Siap Dijual;2025-05-11 12:08:00;Gudang Cabang (Medan);Microwave Digital;Peralatan Rumah Tangga;Gudang Cabang (Medan);;;;
BRG-261;Peringatan Stok Rendah;2025-05-27 12:08:00;Gudang Cabang (Medan);Microwave Digital;Peralatan Rumah Tangga;Gudang Cabang (Medan);;21;;
BRG-262;Pesan Barang ke Pemasok;2025-04-20 08:01:00;PT Techindo Jaya;Monitor 4K 27 Inch;Elektronik;Gudang Cabang (Surabaya);Rp 4.345.000;;;
BRG-262;Terima Barang di Gudang;2025-04-30 13:01:00;Gudang Cabang (Surabaya);Monitor 4K 27 Inch;Elektronik;Gudang Cabang (Surabaya);;56;;
BRG-262;Tetapkan Harga Jual;2025-05-01 18:01:00;Admin Penjualan;Monitor 4K 27 Inch;Elektronik;Gudang Cabang (Surabaya);;;Rp 5.034.000;15,86%
BRG-262;Barang Siap Dijual;2025-05-02 08:01:00;Gudang Cabang (Surabaya);Monitor 4K 27 Inch;Elektronik;Gudang Cabang (Surabaya);;;;
BRG-263;Pesan Barang ke Pemasok;2025-02-17 09:27:00;PT Mandiri Utama;Proyektor Portable;Peralatan Kantor;Gudang Cabang (Surabaya);Rp 3.870.000;;;
BRG-263;Terima Barang di Gudang;2025-02-26 14:27:00;Gudang Cabang (Surabaya);Proyektor Portable;Peralatan Kantor;Gudang Cabang (Surabaya);;144;;
BRG-263;Tetapkan Harga Jual;2025-02-26 19:27:00;Admin Penjualan;Proyektor Portable;Peralatan Kantor;Gudang Cabang (Surabaya);;;Rp 5.216.000;34,78%
BRG-263;Barang Siap Dijual;2025-02-27 13:27:00;Gudang Cabang (Surabaya);Proyektor Portable;Peralatan Kantor;Gudang Cabang (Surabaya);;;;
BRG-264;Pesan Barang ke Pemasok;2025-05-10 16:39:00;PT Techindo Jaya;Smartphone Flagship;Elektronik;Gudang Cabang (Surabaya);Rp 12.800.000;;;
BRG-264;Terima Barang di Gudang;2025-05-19 16:39:00;Gudang Cabang (Surabaya);Smartphone Flagship;Elektronik;Gudang Cabang (Surabaya);;204;;
BRG-264;Tetapkan Harga Jual;2025-05-22 20:39:00;Admin Penjualan;Smartphone Flagship;Elektronik;Gudang Cabang (Surabaya);;;Rp 15.633.000;22,13%
BRG-264;Barang Siap Dijual;2025-05-22 22:39:00;Gudang Cabang (Surabaya);Smartphone Flagship;Elektronik;Gudang Cabang (Surabaya);;;;
BRG-265;Pesan Barang ke Pemasok;2025-06-12 14:36:00;PT Indo Sarana;Kursi Ergonomis;Peralatan Kantor;Gudang Cabang (Medan);Rp 2.743.000;;;
BRG-265;Terima Barang di Gudang;2025-06-18 18:36:00;Gudang Cabang (Medan);Kursi Ergonomis;Peralatan Kantor;Gudang Cabang (Medan);;107;;
BRG-265;Tetapkan Harga Jual;2025-06-18 21:36:00;Admin Penjualan;Kursi Ergonomis;Peralatan Kantor;Gudang Cabang (Medan);;;Rp 3.394.000;23,73%
BRG-265;Barang Siap Dijual;2025-06-19 00:36:00;Gudang Cabang (Medan);Kursi Ergonomis;Peralatan Kantor;Gudang Cabang (Medan);;;;
BRG-266;Pesan Barang ke Pemasok;2025-03-30 12:06:00;PT Mega Elektronik;Robot Vacuum Cleaner;Peralatan Rumah Tangga;Gudang Cabang (Surabaya);Rp 2.783.000;;;
BRG-266;Terima Barang di Gudang;2025-04-11 13:06:00;Gudang Cabang (Surabaya);Robot Vacuum Cleaner;Peralatan Rumah Tangga;Gudang Cabang (Surabaya);;132;;
BRG-266;Tetapkan Harga Jual;2025-04-13 15:06:00;Admin Penjualan;Robot Vacuum Cleaner;Peralatan Rumah Tangga;Gudang Cabang (Surabaya);;;Rp 3.476.000;24,90%
BRG-266;Barang Siap Dijual;2025-04-13 17:06:00;Gudang Cabang (Surabaya);Robot Vacuum Cleaner;Peralatan Rumah Tangga;Gudang Cabang (Surabaya);;;;
BRG-267;Pesan Barang ke Pemasok;2025-04-01 17:19:00;CV Sentosa Perkasa;Smart TV 55 Inch;Elektronik;Gudang Cabang (Surabaya);Rp 5.662.000;;;
BRG-267;Terima Barang di Gudang;2025-04-07 19:19:00;Gudang Cabang (Surabaya);Smart TV 55 Inch;Elektronik;Gudang Cabang (Surabaya);;215;;
BRG-267;Tetapkan Harga Jual;2025-04-11 01:19:00;Admin Penjualan;Smart TV 55 Inch;Elektronik;Gudang Cabang (Surabaya);;;Rp 6.998.000;23,60%
BRG-267;Barang Siap Dijual;2025-04-11 17:19:00;Gudang Cabang (Surabaya);Smart TV 55 Inch;Elektronik;Gudang Cabang (Surabaya);;;;
BRG-268;Pesan Barang ke Pemasok;2025-06-11 11:06:00;PT Mega Elektronik;Kursi Ergonomis;Peralatan Kantor;Gudang Cabang (Medan);Rp 1.535.000;;;
BRG-268;Terima Barang di Gudang;2025-06-24 13:06:00;Gudang Cabang (Medan);Kursi Ergonomis;Peralatan Kantor;Gudang Cabang (Medan);;80;;
BRG-268;Tetapkan Harga Jual;2025-06-24 19:06:00;Admin Penjualan;Kursi Ergonomis;Peralatan Kantor;Gudang Cabang (Medan);;;Rp 1.865.000;21,50%
BRG-268;Barang Siap Dijual;2025-06-25 10:06:00;Gudang Cabang (Medan);Kursi Ergonomis;Peralatan Kantor;Gudang Cabang (Medan);;;;
BRG-269;Pesan Barang ke Pemasok;2025-01-10 13:00:00;PT Mandiri Utama;NAS Storage 2-Bay;Peralatan Jaringan;Gudang Utama (Jakarta);Rp 3.198.000;;;
BRG-269;Terima Barang di Gudang;2025-01-14 13:00:00;Gudang Utama (Jakarta);NAS Storage 2-Bay;Peralatan Jaringan;Gudang Utama (Jakarta);;94;;
BRG-269;Tetapkan Harga Jual;2025-01-15 14:00:00;Admin Penjualan;NAS Storage 2-Bay;Peralatan Jaringan;Gudang Utama (Jakarta);;;Rp 4.118.000;28,77%
BRG-269;Barang Siap Dijual;2025-01-16 01:00:00;Gudang Utama (Jakarta);NAS Storage 2-Bay;Peralatan Jaringan;Gudang Utama (Jakarta);;;;
BRG-270;Pesan Barang ke Pemasok;2025-03-21 16:47:00;PT Techindo Jaya;Proyektor Portable;Peralatan Kantor;Gudang Utama (Jakarta);Rp 4.024.000;;;
BRG-270;Terima Barang di Gudang;2025-03-29 00:47:00;Gudang Utama (Jakarta);Proyektor Portable;Peralatan Kantor;Gudang Utama (Jakarta);;207;;
BRG-270;Tetapkan Harga Jual;2025-04-01 03:47:00;Admin Penjualan;Proyektor Portable;Peralatan Kantor;Gudang Utama (Jakarta);;;Rp 4.848.000;20,48%
BRG-270;Barang Siap Dijual;2025-04-01 05:47:00;Gudang Utama (Jakarta);Proyektor Portable;Peralatan Kantor;Gudang Utama (Jakarta);;;;
BRG-271;Pesan Barang ke Pemasok;2025-06-15 11:15:00;CV Sentosa Perkasa;Robot Vacuum Cleaner;Peralatan Rumah Tangga;Gudang Utama (Jakarta);Rp 4.152.000;;;
BRG-271;Terima Barang di Gudang;2025-06-20 16:15:00;Gudang Utama (Jakarta);Robot Vacuum Cleaner;Peralatan Rumah Tangga;Gudang Utama (Jakarta);;178;;
BRG-271;Tetapkan Harga Jual;2025-06-20 22:15:00;Admin Penjualan;Robot Vacuum Cleaner;Peralatan Rumah Tangga;Gudang Utama (Jakarta);;;Rp 5.440.000;31,02%
BRG-271;Barang Siap Dijual;2025-06-21 09:15:00;Gudang Utama (Jakarta);Robot Vacuum Cleaner;Peralatan Rumah Tangga;Gudang Utama (Jakarta);;;;
BRG-272;Pesan Barang ke Pemasok;2025-03-11 10:07:00;CV Sentosa Perkasa;External SSD 1TB;Aksesoris Komputer;Gudang Cabang (Surabaya);Rp 1.559.000;;;
BRG-272;Terima Barang di Gudang;2025-03-24 15:07:00;Gudang Cabang (Surabaya);External SSD 1TB;Aksesoris Komputer;Gudang Cabang (Surabaya);;22;;
BRG-272;Tetapkan Harga Jual;2025-03-27 19:07:00;Admin Penjualan;External SSD 1TB;Aksesoris Komputer;Gudang Cabang (Surabaya);;;Rp 1.803.000;15,65%
BRG-272;Barang Siap Dijual;2025-03-28 19:07:00;Gudang Cabang (Surabaya);External SSD 1TB;Aksesoris Komputer;Gudang Cabang (Surabaya);;;;
BRG-272;Peringatan Stok Rendah;2025-04-18 19:07:00;Gudang Cabang (Surabaya);External SSD 1TB;Aksesoris Komputer;Gudang Cabang (Surabaya);;22;;
BRG-273;Pesan Barang ke Pemasok;2025-04-09 13:47:00;PT Indo Sarana;Paper Shredder Heavy-Duty;Peralatan Kantor;Gudang Cabang (Medan);Rp 1.989.000;;;
BRG-273;Terima Barang di Gudang;2025-04-12 20:47:00;Gudang Cabang (Medan);Paper Shredder Heavy-Duty;Peralatan Kantor;Gudang Cabang (Medan);;44;;
BRG-273;Tetapkan Harga Jual;2025-04-15 23:47:00;Admin Penjualan;Paper Shredder Heavy-Duty;Peralatan Kantor;Gudang Cabang (Medan);;;Rp 2.300.000;15,64%
BRG-273;Barang Siap Dijual;2025-04-16 16:47:00;Gudang Cabang (Medan);Paper Shredder Heavy-Duty;Peralatan Kantor;Gudang Cabang (Medan);;;;
BRG-274;Pesan Barang ke Pemasok;2025-03-10 09:24:00;CV Sentosa Perkasa;Printer Laser Multifungsi;Peralatan Kantor;Gudang Cabang (Surabaya);Rp 3.662.000;;;
BRG-274;Terima Barang di Gudang;2025-03-22 15:24:00;Gudang Cabang (Surabaya);Printer Laser Multifungsi;Peralatan Kantor;Gudang Cabang (Surabaya);;151;;
BRG-274;Tetapkan Harga Jual;2025-03-22 19:24:00;Admin Penjualan;Printer Laser Multifungsi;Peralatan Kantor;Gudang Cabang (Surabaya);;;Rp 4.770.000;30,26%
BRG-274;Barang Siap Dijual;2025-03-23 15:24:00;Gudang Cabang (Surabaya);Printer Laser Multifungsi;Peralatan Kantor;Gudang Cabang (Surabaya);;;;
BRG-275;Pesan Barang ke Pemasok;2025-02-16 17:18:00;PT Techindo Jaya;Robot Vacuum Cleaner;Peralatan Rumah Tangga;Gudang Utama (Jakarta);Rp 4.724.000;;;
BRG-275;Terima Barang di Gudang;2025-02-21 22:18:00;Gudang Utama (Jakarta);Robot Vacuum Cleaner;Peralatan Rumah Tangga;Gudang Utama (Jakarta);;250;;
BRG-275;Tetapkan Harga Jual;2025-02-21 23:18:00;Admin Penjualan;Robot Vacuum Cleaner;Peralatan Rumah Tangga;Gudang Utama (Jakarta);;;Rp 5.695.000;20,55%
BRG-275;Barang Siap Dijual;2025-02-22 10:18:00;Gudang Utama (Jakarta);Robot Vacuum Cleaner;Peralatan Rumah Tangga;Gudang Utama (Jakarta);;;;
BRG-276;Pesan Barang ke Pemasok;2025-06-19 13:02:00;PT Techindo Jaya;Webcam HD 1080p;Aksesoris Komputer;Gudang Cabang (Surabaya);Rp 521.000;;;
BRG-276;Terima Barang di Gudang;2025-06-24 20:02:00;Gudang Cabang (Surabaya);Webcam HD 1080p;Aksesoris Komputer;Gudang Cabang (Surabaya);;148;;
BRG-276;Tetapkan Harga Jual;2025-06-27 22:02:00;Admin Penjualan;Webcam HD 1080p;Aksesoris Komputer;Gudang Cabang (Surabaya);;;Rp 639.000;22,65%
BRG-276;Barang Siap Dijual;2025-06-28 21:02:00;Gudang Cabang (Surabaya);Webcam HD 1080p;Aksesoris Komputer;Gudang Cabang (Surabaya);;;;
BRG-277;Pesan Barang ke Pemasok;2025-04-24 13:59:00;PT Indo Sarana;Paper Shredder Heavy-Duty;Peralatan Kantor;Gudang Cabang (Medan);Rp 1.249.000;;;
BRG-277;Terima Barang di Gudang;2025-05-02 13:59:00;Gudang Cabang (Medan);Paper Shredder Heavy-Duty;Peralatan Kantor;Gudang Cabang (Medan);;78;;
BRG-277;Tetapkan Harga Jual;2025-05-04 18:59:00;Admin Penjualan;Paper Shredder Heavy-Duty;Peralatan Kantor;Gudang Cabang (Medan);;;Rp 1.685.000;34,91%
BRG-277;Barang Siap Dijual;2025-05-05 08:59:00;Gudang Cabang (Medan);Paper Shredder Heavy-Duty;Peralatan Kantor;Gudang Cabang (Medan);;;;
BRG-278;Pesan Barang ke Pemasok;2025-03-12 08:58:00;CV Sentosa Perkasa;Mouse Wireless RGB;Aksesoris Komputer;Gudang Cabang (Medan);Rp 221.000;;;
BRG-278;Terima Barang di Gudang;2025-03-14 14:58:00;Gudang Cabang (Medan);Mouse Wireless RGB;Aksesoris Komputer;Gudang Cabang (Medan);;120;;
BRG-278;Tetapkan Harga Jual;2025-03-16 19:58:00;Admin Penjualan;Mouse Wireless RGB;Aksesoris Komputer;Gudang Cabang (Medan);;;Rp 291.000;31,67%
BRG-278;Barang Siap Dijual;2025-03-17 19:58:00;Gudang Cabang (Medan);Mouse Wireless RGB;Aksesoris Komputer;Gudang Cabang (Medan);;;;
BRG-279;Pesan Barang ke Pemasok;2025-06-23 10:43:00;CV Bina Logistik;Monitor 4K 27 Inch;Elektronik;Gudang Cabang (Surabaya);Rp 6.301.000;;;
BRG-279;Terima Barang di Gudang;2025-06-24 12:43:00;Gudang Cabang (Surabaya);Monitor 4K 27 Inch;Elektronik;Gudang Cabang (Surabaya);;21;;
BRG-279;Tetapkan Harga Jual;2025-06-27 13:43:00;Admin Penjualan;Monitor 4K 27 Inch;Elektronik;Gudang Cabang (Surabaya);;;Rp 7.683.000;21,93%
BRG-279;Barang Siap Dijual;2025-06-27 18:43:00;Gudang Cabang (Surabaya);Monitor 4K 27 Inch;Elektronik;Gudang Cabang (Surabaya);;;;
BRG-279;Peringatan Stok Rendah;2025-07-06 18:43:00;Gudang Cabang (Surabaya);Monitor 4K 27 Inch;Elektronik;Gudang Cabang (Surabaya);;21;;
BRG-280;Pesan Barang ke Pemasok;2025-03-02 14:15:00;PT Indo Sarana;Meja Stand-Desk Auto;Peralatan Kantor;Gudang Cabang (Bandung);Rp 5.485.000;;;
BRG-280;Terima Barang di Gudang;2025-03-08 20:15:00;Gudang Cabang (Bandung);Meja Stand-Desk Auto;Peralatan Kantor;Gudang Cabang (Bandung);;184;;
BRG-280;Tetapkan Harga Jual;2025-03-09 01:15:00;Admin Penjualan;Meja Stand-Desk Auto;Peralatan Kantor;Gudang Cabang (Bandung);;;Rp 7.086.000;29,19%
BRG-280;Barang Siap Dijual;2025-03-09 06:15:00;Gudang Cabang (Bandung);Meja Stand-Desk Auto;Peralatan Kantor;Gudang Cabang (Bandung);;;;
BRG-281;Pesan Barang ke Pemasok;2025-06-23 15:40:00;CV Sentosa Perkasa;Proyektor Portable;Peralatan Kantor;Gudang Cabang (Bandung);Rp 3.140.000;;;
BRG-281;Terima Barang di Gudang;2025-06-29 20:40:00;Gudang Cabang (Bandung);Proyektor Portable;Peralatan Kantor;Gudang Cabang (Bandung);;56;;
BRG-281;Tetapkan Harga Jual;2025-07-02 21:40:00;Admin Penjualan;Proyektor Portable;Peralatan Kantor;Gudang Cabang (Bandung);;;Rp 3.687.000;17,42%
BRG-281;Barang Siap Dijual;2025-07-03 16:40:00;Gudang Cabang (Bandung);Proyektor Portable;Peralatan Kantor;Gudang Cabang (Bandung);;;;
BRG-282;Pesan Barang ke Pemasok;2025-02-05 17:02:00;PT Mandiri Utama;Air Purifier HEPA;Peralatan Rumah Tangga;Gudang Cabang (Bandung);Rp 1.956.000;;;
BRG-282;Terima Barang di Gudang;2025-02-11 23:02:00;Gudang Cabang (Bandung);Air Purifier HEPA;Peralatan Rumah Tangga;Gudang Cabang (Bandung);;99;;
BRG-282;Tetapkan Harga Jual;2025-02-14 05:02:00;Admin Penjualan;Air Purifier HEPA;Peralatan Rumah Tangga;Gudang Cabang (Bandung);;;Rp 2.466.000;26,07%
BRG-282;Barang Siap Dijual;2025-02-14 14:02:00;Gudang Cabang (Bandung);Air Purifier HEPA;Peralatan Rumah Tangga;Gudang Cabang (Bandung);;;;
BRG-283;Pesan Barang ke Pemasok;2025-03-05 09:56:00;PT Indo Sarana;Router Wi-Fi 6;Peralatan Jaringan;Gudang Cabang (Medan);Rp 737.000;;;
BRG-283;Terima Barang di Gudang;2025-03-06 11:56:00;Gudang Cabang (Medan);Router Wi-Fi 6;Peralatan Jaringan;Gudang Cabang (Medan);;188;;
BRG-283;Tetapkan Harga Jual;2025-03-09 16:56:00;Admin Penjualan;Router Wi-Fi 6;Peralatan Jaringan;Gudang Cabang (Medan);;;Rp 893.000;21,17%
BRG-283;Barang Siap Dijual;2025-03-10 05:56:00;Gudang Cabang (Medan);Router Wi-Fi 6;Peralatan Jaringan;Gudang Cabang (Medan);;;;
BRG-284;Pesan Barang ke Pemasok;2025-05-24 10:00:00;CV Sentosa Perkasa;NAS Storage 2-Bay;Peralatan Jaringan;Gudang Cabang (Surabaya);Rp 4.217.000;;;
BRG-284;Terima Barang di Gudang;2025-05-29 14:00:00;Gudang Cabang (Surabaya);NAS Storage 2-Bay;Peralatan Jaringan;Gudang Cabang (Surabaya);;23;;
BRG-284;Tetapkan Harga Jual;2025-06-01 16:00:00;Admin Penjualan;NAS Storage 2-Bay;Peralatan Jaringan;Gudang Cabang (Surabaya);;;Rp 5.543.000;31,44%
BRG-284;Barang Siap Dijual;2025-06-02 12:00:00;Gudang Cabang (Surabaya);NAS Storage 2-Bay;Peralatan Jaringan;Gudang Cabang (Surabaya);;;;
BRG-284;Peringatan Stok Rendah;2025-06-18 12:00:00;Gudang Cabang (Surabaya);NAS Storage 2-Bay;Peralatan Jaringan;Gudang Cabang (Surabaya);;23;;
BRG-285;Pesan Barang ke Pemasok;2025-06-27 16:22:00;CV Sentosa Perkasa;Smart TV 55 Inch;Elektronik;Gudang Cabang (Bandung);Rp 8.907.000;;;
BRG-285;Terima Barang di Gudang;2025-07-01 17:22:00;Gudang Cabang (Bandung);Smart TV 55 Inch;Elektronik;Gudang Cabang (Bandung);;93;;
BRG-285;Tetapkan Harga Jual;2025-07-02 18:22:00;Admin Penjualan;Smart TV 55 Inch;Elektronik;Gudang Cabang (Bandung);;;Rp 11.454.000;28,60%
BRG-285;Barang Siap Dijual;2025-07-03 09:22:00;Gudang Cabang (Bandung);Smart TV 55 Inch;Elektronik;Gudang Cabang (Bandung);;;;
BRG-286;Pesan Barang ke Pemasok;2025-02-14 15:35:00;PT Techindo Jaya;Webcam HD 1080p;Aksesoris Komputer;Gudang Cabang (Bandung);Rp 513.000;;;
BRG-286;Terima Barang di Gudang;2025-02-16 20:35:00;Gudang Cabang (Bandung);Webcam HD 1080p;Aksesoris Komputer;Gudang Cabang (Bandung);;19;;
BRG-286;Tetapkan Harga Jual;2025-02-19 02:35:00;Admin Penjualan;Webcam HD 1080p;Aksesoris Komputer;Gudang Cabang (Bandung);;;Rp 683.000;33,14%
BRG-286;Barang Siap Dijual;2025-02-19 05:35:00;Gudang Cabang (Bandung);Webcam HD 1080p;Aksesoris Komputer;Gudang Cabang (Bandung);;;;
BRG-286;Peringatan Stok Rendah;2025-03-15 05:35:00;Gudang Cabang (Bandung);Webcam HD 1080p;Aksesoris Komputer;Gudang Cabang (Bandung);;19;;
BRG-287;Pesan Barang ke Pemasok;2025-05-19 12:57:00;CV Sentosa Perkasa;Meja Stand-Desk Auto;Peralatan Kantor;Gudang Cabang (Surabaya);Rp 3.179.000;;;
BRG-287;Terima Barang di Gudang;2025-05-24 14:57:00;Gudang Cabang (Surabaya);Meja Stand-Desk Auto;Peralatan Kantor;Gudang Cabang (Surabaya);;186;;
BRG-287;Tetapkan Harga Jual;2025-05-25 17:57:00;Admin Penjualan;Meja Stand-Desk Auto;Peralatan Kantor;Gudang Cabang (Surabaya);;;Rp 3.860.000;21,42%
BRG-287;Barang Siap Dijual;2025-05-26 10:57:00;Gudang Cabang (Surabaya);Meja Stand-Desk Auto;Peralatan Kantor;Gudang Cabang (Surabaya);;;;
BRG-288;Pesan Barang ke Pemasok;2025-02-27 10:04:00;PT Indo Sarana;Access Point Enterprise;Peralatan Jaringan;Gudang Cabang (Surabaya);Rp 2.974.000;;;
BRG-288;Terima Barang di Gudang;2025-03-03 12:04:00;Gudang Cabang (Surabaya);Access Point Enterprise;Peralatan Jaringan;Gudang Cabang (Surabaya);;55;;
BRG-288;Tetapkan Harga Jual;2025-03-04 16:04:00;Admin Penjualan;Access Point Enterprise;Peralatan Jaringan;Gudang Cabang (Surabaya);;;Rp 3.467.000;16,58%
BRG-288;Barang Siap Dijual;2025-03-04 17:04:00;Gudang Cabang (Surabaya);Access Point Enterprise;Peralatan Jaringan;Gudang Cabang (Surabaya);;;;
BRG-289;Pesan Barang ke Pemasok;2025-04-03 17:27:00;CV Bina Logistik;Headset Gaming 7.1;Aksesoris Komputer;Gudang Cabang (Bandung);Rp 397.000;;;
BRG-289;Terima Barang di Gudang;2025-04-13 22:27:00;Gudang Cabang (Bandung);Headset Gaming 7.1;Aksesoris Komputer;Gudang Cabang (Bandung);;48;;
BRG-289;Tetapkan Harga Jual;2025-04-17 03:27:00;Admin Penjualan;Headset Gaming 7.1;Aksesoris Komputer;Gudang Cabang (Bandung);;;Rp 496.000;24,94%
BRG-289;Barang Siap Dijual;2025-04-17 08:27:00;Gudang Cabang (Bandung);Headset Gaming 7.1;Aksesoris Komputer;Gudang Cabang (Bandung);;;;
BRG-290;Pesan Barang ke Pemasok;2025-06-06 09:28:00;CV Bina Logistik;External SSD 1TB;Aksesoris Komputer;Gudang Utama (Jakarta);Rp 1.734.000;;;
BRG-290;Terima Barang di Gudang;2025-06-08 13:28:00;Gudang Utama (Jakarta);External SSD 1TB;Aksesoris Komputer;Gudang Utama (Jakarta);;241;;
BRG-290;Tetapkan Harga Jual;2025-06-11 19:28:00;Admin Penjualan;External SSD 1TB;Aksesoris Komputer;Gudang Utama (Jakarta);;;Rp 2.111.000;21,74%
BRG-290;Barang Siap Dijual;2025-06-12 19:28:00;Gudang Utama (Jakarta);External SSD 1TB;Aksesoris Komputer;Gudang Utama (Jakarta);;;;
BRG-291;Pesan Barang ke Pemasok;2025-05-03 16:58:00;CV Bina Logistik;Laptop Gaming Pro;Elektronik;Gudang Cabang (Surabaya);Rp 12.762.000;;;
BRG-291;Terima Barang di Gudang;2025-05-10 22:58:00;Gudang Cabang (Surabaya);Laptop Gaming Pro;Elektronik;Gudang Cabang (Surabaya);;202;;
BRG-291;Tetapkan Harga Jual;2025-05-11 00:58:00;Admin Penjualan;Laptop Gaming Pro;Elektronik;Gudang Cabang (Surabaya);;;Rp 17.097.000;33,97%
BRG-291;Barang Siap Dijual;2025-05-11 11:58:00;Gudang Cabang (Surabaya);Laptop Gaming Pro;Elektronik;Gudang Cabang (Surabaya);;;;
BRG-292;Pesan Barang ke Pemasok;2025-06-14 09:15:00;PT Mandiri Utama;External SSD 1TB;Aksesoris Komputer;Gudang Cabang (Surabaya);Rp 1.536.000;;;
BRG-292;Terima Barang di Gudang;2025-06-22 16:15:00;Gudang Cabang (Surabaya);External SSD 1TB;Aksesoris Komputer;Gudang Cabang (Surabaya);;12;;
BRG-292;Tetapkan Harga Jual;2025-06-24 18:15:00;Admin Penjualan;External SSD 1TB;Aksesoris Komputer;Gudang Cabang (Surabaya);;;Rp 1.956.000;27,34%
BRG-292;Barang Siap Dijual;2025-06-25 12:15:00;Gudang Cabang (Surabaya);External SSD 1TB;Aksesoris Komputer;Gudang Cabang (Surabaya);;;;
BRG-292;Peringatan Stok Rendah;2025-07-22 12:15:00;Gudang Cabang (Surabaya);External SSD 1TB;Aksesoris Komputer;Gudang Cabang (Surabaya);;12;;
BRG-293;Pesan Barang ke Pemasok;2025-05-31 11:06:00;PT Mandiri Utama;Paper Shredder Heavy-Duty;Peralatan Kantor;Gudang Cabang (Surabaya);Rp 1.313.000;;;
BRG-293;Terima Barang di Gudang;2025-06-13 13:06:00;Gudang Cabang (Surabaya);Paper Shredder Heavy-Duty;Peralatan Kantor;Gudang Cabang (Surabaya);;180;;
BRG-293;Tetapkan Harga Jual;2025-06-16 18:06:00;Admin Penjualan;Paper Shredder Heavy-Duty;Peralatan Kantor;Gudang Cabang (Surabaya);;;Rp 1.721.000;31,07%
BRG-293;Barang Siap Dijual;2025-06-16 20:06:00;Gudang Cabang (Surabaya);Paper Shredder Heavy-Duty;Peralatan Kantor;Gudang Cabang (Surabaya);;;;
BRG-294;Pesan Barang ke Pemasok;2025-02-01 16:50:00;PT Mandiri Utama;Air Purifier HEPA;Peralatan Rumah Tangga;Gudang Cabang (Medan);Rp 2.644.000;;;
BRG-294;Terima Barang di Gudang;2025-02-04 20:50:00;Gudang Cabang (Medan);Air Purifier HEPA;Peralatan Rumah Tangga;Gudang Cabang (Medan);;117;;
BRG-294;Tetapkan Harga Jual;2025-02-05 22:50:00;Admin Penjualan;Air Purifier HEPA;Peralatan Rumah Tangga;Gudang Cabang (Medan);;;Rp 3.072.000;16,19%
BRG-294;Barang Siap Dijual;2025-02-06 09:50:00;Gudang Cabang (Medan);Air Purifier HEPA;Peralatan Rumah Tangga;Gudang Cabang (Medan);;;;
BRG-295;Pesan Barang ke Pemasok;2025-02-27 13:54:00;PT Indo Sarana;Mesin Kopi Espresso;Peralatan Rumah Tangga;Gudang Cabang (Surabaya);Rp 2.926.000;;;
BRG-295;Terima Barang di Gudang;2025-03-08 17:54:00;Gudang Cabang (Surabaya);Mesin Kopi Espresso;Peralatan Rumah Tangga;Gudang Cabang (Surabaya);;85;;
BRG-295;Tetapkan Harga Jual;2025-03-08 20:54:00;Admin Penjualan;Mesin Kopi Espresso;Peralatan Rumah Tangga;Gudang Cabang (Surabaya);;;Rp 3.719.000;27,10%
BRG-295;Barang Siap Dijual;2025-03-09 03:54:00;Gudang Cabang (Surabaya);Mesin Kopi Espresso;Peralatan Rumah Tangga;Gudang Cabang (Surabaya);;;;
BRG-296;Pesan Barang ke Pemasok;2025-06-12 17:24:00;CV Bina Logistik;Paper Shredder Heavy-Duty;Peralatan Kantor;Gudang Utama (Jakarta);Rp 1.074.000;;;
BRG-296;Terima Barang di Gudang;2025-06-17 19:24:00;Gudang Utama (Jakarta);Paper Shredder Heavy-Duty;Peralatan Kantor;Gudang Utama (Jakarta);;136;;
BRG-296;Tetapkan Harga Jual;2025-06-20 00:24:00;Admin Penjualan;Paper Shredder Heavy-Duty;Peralatan Kantor;Gudang Utama (Jakarta);;;Rp 1.398.000;30,17%
BRG-296;Barang Siap Dijual;2025-06-20 18:24:00;Gudang Utama (Jakarta);Paper Shredder Heavy-Duty;Peralatan Kantor;Gudang Utama (Jakarta);;;;
BRG-297;Pesan Barang ke Pemasok;2025-01-24 16:34:00;CV Sentosa Perkasa;Meja Stand-Desk Auto;Peralatan Kantor;Gudang Cabang (Bandung);Rp 4.456.000;;;
BRG-297;Terima Barang di Gudang;2025-02-04 18:34:00;Gudang Cabang (Bandung);Meja Stand-Desk Auto;Peralatan Kantor;Gudang Cabang (Bandung);;120;;
BRG-297;Tetapkan Harga Jual;2025-02-05 20:34:00;Admin Penjualan;Meja Stand-Desk Auto;Peralatan Kantor;Gudang Cabang (Bandung);;;Rp 5.233.000;17,44%
BRG-297;Barang Siap Dijual;2025-02-06 18:34:00;Gudang Cabang (Bandung);Meja Stand-Desk Auto;Peralatan Kantor;Gudang Cabang (Bandung);;;;
BRG-298;Pesan Barang ke Pemasok;2025-06-09 13:45:00;CV Bina Logistik;Laptop Gaming Pro;Elektronik;Gudang Cabang (Medan);Rp 16.868.000;;;
BRG-298;Terima Barang di Gudang;2025-06-23 13:45:00;Gudang Cabang (Medan);Laptop Gaming Pro;Elektronik;Gudang Cabang (Medan);;226;;
BRG-298;Tetapkan Harga Jual;2025-06-23 14:45:00;Admin Penjualan;Laptop Gaming Pro;Elektronik;Gudang Cabang (Medan);;;Rp 22.587.000;33,90%
BRG-298;Barang Siap Dijual;2025-06-23 16:45:00;Gudang Cabang (Medan);Laptop Gaming Pro;Elektronik;Gudang Cabang (Medan);;;;
BRG-299;Pesan Barang ke Pemasok;2025-06-14 17:50:00;PT Mega Elektronik;Keyboard Mekanikal;Aksesoris Komputer;Gudang Cabang (Bandung);Rp 743.000;;;
BRG-299;Terima Barang di Gudang;2025-06-19 20:50:00;Gudang Cabang (Bandung);Keyboard Mekanikal;Aksesoris Komputer;Gudang Cabang (Bandung);;189;;
BRG-299;Tetapkan Harga Jual;2025-06-23 01:50:00;Admin Penjualan;Keyboard Mekanikal;Aksesoris Komputer;Gudang Cabang (Bandung);;;Rp 993.000;33,65%
BRG-299;Barang Siap Dijual;2025-06-23 22:50:00;Gudang Cabang (Bandung);Keyboard Mekanikal;Aksesoris Komputer;Gudang Cabang (Bandung);;;;
BRG-300;Pesan Barang ke Pemasok;2025-01-08 16:29:00;PT Mega Elektronik;Webcam HD 1080p;Aksesoris Komputer;Gudang Cabang (Medan);Rp 519.000;;;
BRG-300;Terima Barang di Gudang;2025-01-20 00:29:00;Gudang Cabang (Medan);Webcam HD 1080p;Aksesoris Komputer;Gudang Cabang (Medan);;230;;
BRG-300;Tetapkan Harga Jual;2025-01-22 06:29:00;Admin Penjualan;Webcam HD 1080p;Aksesoris Komputer;Gudang Cabang (Medan);;;Rp 645.000;24,28%
BRG-300;Barang Siap Dijual;2025-01-22 16:29:00;Gudang Cabang (Medan);Webcam HD 1080p;Aksesoris Komputer;Gudang Cabang (Medan);;;;
BRG-301;Pesan Barang ke Pemasok;2025-05-04 12:10:00;CV Sentosa Perkasa;Laptop Gaming Pro;Elektronik;Gudang Cabang (Surabaya);Rp 18.597.000;;;
BRG-301;Terima Barang di Gudang;2025-05-17 18:10:00;Gudang Cabang (Surabaya);Laptop Gaming Pro;Elektronik;Gudang Cabang (Surabaya);;66;;
BRG-301;Tetapkan Harga Jual;2025-05-19 22:10:00;Admin Penjualan;Laptop Gaming Pro;Elektronik;Gudang Cabang (Surabaya);;;Rp 23.266.000;25,11%
BRG-301;Barang Siap Dijual;2025-05-20 01:10:00;Gudang Cabang (Surabaya);Laptop Gaming Pro;Elektronik;Gudang Cabang (Surabaya);;;;
BRG-302;Pesan Barang ke Pemasok;2025-06-26 09:01:00;PT Indo Sarana;Laptop Gaming Pro;Elektronik;Gudang Cabang (Medan);Rp 16.720.000;;;
BRG-302;Terima Barang di Gudang;2025-06-29 16:01:00;Gudang Cabang (Medan);Laptop Gaming Pro;Elektronik;Gudang Cabang (Medan);;230;;
BRG-302;Tetapkan Harga Jual;2025-07-02 20:01:00;Admin Penjualan;Laptop Gaming Pro;Elektronik;Gudang Cabang (Medan);;;Rp 20.882.000;24,89%
BRG-302;Barang Siap Dijual;2025-07-03 11:01:00;Gudang Cabang (Medan);Laptop Gaming Pro;Elektronik;Gudang Cabang (Medan);;;;
BRG-303;Pesan Barang ke Pemasok;2025-02-22 13:48:00;CV Sentosa Perkasa;Proyektor Portable;Peralatan Kantor;Gudang Cabang (Surabaya);Rp 2.234.000;;;
BRG-303;Terima Barang di Gudang;2025-03-04 15:48:00;Gudang Cabang (Surabaya);Proyektor Portable;Peralatan Kantor;Gudang Cabang (Surabaya);;115;;
BRG-303;Tetapkan Harga Jual;2025-03-06 21:48:00;Admin Penjualan;Proyektor Portable;Peralatan Kantor;Gudang Cabang (Surabaya);;;Rp 2.947.000;31,92%
BRG-303;Barang Siap Dijual;2025-03-07 08:48:00;Gudang Cabang (Surabaya);Proyektor Portable;Peralatan Kantor;Gudang Cabang (Surabaya);;;;
BRG-304;Pesan Barang ke Pemasok;2025-03-30 14:48:00;CV Bina Logistik;Paper Shredder Heavy-Duty;Peralatan Kantor;Gudang Cabang (Bandung);Rp 1.567.000;;;
BRG-304;Terima Barang di Gudang;2025-04-02 19:48:00;Gudang Cabang (Bandung);Paper Shredder Heavy-Duty;Peralatan Kantor;Gudang Cabang (Bandung);;18;;
BRG-304;Tetapkan Harga Jual;2025-04-02 22:48:00;Admin Penjualan;Paper Shredder Heavy-Duty;Peralatan Kantor;Gudang Cabang (Bandung);;;Rp 1.816.000;15,89%
BRG-304;Barang Siap Dijual;2025-04-03 06:48:00;Gudang Cabang (Bandung);Paper Shredder Heavy-Duty;Peralatan Kantor;Gudang Cabang (Bandung);;;;
BRG-304;Peringatan Stok Rendah;2025-04-24 06:48:00;Gudang Cabang (Bandung);Paper Shredder Heavy-Duty;Peralatan Kantor;Gudang Cabang (Bandung);;18;;
BRG-305;Pesan Barang ke Pemasok;2025-02-01 12:33:00;PT Mandiri Utama;Proyektor Portable;Peralatan Kantor;Gudang Cabang (Surabaya);Rp 3.410.000;;;
BRG-305;Terima Barang di Gudang;2025-02-09 15:33:00;Gudang Cabang (Surabaya);Proyektor Portable;Peralatan Kantor;Gudang Cabang (Surabaya);;134;;
BRG-305;Tetapkan Harga Jual;2025-02-10 16:33:00;Admin Penjualan;Proyektor Portable;Peralatan Kantor;Gudang Cabang (Surabaya);;;Rp 3.971.000;16,45%
BRG-305;Barang Siap Dijual;2025-02-10 18:33:00;Gudang Cabang (Surabaya);Proyektor Portable;Peralatan Kantor;Gudang Cabang (Surabaya);;;;
BRG-306;Pesan Barang ke Pemasok;2025-03-16 14:33:00;PT Mega Elektronik;Router Wi-Fi 6;Peralatan Jaringan;Gudang Cabang (Surabaya);Rp 869.000;;;
BRG-306;Terima Barang di Gudang;2025-03-30 20:33:00;Gudang Cabang (Surabaya);Router Wi-Fi 6;Peralatan Jaringan;Gudang Cabang (Surabaya);;105;;
BRG-306;Tetapkan Harga Jual;2025-03-31 22:33:00;Admin Penjualan;Router Wi-Fi 6;Peralatan Jaringan;Gudang Cabang (Surabaya);;;Rp 1.168.000;34,41%
BRG-306;Barang Siap Dijual;2025-04-01 09:33:00;Gudang Cabang (Surabaya);Router Wi-Fi 6;Peralatan Jaringan;Gudang Cabang (Surabaya);;;;
BRG-307;Pesan Barang ke Pemasok;2025-05-28 13:20:00;CV Bina Logistik;Access Point Enterprise;Peralatan Jaringan;Gudang Cabang (Medan);Rp 2.783.000;;;
BRG-307;Terima Barang di Gudang;2025-06-01 15:20:00;Gudang Cabang (Medan);Access Point Enterprise;Peralatan Jaringan;Gudang Cabang (Medan);;159;;
BRG-307;Tetapkan Harga Jual;2025-06-04 20:20:00;Admin Penjualan;Access Point Enterprise;Peralatan Jaringan;Gudang Cabang (Medan);;;Rp 3.280.000;17,86%
BRG-307;Barang Siap Dijual;2025-06-05 11:20:00;Gudang Cabang (Medan);Access Point Enterprise;Peralatan Jaringan;Gudang Cabang (Medan);;;;
BRG-308;Pesan Barang ke Pemasok;2025-05-08 13:15:00;PT Mega Elektronik;Router Wi-Fi 6;Peralatan Jaringan;Gudang Cabang (Medan);Rp 695.000;;;
BRG-308;Terima Barang di Gudang;2025-05-16 13:15:00;Gudang Cabang (Medan);Router Wi-Fi 6;Peralatan Jaringan;Gudang Cabang (Medan);;187;;
BRG-308;Tetapkan Harga Jual;2025-05-16 17:15:00;Admin Penjualan;Router Wi-Fi 6;Peralatan Jaringan;Gudang Cabang (Medan);;;Rp 804.000;15,68%
BRG-308;Barang Siap Dijual;2025-05-17 10:15:00;Gudang Cabang (Medan);Router Wi-Fi 6;Peralatan Jaringan;Gudang Cabang (Medan);;;;
BRG-309;Pesan Barang ke Pemasok;2025-04-28 12:06:00;CV Sentosa Perkasa;NAS Storage 2-Bay;Peralatan Jaringan;Gudang Cabang (Surabaya);Rp 3.124.000;;;
BRG-309;Terima Barang di Gudang;2025-05-02 17:06:00;Gudang Cabang (Surabaya);NAS Storage 2-Bay;Peralatan Jaringan;Gudang Cabang (Surabaya);;136;;
BRG-309;Tetapkan Harga Jual;2025-05-02 18:06:00;Admin Penjualan;NAS Storage 2-Bay;Peralatan Jaringan;Gudang Cabang (Surabaya);;;Rp 3.971.000;27,11%
BRG-309;Barang Siap Dijual;2025-05-03 04:06:00;Gudang Cabang (Surabaya);NAS Storage 2-Bay;Peralatan Jaringan;Gudang Cabang (Surabaya);;;;
BRG-310;Pesan Barang ke Pemasok;2025-05-07 16:01:00;PT Indo Sarana;Access Point Enterprise;Peralatan Jaringan;Gudang Cabang (Surabaya);Rp 1.540.000;;;
BRG-310;Terima Barang di Gudang;2025-05-13 00:01:00;Gudang Cabang (Surabaya);Access Point Enterprise;Peralatan Jaringan;Gudang Cabang (Surabaya);;162;;
BRG-310;Tetapkan Harga Jual;2025-05-13 01:01:00;Admin Penjualan;Access Point Enterprise;Peralatan Jaringan;Gudang Cabang (Surabaya);;;Rp 1.892.000;22,86%
BRG-310;Barang Siap Dijual;2025-05-13 15:01:00;Gudang Cabang (Surabaya);Access Point Enterprise;Peralatan Jaringan;Gudang Cabang (Surabaya);;;;
BRG-311;Pesan Barang ke Pemasok;2025-02-04 12:30:00;PT Mandiri Utama;Access Point Enterprise;Peralatan Jaringan;Gudang Cabang (Surabaya);Rp 2.263.000;;;
BRG-311;Terima Barang di Gudang;2025-02-16 17:30:00;Gudang Cabang (Surabaya);Access Point Enterprise;Peralatan Jaringan;Gudang Cabang (Surabaya);;141;;
BRG-311;Tetapkan Harga Jual;2025-02-19 20:30:00;Admin Penjualan;Access Point Enterprise;Peralatan Jaringan;Gudang Cabang (Surabaya);;;Rp 2.977.000;31,55%
BRG-311;Barang Siap Dijual;2025-02-19 22:30:00;Gudang Cabang (Surabaya);Access Point Enterprise;Peralatan Jaringan;Gudang Cabang (Surabaya);;;;
BRG-312;Pesan Barang ke Pemasok;2025-04-13 08:52:00;PT Mandiri Utama;Air Purifier HEPA;Peralatan Rumah Tangga;Gudang Cabang (Surabaya);Rp 1.972.000;;;
BRG-312;Terima Barang di Gudang;2025-04-23 16:52:00;Gudang Cabang (Surabaya);Air Purifier HEPA;Peralatan Rumah Tangga;Gudang Cabang (Surabaya);;33;;
BRG-312;Tetapkan Harga Jual;2025-04-24 19:52:00;Admin Penjualan;Air Purifier HEPA;Peralatan Rumah Tangga;Gudang Cabang (Surabaya);;;Rp 2.398.000;21,60%
BRG-312;Barang Siap Dijual;2025-04-25 13:52:00;Gudang Cabang (Surabaya);Air Purifier HEPA;Peralatan Rumah Tangga;Gudang Cabang (Surabaya);;;;
BRG-313;Pesan Barang ke Pemasok;2025-03-15 09:15:00;CV Bina Logistik;Tablet Grafis;Elektronik;Gudang Cabang (Bandung);Rp 4.490.000;;;
BRG-313;Terima Barang di Gudang;2025-03-22 17:15:00;Gudang Cabang (Bandung);Tablet Grafis;Elektronik;Gudang Cabang (Bandung);;172;;
BRG-313;Tetapkan Harga Jual;2025-03-25 22:15:00;Admin Penjualan;Tablet Grafis;Elektronik;Gudang Cabang (Bandung);;;Rp 5.401.000;20,29%
BRG-313;Barang Siap Dijual;2025-03-26 07:15:00;Gudang Cabang (Bandung);Tablet Grafis;Elektronik;Gudang Cabang (Bandung);;;;
BRG-314;Pesan Barang ke Pemasok;2025-06-09 10:01:00;PT Indo Sarana;Tablet Grafis;Elektronik;Gudang Cabang (Medan);Rp 4.515.000;;;
BRG-314;Terima Barang di Gudang;2025-06-12 11:01:00;Gudang Cabang (Medan);Tablet Grafis;Elektronik;Gudang Cabang (Medan);;166;;
BRG-314;Tetapkan Harga Jual;2025-06-15 14:01:00;Admin Penjualan;Tablet Grafis;Elektronik;Gudang Cabang (Medan);;;Rp 5.346.000;18,41%
BRG-314;Barang Siap Dijual;2025-06-16 01:01:00;Gudang Cabang (Medan);Tablet Grafis;Elektronik;Gudang Cabang (Medan);;;;
BRG-315;Pesan Barang ke Pemasok;2025-05-23 14:14:00;PT Techindo Jaya;Keyboard Mekanikal;Aksesoris Komputer;Gudang Cabang (Bandung);Rp 433.000;;;
BRG-315;Terima Barang di Gudang;2025-06-05 16:14:00;Gudang Cabang (Bandung);Keyboard Mekanikal;Aksesoris Komputer;Gudang Cabang (Bandung);;184;;
BRG-315;Tetapkan Harga Jual;2025-06-06 21:14:00;Admin Penjualan;Keyboard Mekanikal;Aksesoris Komputer;Gudang Cabang (Bandung);;;Rp 547.000;26,33%
BRG-315;Barang Siap Dijual;2025-06-07 14:14:00;Gudang Cabang (Bandung);Keyboard Mekanikal;Aksesoris Komputer;Gudang Cabang (Bandung);;;;
BRG-316;Pesan Barang ke Pemasok;2025-04-13 16:32:00;PT Indo Sarana;Smart TV 55 Inch;Elektronik;Gudang Cabang (Bandung);Rp 7.631.000;;;
BRG-316;Terima Barang di Gudang;2025-04-14 16:32:00;Gudang Cabang (Bandung);Smart TV 55 Inch;Elektronik;Gudang Cabang (Bandung);;110;;
BRG-316;Tetapkan Harga Jual;2025-04-14 18:32:00;Admin Penjualan;Smart TV 55 Inch;Elektronik;Gudang Cabang (Bandung);;;Rp 9.414.000;23,37%
BRG-316;Barang Siap Dijual;2025-04-15 17:32:00;Gudang Cabang (Bandung);Smart TV 55 Inch;Elektronik;Gudang Cabang (Bandung);;;;
BRG-317;Pesan Barang ke Pemasok;2025-03-27 16:05:00;PT Indo Sarana;Blender High Power;Peralatan Rumah Tangga;Gudang Utama (Jakarta);Rp 1.041.000;;;
BRG-317;Terima Barang di Gudang;2025-04-05 23:05:00;Gudang Utama (Jakarta);Blender High Power;Peralatan Rumah Tangga;Gudang Utama (Jakarta);;228;;
BRG-317;Tetapkan Harga Jual;2025-04-07 04:05:00;Admin Penjualan;Blender High Power;Peralatan Rumah Tangga;Gudang Utama (Jakarta);;;Rp 1.388.000;33,33%
BRG-317;Barang Siap Dijual;2025-04-07 21:05:00;Gudang Utama (Jakarta);Blender High Power;Peralatan Rumah Tangga;Gudang Utama (Jakarta);;;;
BRG-318;Pesan Barang ke Pemasok;2025-02-05 13:35:00;PT Mandiri Utama;External SSD 1TB;Aksesoris Komputer;Gudang Cabang (Medan);Rp 1.317.000;;;
BRG-318;Terima Barang di Gudang;2025-02-15 18:35:00;Gudang Cabang (Medan);External SSD 1TB;Aksesoris Komputer;Gudang Cabang (Medan);;174;;
BRG-318;Tetapkan Harga Jual;2025-02-16 22:35:00;Admin Penjualan;External SSD 1TB;Aksesoris Komputer;Gudang Cabang (Medan);;;Rp 1.662.000;26,20%
BRG-318;Barang Siap Dijual;2025-02-17 18:35:00;Gudang Cabang (Medan);External SSD 1TB;Aksesoris Komputer;Gudang Cabang (Medan);;;;
BRG-319;Pesan Barang ke Pemasok;2025-03-18 13:44:00;CV Bina Logistik;Meja Stand-Desk Auto;Peralatan Kantor;Gudang Cabang (Surabaya);Rp 4.427.000;;;
BRG-319;Terima Barang di Gudang;2025-03-27 21:44:00;Gudang Cabang (Surabaya);Meja Stand-Desk Auto;Peralatan Kantor;Gudang Cabang (Surabaya);;92;;
BRG-319;Tetapkan Harga Jual;2025-03-31 03:44:00;Admin Penjualan;Meja Stand-Desk Auto;Peralatan Kantor;Gudang Cabang (Surabaya);;;Rp 5.898.000;33,23%
BRG-319;Barang Siap Dijual;2025-03-31 22:44:00;Gudang Cabang (Surabaya);Meja Stand-Desk Auto;Peralatan Kantor;Gudang Cabang (Surabaya);;;;
BRG-320;Pesan Barang ke Pemasok;2025-03-18 16:06:00;PT Mega Elektronik;Proyektor Portable;Peralatan Kantor;Gudang Cabang (Surabaya);Rp 4.230.000;;;
BRG-320;Terima Barang di Gudang;2025-04-01 16:06:00;Gudang Cabang (Surabaya);Proyektor Portable;Peralatan Kantor;Gudang Cabang (Surabaya);;68;;
BRG-320;Tetapkan Harga Jual;2025-04-03 19:06:00;Admin Penjualan;Proyektor Portable;Peralatan Kantor;Gudang Cabang (Surabaya);;;Rp 5.027.000;18,84%
BRG-320;Barang Siap Dijual;2025-04-04 17:06:00;Gudang Cabang (Surabaya);Proyektor Portable;Peralatan Kantor;Gudang Cabang (Surabaya);;;;
BRG-321;Pesan Barang ke Pemasok;2025-01-29 15:06:00;PT Indo Sarana;Headset Gaming 7.1;Aksesoris Komputer;Gudang Cabang (Medan);Rp 603.000;;;
BRG-321;Terima Barang di Gudang;2025-02-08 19:06:00;Gudang Cabang (Medan);Headset Gaming 7.1;Aksesoris Komputer;Gudang Cabang (Medan);;181;;
BRG-321;Tetapkan Harga Jual;2025-02-09 00:06:00;Admin Penjualan;Headset Gaming 7.1;Aksesoris Komputer;Gudang Cabang (Medan);;;Rp 778.000;29,02%
BRG-321;Barang Siap Dijual;2025-02-09 16:06:00;Gudang Cabang (Medan);Headset Gaming 7.1;Aksesoris Komputer;Gudang Cabang (Medan);;;;
BRG-322;Pesan Barang ke Pemasok;2025-03-09 17:52:00;PT Indo Sarana;Paper Shredder Heavy-Duty;Peralatan Kantor;Gudang Cabang (Surabaya);Rp 1.531.000;;;
BRG-322;Terima Barang di Gudang;2025-03-19 20:52:00;Gudang Cabang (Surabaya);Paper Shredder Heavy-Duty;Peralatan Kantor;Gudang Cabang (Surabaya);;244;;
BRG-322;Tetapkan Harga Jual;2025-03-20 01:52:00;Admin Penjualan;Paper Shredder Heavy-Duty;Peralatan Kantor;Gudang Cabang (Surabaya);;;Rp 1.932.000;26,19%
BRG-322;Barang Siap Dijual;2025-03-20 17:52:00;Gudang Cabang (Surabaya);Paper Shredder Heavy-Duty;Peralatan Kantor;Gudang Cabang (Surabaya);;;;
BRG-323;Pesan Barang ke Pemasok;2025-02-13 16:56:00;PT Mega Elektronik;Kursi Ergonomis;Peralatan Kantor;Gudang Cabang (Bandung);Rp 3.478.000;;;
BRG-323;Terima Barang di Gudang;2025-02-24 22:56:00;Gudang Cabang (Bandung);Kursi Ergonomis;Peralatan Kantor;Gudang Cabang (Bandung);;106;;
BRG-323;Tetapkan Harga Jual;2025-02-26 04:56:00;Admin Penjualan;Kursi Ergonomis;Peralatan Kantor;Gudang Cabang (Bandung);;;Rp 4.263.000;22,57%
BRG-323;Barang Siap Dijual;2025-02-26 12:56:00;Gudang Cabang (Bandung);Kursi Ergonomis;Peralatan Kantor;Gudang Cabang (Bandung);;;;
BRG-324;Pesan Barang ke Pemasok;2025-01-09 17:46:00;PT Mega Elektronik;Kursi Ergonomis;Peralatan Kantor;Gudang Cabang (Medan);Rp 2.406.000;;;
BRG-324;Terima Barang di Gudang;2025-01-21 18:46:00;Gudang Cabang (Medan);Kursi Ergonomis;Peralatan Kantor;Gudang Cabang (Medan);;25;;
BRG-324;Tetapkan Harga Jual;2025-01-22 19:46:00;Admin Penjualan;Kursi Ergonomis;Peralatan Kantor;Gudang Cabang (Medan);;;Rp 3.226.000;34,08%
BRG-324;Barang Siap Dijual;2025-01-23 10:46:00;Gudang Cabang (Medan);Kursi Ergonomis;Peralatan Kantor;Gudang Cabang (Medan);;;;
BRG-324;Peringatan Stok Rendah;2025-02-09 10:46:00;Gudang Cabang (Medan);Kursi Ergonomis;Peralatan Kantor;Gudang Cabang (Medan);;25;;
BRG-325;Pesan Barang ke Pemasok;2025-04-18 10:35:00;PT Mega Elektronik;Paper Shredder Heavy-Duty;Peralatan Kantor;Gudang Cabang (Surabaya);Rp 1.248.000;;;
BRG-325;Terima Barang di Gudang;2025-04-25 13:35:00;Gudang Cabang (Surabaya);Paper Shredder Heavy-Duty;Peralatan Kantor;Gudang Cabang (Surabaya);;142;;
BRG-325;Tetapkan Harga Jual;2025-04-28 18:35:00;Admin Penjualan;Paper Shredder Heavy-Duty;Peralatan Kantor;Gudang Cabang (Surabaya);;;Rp 1.485.000;18,99%
BRG-325;Barang Siap Dijual;2025-04-29 14:35:00;Gudang Cabang (Surabaya);Paper Shredder Heavy-Duty;Peralatan Kantor;Gudang Cabang (Surabaya);;;;
BRG-326;Pesan Barang ke Pemasok;2025-05-01 09:03:00;CV Bina Logistik;Mouse Wireless RGB;Aksesoris Komputer;Gudang Cabang (Bandung);Rp 275.000;;;
BRG-326;Terima Barang di Gudang;2025-05-13 11:03:00;Gudang Cabang (Bandung);Mouse Wireless RGB;Aksesoris Komputer;Gudang Cabang (Bandung);;176;;
BRG-326;Tetapkan Harga Jual;2025-05-14 16:03:00;Admin Penjualan;Mouse Wireless RGB;Aksesoris Komputer;Gudang Cabang (Bandung);;;Rp 329.000;19,64%
BRG-326;Barang Siap Dijual;2025-05-15 03:03:00;Gudang Cabang (Bandung);Mouse Wireless RGB;Aksesoris Komputer;Gudang Cabang (Bandung);;;;
BRG-327;Pesan Barang ke Pemasok;2025-06-19 16:09:00;PT Mandiri Utama;Mouse Wireless RGB;Aksesoris Komputer;Gudang Utama (Jakarta);Rp 202.000;;;
BRG-327;Terima Barang di Gudang;2025-06-28 22:09:00;Gudang Utama (Jakarta);Mouse Wireless RGB;Aksesoris Komputer;Gudang Utama (Jakarta);;188;;
BRG-327;Tetapkan Harga Jual;2025-07-01 00:09:00;Admin Penjualan;Mouse Wireless RGB;Aksesoris Komputer;Gudang Utama (Jakarta);;;Rp 248.000;22,77%
BRG-327;Barang Siap Dijual;2025-07-01 15:09:00;Gudang Utama (Jakarta);Mouse Wireless RGB;Aksesoris Komputer;Gudang Utama (Jakarta);;;;
BRG-328;Pesan Barang ke Pemasok;2025-05-17 13:50:00;PT Mandiri Utama;Mouse Wireless RGB;Aksesoris Komputer;Gudang Cabang (Medan);Rp 438.000;;;
BRG-328;Terima Barang di Gudang;2025-05-26 18:50:00;Gudang Cabang (Medan);Mouse Wireless RGB;Aksesoris Komputer;Gudang Cabang (Medan);;45;;
BRG-328;Tetapkan Harga Jual;2025-05-28 23:50:00;Admin Penjualan;Mouse Wireless RGB;Aksesoris Komputer;Gudang Cabang (Medan);;;Rp 589.000;34,47%
BRG-328;Barang Siap Dijual;2025-05-29 15:50:00;Gudang Cabang (Medan);Mouse Wireless RGB;Aksesoris Komputer;Gudang Cabang (Medan);;;;
BRG-329;Pesan Barang ke Pemasok;2025-02-19 12:12:00;PT Mega Elektronik;Mesin Kopi Espresso;Peralatan Rumah Tangga;Gudang Utama (Jakarta);Rp 4.670.000;;;
BRG-329;Terima Barang di Gudang;2025-02-24 20:12:00;Gudang Utama (Jakarta);Mesin Kopi Espresso;Peralatan Rumah Tangga;Gudang Utama (Jakarta);;87;;
BRG-329;Tetapkan Harga Jual;2025-02-26 22:12:00;Admin Penjualan;Mesin Kopi Espresso;Peralatan Rumah Tangga;Gudang Utama (Jakarta);;;Rp 6.270.000;34,26%
BRG-329;Barang Siap Dijual;2025-02-27 08:12:00;Gudang Utama (Jakarta);Mesin Kopi Espresso;Peralatan Rumah Tangga;Gudang Utama (Jakarta);;;;
BRG-330;Pesan Barang ke Pemasok;2025-03-15 11:32:00;PT Techindo Jaya;Tablet Grafis;Elektronik;Gudang Cabang (Bandung);Rp 3.474.000;;;
BRG-330;Terima Barang di Gudang;2025-03-27 18:32:00;Gudang Cabang (Bandung);Tablet Grafis;Elektronik;Gudang Cabang (Bandung);;190;;
BRG-330;Tetapkan Harga Jual;2025-03-29 22:32:00;Admin Penjualan;Tablet Grafis;Elektronik;Gudang Cabang (Bandung);;;Rp 4.366.000;25,68%
BRG-330;Barang Siap Dijual;2025-03-30 10:32:00;Gudang Cabang (Bandung);Tablet Grafis;Elektronik;Gudang Cabang (Bandung);;;;
BRG-331;Pesan Barang ke Pemasok;2025-05-24 12:40:00;PT Mandiri Utama;Mesin Kopi Espresso;Peralatan Rumah Tangga;Gudang Cabang (Bandung);Rp 1.652.000;;;
BRG-331;Terima Barang di Gudang;2025-05-29 13:40:00;Gudang Cabang (Bandung);Mesin Kopi Espresso;Peralatan Rumah Tangga;Gudang Cabang (Bandung);;106;;
BRG-331;Tetapkan Harga Jual;2025-06-01 17:40:00;Admin Penjualan;Mesin Kopi Espresso;Peralatan Rumah Tangga;Gudang Cabang (Bandung);;;Rp 2.229.000;34,93%
BRG-331;Barang Siap Dijual;2025-06-02 05:40:00;Gudang Cabang (Bandung);Mesin Kopi Espresso;Peralatan Rumah Tangga;Gudang Cabang (Bandung);;;;
BRG-332;Pesan Barang ke Pemasok;2025-02-07 12:57:00;PT Techindo Jaya;Kursi Ergonomis;Peralatan Kantor;Gudang Cabang (Surabaya);Rp 1.238.000;;;
BRG-332;Terima Barang di Gudang;2025-02-08 16:57:00;Gudang Cabang (Surabaya);Kursi Ergonomis;Peralatan Kantor;Gudang Cabang (Surabaya);;159;;
BRG-332;Tetapkan Harga Jual;2025-02-08 19:57:00;Admin Penjualan;Kursi Ergonomis;Peralatan Kantor;Gudang Cabang (Surabaya);;;Rp 1.497.000;20,92%
BRG-332;Barang Siap Dijual;2025-02-09 10:57:00;Gudang Cabang (Surabaya);Kursi Ergonomis;Peralatan Kantor;Gudang Cabang (Surabaya);;;;
BRG-333;Pesan Barang ke Pemasok;2025-06-17 12:22:00;CV Sentosa Perkasa;Paper Shredder Heavy-Duty;Peralatan Kantor;Gudang Cabang (Medan);Rp 1.939.000;;;
BRG-333;Terima Barang di Gudang;2025-06-29 19:22:00;Gudang Cabang (Medan);Paper Shredder Heavy-Duty;Peralatan Kantor;Gudang Cabang (Medan);;232;;
BRG-333;Tetapkan Harga Jual;2025-06-30 21:22:00;Admin Penjualan;Paper Shredder Heavy-Duty;Peralatan Kantor;Gudang Cabang (Medan);;;Rp 2.433.000;25,48%
BRG-333;Barang Siap Dijual;2025-07-01 15:22:00;Gudang Cabang (Medan);Paper Shredder Heavy-Duty;Peralatan Kantor;Gudang Cabang (Medan);;;;
BRG-334;Pesan Barang ke Pemasok;2025-03-11 17:35:00;PT Indo Sarana;Meja Stand-Desk Auto;Peralatan Kantor;Gudang Cabang (Medan);Rp 5.892.000;;;
BRG-334;Terima Barang di Gudang;2025-03-23 21:35:00;Gudang Cabang (Medan);Meja Stand-Desk Auto;Peralatan Kantor;Gudang Cabang (Medan);;46;;
BRG-334;Tetapkan Harga Jual;2025-03-24 22:35:00;Admin Penjualan;Meja Stand-Desk Auto;Peralatan Kantor;Gudang Cabang (Medan);;;Rp 6.908.000;17,24%
BRG-334;Barang Siap Dijual;2025-03-25 18:35:00;Gudang Cabang (Medan);Meja Stand-Desk Auto;Peralatan Kantor;Gudang Cabang (Medan);;;;
BRG-335;Pesan Barang ke Pemasok;2025-05-31 12:05:00;PT Mega Elektronik;Meja Stand-Desk Auto;Peralatan Kantor;Gudang Cabang (Bandung);Rp 2.559.000;;;
BRG-335;Terima Barang di Gudang;2025-06-04 12:05:00;Gudang Cabang (Bandung);Meja Stand-Desk Auto;Peralatan Kantor;Gudang Cabang (Bandung);;207;;
BRG-335;Tetapkan Harga Jual;2025-06-05 18:05:00;Admin Penjualan;Meja Stand-Desk Auto;Peralatan Kantor;Gudang Cabang (Bandung);;;Rp 3.319.000;29,70%
BRG-335;Barang Siap Dijual;2025-06-06 02:05:00;Gudang Cabang (Bandung);Meja Stand-Desk Auto;Peralatan Kantor;Gudang Cabang (Bandung);;;;
BRG-336;Pesan Barang ke Pemasok;2025-01-14 09:42:00;PT Mandiri Utama;External SSD 1TB;Aksesoris Komputer;Gudang Cabang (Surabaya);Rp 1.769.000;;;
BRG-336;Terima Barang di Gudang;2025-01-21 14:42:00;Gudang Cabang (Surabaya);External SSD 1TB;Aksesoris Komputer;Gudang Cabang (Surabaya);;216;;
BRG-336;Tetapkan Harga Jual;2025-01-24 15:42:00;Admin Penjualan;External SSD 1TB;Aksesoris Komputer;Gudang Cabang (Surabaya);;;Rp 2.351.000;32,90%
BRG-336;Barang Siap Dijual;2025-01-25 13:42:00;Gudang Cabang (Surabaya);External SSD 1TB;Aksesoris Komputer;Gudang Cabang (Surabaya);;;;
BRG-337;Pesan Barang ke Pemasok;2025-02-05 08:05:00;PT Mandiri Utama;Smart TV 55 Inch;Elektronik;Gudang Cabang (Surabaya);Rp 10.614.000;;;
BRG-337;Terima Barang di Gudang;2025-02-14 10:05:00;Gudang Cabang (Surabaya);Smart TV 55 Inch;Elektronik;Gudang Cabang (Surabaya);;40;;
BRG-337;Tetapkan Harga Jual;2025-02-17 16:05:00;Admin Penjualan;Smart TV 55 Inch;Elektronik;Gudang Cabang (Surabaya);;;Rp 12.408.000;16,90%
BRG-337;Barang Siap Dijual;2025-02-18 08:05:00;Gudang Cabang (Surabaya);Smart TV 55 Inch;Elektronik;Gudang Cabang (Surabaya);;;;
BRG-338;Pesan Barang ke Pemasok;2025-05-03 11:24:00;PT Mega Elektronik;Mouse Wireless RGB;Aksesoris Komputer;Gudang Cabang (Surabaya);Rp 286.000;;;
BRG-338;Terima Barang di Gudang;2025-05-16 15:24:00;Gudang Cabang (Surabaya);Mouse Wireless RGB;Aksesoris Komputer;Gudang Cabang (Surabaya);;119;;
BRG-338;Tetapkan Harga Jual;2025-05-18 18:24:00;Admin Penjualan;Mouse Wireless RGB;Aksesoris Komputer;Gudang Cabang (Surabaya);;;Rp 350.000;22,38%
BRG-338;Barang Siap Dijual;2025-05-19 15:24:00;Gudang Cabang (Surabaya);Mouse Wireless RGB;Aksesoris Komputer;Gudang Cabang (Surabaya);;;;
BRG-339;Pesan Barang ke Pemasok;2025-01-16 09:31:00;PT Mega Elektronik;Proyektor Portable;Peralatan Kantor;Gudang Cabang (Bandung);Rp 4.602.000;;;
BRG-339;Terima Barang di Gudang;2025-01-27 12:31:00;Gudang Cabang (Bandung);Proyektor Portable;Peralatan Kantor;Gudang Cabang (Bandung);;172;;
BRG-339;Tetapkan Harga Jual;2025-01-27 14:31:00;Admin Penjualan;Proyektor Portable;Peralatan Kantor;Gudang Cabang (Bandung);;;Rp 5.302.000;15,21%
BRG-339;Barang Siap Dijual;2025-01-28 04:31:00;Gudang Cabang (Bandung);Proyektor Portable;Peralatan Kantor;Gudang Cabang (Bandung);;;;
BRG-340;Pesan Barang ke Pemasok;2025-02-15 08:37:00;PT Indo Sarana;Laptop Gaming Pro;Elektronik;Gudang Cabang (Surabaya);Rp 19.808.000;;;
BRG-340;Terima Barang di Gudang;2025-03-01 14:37:00;Gudang Cabang (Surabaya);Laptop Gaming Pro;Elektronik;Gudang Cabang (Surabaya);;108;;
BRG-340;Tetapkan Harga Jual;2025-03-04 16:37:00;Admin Penjualan;Laptop Gaming Pro;Elektronik;Gudang Cabang (Surabaya);;;Rp 23.994.000;21,13%
BRG-340;Barang Siap Dijual;2025-03-05 16:37:00;Gudang Cabang (Surabaya);Laptop Gaming Pro;Elektronik;Gudang Cabang (Surabaya);;;;
BRG-341;Pesan Barang ke Pemasok;2025-03-16 08:38:00;CV Sentosa Perkasa;Monitor 4K 27 Inch;Elektronik;Gudang Cabang (Medan);Rp 5.041.000;;;
BRG-341;Terima Barang di Gudang;2025-03-17 12:38:00;Gudang Cabang (Medan);Monitor 4K 27 Inch;Elektronik;Gudang Cabang (Medan);;61;;
BRG-341;Tetapkan Harga Jual;2025-03-17 15:38:00;Admin Penjualan;Monitor 4K 27 Inch;Elektronik;Gudang Cabang (Medan);;;Rp 6.416.000;27,28%
BRG-341;Barang Siap Dijual;2025-03-18 01:38:00;Gudang Cabang (Medan);Monitor 4K 27 Inch;Elektronik;Gudang Cabang (Medan);;;;
BRG-342;Pesan Barang ke Pemasok;2025-04-27 17:16:00;CV Bina Logistik;Webcam HD 1080p;Aksesoris Komputer;Gudang Cabang (Medan);Rp 567.000;;;
BRG-342;Terima Barang di Gudang;2025-05-07 00:16:00;Gudang Cabang (Medan);Webcam HD 1080p;Aksesoris Komputer;Gudang Cabang (Medan);;184;;
BRG-342;Tetapkan Harga Jual;2025-05-08 05:16:00;Admin Penjualan;Webcam HD 1080p;Aksesoris Komputer;Gudang Cabang (Medan);;;Rp 694.000;22,40%
BRG-342;Barang Siap Dijual;2025-05-08 20:16:00;Gudang Cabang (Medan);Webcam HD 1080p;Aksesoris Komputer;Gudang Cabang (Medan);;;;
BRG-343;Pesan Barang ke Pemasok;2025-03-11 11:17:00;CV Bina Logistik;Switch Gigabit 16-Port;Peralatan Jaringan;Gudang Utama (Jakarta);Rp 1.498.000;;;
BRG-343;Terima Barang di Gudang;2025-03-24 12:17:00;Gudang Utama (Jakarta);Switch Gigabit 16-Port;Peralatan Jaringan;Gudang Utama (Jakarta);;198;;
BRG-343;Tetapkan Harga Jual;2025-03-26 14:17:00;Admin Penjualan;Switch Gigabit 16-Port;Peralatan Jaringan;Gudang Utama (Jakarta);;;Rp 1.796.000;19,89%
BRG-343;Barang Siap Dijual;2025-03-27 14:17:00;Gudang Utama (Jakarta);Switch Gigabit 16-Port;Peralatan Jaringan;Gudang Utama (Jakarta);;;;
BRG-344;Pesan Barang ke Pemasok;2025-04-28 12:23:00;CV Bina Logistik;NAS Storage 2-Bay;Peralatan Jaringan;Gudang Utama (Jakarta);Rp 4.715.000;;;
BRG-344;Terima Barang di Gudang;2025-05-10 14:23:00;Gudang Utama (Jakarta);NAS Storage 2-Bay;Peralatan Jaringan;Gudang Utama (Jakarta);;24;;
BRG-344;Tetapkan Harga Jual;2025-05-10 20:23:00;Admin Penjualan;NAS Storage 2-Bay;Peralatan Jaringan;Gudang Utama (Jakarta);;;Rp 6.085.000;29,06%
BRG-344;Barang Siap Dijual;2025-05-11 07:23:00;Gudang Utama (Jakarta);NAS Storage 2-Bay;Peralatan Jaringan;Gudang Utama (Jakarta);;;;
BRG-344;Peringatan Stok Rendah;2025-05-27 07:23:00;Gudang Utama (Jakarta);NAS Storage 2-Bay;Peralatan Jaringan;Gudang Utama (Jakarta);;24;;
BRG-345;Pesan Barang ke Pemasok;2025-05-26 11:17:00;CV Sentosa Perkasa;Tablet Grafis;Elektronik;Gudang Cabang (Bandung);Rp 4.620.000;;;
BRG-345;Terima Barang di Gudang;2025-05-29 17:17:00;Gudang Cabang (Bandung);Tablet Grafis;Elektronik;Gudang Cabang (Bandung);;142;;
BRG-345;Tetapkan Harga Jual;2025-06-01 22:17:00;Admin Penjualan;Tablet Grafis;Elektronik;Gudang Cabang (Bandung);;;Rp 5.499.000;19,03%
BRG-345;Barang Siap Dijual;2025-06-02 09:17:00;Gudang Cabang (Bandung);Tablet Grafis;Elektronik;Gudang Cabang (Bandung);;;;
BRG-346;Pesan Barang ke Pemasok;2025-01-23 14:50:00;PT Indo Sarana;Proyektor Portable;Peralatan Kantor;Gudang Cabang (Medan);Rp 4.053.000;;;
BRG-346;Terima Barang di Gudang;2025-02-03 15:50:00;Gudang Cabang (Medan);Proyektor Portable;Peralatan Kantor;Gudang Cabang (Medan);;57;;
BRG-346;Tetapkan Harga Jual;2025-02-04 17:50:00;Admin Penjualan;Proyektor Portable;Peralatan Kantor;Gudang Cabang (Medan);;;Rp 4.755.000;17,32%
BRG-346;Barang Siap Dijual;2025-02-05 09:50:00;Gudang Cabang (Medan);Proyektor Portable;Peralatan Kantor;Gudang Cabang (Medan);;;;
BRG-347;Pesan Barang ke Pemasok;2025-03-24 12:14:00;CV Sentosa Perkasa;Tablet Grafis;Elektronik;Gudang Cabang (Medan);Rp 4.368.000;;;
BRG-347;Terima Barang di Gudang;2025-03-25 16:14:00;Gudang Cabang (Medan);Tablet Grafis;Elektronik;Gudang Cabang (Medan);;121;;
BRG-347;Tetapkan Harga Jual;2025-03-28 18:14:00;Admin Penjualan;Tablet Grafis;Elektronik;Gudang Cabang (Medan);;;Rp 5.729.000;31,16%
BRG-347;Barang Siap Dijual;2025-03-29 09:14:00;Gudang Cabang (Medan);Tablet Grafis;Elektronik;Gudang Cabang (Medan);;;;
BRG-348;Pesan Barang ke Pemasok;2025-03-10 13:37:00;PT Mega Elektronik;Blender High Power;Peralatan Rumah Tangga;Gudang Utama (Jakarta);Rp 460.000;;;
BRG-348;Terima Barang di Gudang;2025-03-15 13:37:00;Gudang Utama (Jakarta);Blender High Power;Peralatan Rumah Tangga;Gudang Utama (Jakarta);;177;;
BRG-348;Tetapkan Harga Jual;2025-03-17 19:37:00;Admin Penjualan;Blender High Power;Peralatan Rumah Tangga;Gudang Utama (Jakarta);;;Rp 580.000;26,09%
BRG-348;Barang Siap Dijual;2025-03-18 07:37:00;Gudang Utama (Jakarta);Blender High Power;Peralatan Rumah Tangga;Gudang Utama (Jakarta);;;;
BRG-349;Pesan Barang ke Pemasok;2025-06-27 12:01:00;CV Bina Logistik;Robot Vacuum Cleaner;Peralatan Rumah Tangga;Gudang Utama (Jakarta);Rp 5.424.000;;;
BRG-349;Terima Barang di Gudang;2025-06-28 13:01:00;Gudang Utama (Jakarta);Robot Vacuum Cleaner;Peralatan Rumah Tangga;Gudang Utama (Jakarta);;60;;
BRG-349;Tetapkan Harga Jual;2025-07-01 16:01:00;Admin Penjualan;Robot Vacuum Cleaner;Peralatan Rumah Tangga;Gudang Utama (Jakarta);;;Rp 6.240.000;15,04%
BRG-349;Barang Siap Dijual;2025-07-01 22:01:00;Gudang Utama (Jakarta);Robot Vacuum Cleaner;Peralatan Rumah Tangga;Gudang Utama (Jakarta);;;;
BRG-350;Pesan Barang ke Pemasok;2025-04-14 16:34:00;PT Techindo Jaya;Smart TV 55 Inch;Elektronik;Gudang Utama (Jakarta);Rp 7.890.000;;;
BRG-350;Terima Barang di Gudang;2025-04-26 20:34:00;Gudang Utama (Jakarta);Smart TV 55 Inch;Elektronik;Gudang Utama (Jakarta);;143;;
BRG-350;Tetapkan Harga Jual;2025-04-27 02:34:00;Admin Penjualan;Smart TV 55 Inch;Elektronik;Gudang Utama (Jakarta);;;Rp 10.178.000;29,00%
BRG-350;Barang Siap Dijual;2025-04-27 12:34:00;Gudang Utama (Jakarta);Smart TV 55 Inch;Elektronik;Gudang Utama (Jakarta);;;;
BRG-351;Pesan Barang ke Pemasok;2025-04-05 11:46:00;CV Sentosa Perkasa;Air Purifier HEPA;Peralatan Rumah Tangga;Gudang Cabang (Medan);Rp 1.802.000;;;
BRG-351;Terima Barang di Gudang;2025-04-09 13:46:00;Gudang Cabang (Medan);Air Purifier HEPA;Peralatan Rumah Tangga;Gudang Cabang (Medan);;201;;
BRG-351;Tetapkan Harga Jual;2025-04-12 15:46:00;Admin Penjualan;Air Purifier HEPA;Peralatan Rumah Tangga;Gudang Cabang (Medan);;;Rp 2.219.000;23,14%
BRG-351;Barang Siap Dijual;2025-04-13 06:46:00;Gudang Cabang (Medan);Air Purifier HEPA;Peralatan Rumah Tangga;Gudang Cabang (Medan);;;;
BRG-352;Pesan Barang ke Pemasok;2025-06-05 14:22:00;PT Mandiri Utama;Paper Shredder Heavy-Duty;Peralatan Kantor;Gudang Cabang (Medan);Rp 1.740.000;;;
BRG-352;Terima Barang di Gudang;2025-06-12 22:22:00;Gudang Cabang (Medan);Paper Shredder Heavy-Duty;Peralatan Kantor;Gudang Cabang (Medan);;237;;
BRG-352;Tetapkan Harga Jual;2025-06-16 03:22:00;Admin Penjualan;Paper Shredder Heavy-Duty;Peralatan Kantor;Gudang Cabang (Medan);;;Rp 2.303.000;32,36%
BRG-352;Barang Siap Dijual;2025-06-17 01:22:00;Gudang Cabang (Medan);Paper Shredder Heavy-Duty;Peralatan Kantor;Gudang Cabang (Medan);;;;
BRG-353;Pesan Barang ke Pemasok;2025-02-25 12:13:00;PT Techindo Jaya;Tablet Grafis;Elektronik;Gudang Cabang (Bandung);Rp 3.057.000;;;
BRG-353;Terima Barang di Gudang;2025-03-08 13:13:00;Gudang Cabang (Bandung);Tablet Grafis;Elektronik;Gudang Cabang (Bandung);;94;;
BRG-353;Tetapkan Harga Jual;2025-03-11 18:13:00;Admin Penjualan;Tablet Grafis;Elektronik;Gudang Cabang (Bandung);;;Rp 3.915.000;28,07%
BRG-353;Barang Siap Dijual;2025-03-12 17:13:00;Gudang Cabang (Bandung);Tablet Grafis;Elektronik;Gudang Cabang (Bandung);;;;
BRG-354;Pesan Barang ke Pemasok;2025-04-03 09:19:00;PT Techindo Jaya;NAS Storage 2-Bay;Peralatan Jaringan;Gudang Utama (Jakarta);Rp 4.718.000;;;
BRG-354;Terima Barang di Gudang;2025-04-13 10:19:00;Gudang Utama (Jakarta);NAS Storage 2-Bay;Peralatan Jaringan;Gudang Utama (Jakarta);;62;;
BRG-354;Tetapkan Harga Jual;2025-04-13 15:19:00;Admin Penjualan;NAS Storage 2-Bay;Peralatan Jaringan;Gudang Utama (Jakarta);;;Rp 5.545.000;17,53%
BRG-354;Barang Siap Dijual;2025-04-14 08:19:00;Gudang Utama (Jakarta);NAS Storage 2-Bay;Peralatan Jaringan;Gudang Utama (Jakarta);;;;
BRG-355;Pesan Barang ke Pemasok;2025-02-21 17:46:00;CV Sentosa Perkasa;Paper Shredder Heavy-Duty;Peralatan Kantor;Gudang Cabang (Bandung);Rp 1.941.000;;;
BRG-355;Terima Barang di Gudang;2025-03-02 19:46:00;Gudang Cabang (Bandung);Paper Shredder Heavy-Duty;Peralatan Kantor;Gudang Cabang (Bandung);;102;;
BRG-355;Tetapkan Harga Jual;2025-03-03 22:46:00;Admin Penjualan;Paper Shredder Heavy-Duty;Peralatan Kantor;Gudang Cabang (Bandung);;;Rp 2.396.000;23,44%
BRG-355;Barang Siap Dijual;2025-03-04 15:46:00;Gudang Cabang (Bandung);Paper Shredder Heavy-Duty;Peralatan Kantor;Gudang Cabang (Bandung);;;;
BRG-356;Pesan Barang ke Pemasok;2025-04-24 09:59:00;PT Indo Sarana;Robot Vacuum Cleaner;Peralatan Rumah Tangga;Gudang Utama (Jakarta);Rp 2.650.000;;;
BRG-356;Terima Barang di Gudang;2025-05-05 12:59:00;Gudang Utama (Jakarta);Robot Vacuum Cleaner;Peralatan Rumah Tangga;Gudang Utama (Jakarta);;244;;
BRG-356;Tetapkan Harga Jual;2025-05-08 13:59:00;Admin Penjualan;Robot Vacuum Cleaner;Peralatan Rumah Tangga;Gudang Utama (Jakarta);;;Rp 3.193.000;20,49%
BRG-356;Barang Siap Dijual;2025-05-09 06:59:00;Gudang Utama (Jakarta);Robot Vacuum Cleaner;Peralatan Rumah Tangga;Gudang Utama (Jakarta);;;;
BRG-357;Pesan Barang ke Pemasok;2025-04-25 08:56:00;PT Techindo Jaya;Smart TV 55 Inch;Elektronik;Gudang Cabang (Bandung);Rp 10.158.000;;;
BRG-357;Terima Barang di Gudang;2025-05-03 10:56:00;Gudang Cabang (Bandung);Smart TV 55 Inch;Elektronik;Gudang Cabang (Bandung);;231;;
BRG-357;Tetapkan Harga Jual;2025-05-06 14:56:00;Admin Penjualan;Smart TV 55 Inch;Elektronik;Gudang Cabang (Bandung);;;Rp 13.238.000;30,32%
BRG-357;Barang Siap Dijual;2025-05-07 09:56:00;Gudang Cabang (Bandung);Smart TV 55 Inch;Elektronik;Gudang Cabang (Bandung);;;;
BRG-358;Pesan Barang ke Pemasok;2025-01-15 17:32:00;CV Bina Logistik;Mouse Wireless RGB;Aksesoris Komputer;Gudang Utama (Jakarta);Rp 202.000;;;
BRG-358;Terima Barang di Gudang;2025-01-23 21:32:00;Gudang Utama (Jakarta);Mouse Wireless RGB;Aksesoris Komputer;Gudang Utama (Jakarta);;119;;
BRG-358;Tetapkan Harga Jual;2025-01-24 01:32:00;Admin Penjualan;Mouse Wireless RGB;Aksesoris Komputer;Gudang Utama (Jakarta);;;Rp 256.000;26,73%
BRG-358;Barang Siap Dijual;2025-01-24 10:32:00;Gudang Utama (Jakarta);Mouse Wireless RGB;Aksesoris Komputer;Gudang Utama (Jakarta);;;;
BRG-359;Pesan Barang ke Pemasok;2025-01-01 11:43:00;CV Sentosa Perkasa;Mouse Wireless RGB;Aksesoris Komputer;Gudang Utama (Jakarta);Rp 360.000;;;
BRG-359;Terima Barang di Gudang;2025-01-11 12:43:00;Gudang Utama (Jakarta);Mouse Wireless RGB;Aksesoris Komputer;Gudang Utama (Jakarta);;143;;
BRG-359;Tetapkan Harga Jual;2025-01-11 16:43:00;Admin Penjualan;Mouse Wireless RGB;Aksesoris Komputer;Gudang Utama (Jakarta);;;Rp 445.000;23,61%
BRG-359;Barang Siap Dijual;2025-01-12 04:43:00;Gudang Utama (Jakarta);Mouse Wireless RGB;Aksesoris Komputer;Gudang Utama (Jakarta);;;;
BRG-360;Pesan Barang ke Pemasok;2025-06-29 09:05:00;PT Indo Sarana;External SSD 1TB;Aksesoris Komputer;Gudang Cabang (Surabaya);Rp 1.403.000;;;
BRG-360;Terima Barang di Gudang;2025-07-08 09:05:00;Gudang Cabang (Surabaya);External SSD 1TB;Aksesoris Komputer;Gudang Cabang (Surabaya);;239;;
BRG-360;Tetapkan Harga Jual;2025-07-08 13:05:00;Admin Penjualan;External SSD 1TB;Aksesoris Komputer;Gudang Cabang (Surabaya);;;Rp 1.679.000;19,67%
BRG-360;Barang Siap Dijual;2025-07-08 15:05:00;Gudang Cabang (Surabaya);External SSD 1TB;Aksesoris Komputer;Gudang Cabang (Surabaya);;;;
BRG-361;Pesan Barang ke Pemasok;2025-03-15 14:58:00;PT Indo Sarana;Access Point Enterprise;Peralatan Jaringan;Gudang Cabang (Bandung);Rp 1.696.000;;;
BRG-361;Terima Barang di Gudang;2025-03-18 16:58:00;Gudang Cabang (Bandung);Access Point Enterprise;Peralatan Jaringan;Gudang Cabang (Bandung);;41;;
BRG-361;Tetapkan Harga Jual;2025-03-21 19:58:00;Admin Penjualan;Access Point Enterprise;Peralatan Jaringan;Gudang Cabang (Bandung);;;Rp 2.052.000;20,99%
BRG-361;Barang Siap Dijual;2025-03-22 08:58:00;Gudang Cabang (Bandung);Access Point Enterprise;Peralatan Jaringan;Gudang Cabang (Bandung);;;;
BRG-362;Pesan Barang ke Pemasok;2025-04-25 14:26:00;CV Bina Logistik;Robot Vacuum Cleaner;Peralatan Rumah Tangga;Gudang Cabang (Bandung);Rp 3.154.000;;;
BRG-362;Terima Barang di Gudang;2025-05-02 15:26:00;Gudang Cabang (Bandung);Robot Vacuum Cleaner;Peralatan Rumah Tangga;Gudang Cabang (Bandung);;247;;
BRG-362;Tetapkan Harga Jual;2025-05-03 21:26:00;Admin Penjualan;Robot Vacuum Cleaner;Peralatan Rumah Tangga;Gudang Cabang (Bandung);;;Rp 3.665.000;16,20%
BRG-362;Barang Siap Dijual;2025-05-04 09:26:00;Gudang Cabang (Bandung);Robot Vacuum Cleaner;Peralatan Rumah Tangga;Gudang Cabang (Bandung);;;;
BRG-363;Pesan Barang ke Pemasok;2025-01-31 11:02:00;PT Indo Sarana;Blender High Power;Peralatan Rumah Tangga;Gudang Cabang (Medan);Rp 919.000;;;
BRG-363;Terima Barang di Gudang;2025-02-09 17:02:00;Gudang Cabang (Medan);Blender High Power;Peralatan Rumah Tangga;Gudang Cabang (Medan);;93;;
BRG-363;Tetapkan Harga Jual;2025-02-10 23:02:00;Admin Penjualan;Blender High Power;Peralatan Rumah Tangga;Gudang Cabang (Medan);;;Rp 1.065.000;15,89%
BRG-363;Barang Siap Dijual;2025-02-11 07:02:00;Gudang Cabang (Medan);Blender High Power;Peralatan Rumah Tangga;Gudang Cabang (Medan);;;;
BRG-364;Pesan Barang ke Pemasok;2025-01-01 08:23:00;PT Mega Elektronik;Access Point Enterprise;Peralatan Jaringan;Gudang Cabang (Medan);Rp 2.660.000;;;
BRG-364;Terima Barang di Gudang;2025-01-06 15:23:00;Gudang Cabang (Medan);Access Point Enterprise;Peralatan Jaringan;Gudang Cabang (Medan);;43;;
BRG-364;Tetapkan Harga Jual;2025-01-09 20:23:00;Admin Penjualan;Access Point Enterprise;Peralatan Jaringan;Gudang Cabang (Medan);;;Rp 3.280.000;23,31%
BRG-364;Barang Siap Dijual;2025-01-10 09:23:00;Gudang Cabang (Medan);Access Point Enterprise;Peralatan Jaringan;Gudang Cabang (Medan);;;;
BRG-365;Pesan Barang ke Pemasok;2025-02-28 12:13:00;PT Mega Elektronik;External SSD 1TB;Aksesoris Komputer;Gudang Cabang (Bandung);Rp 1.596.000;;;
BRG-365;Terima Barang di Gudang;2025-03-08 17:13:00;Gudang Cabang (Bandung);External SSD 1TB;Aksesoris Komputer;Gudang Cabang (Bandung);;62;;
BRG-365;Tetapkan Harga Jual;2025-03-09 20:13:00;Admin Penjualan;External SSD 1TB;Aksesoris Komputer;Gudang Cabang (Bandung);;;Rp 1.912.000;19,80%
BRG-365;Barang Siap Dijual;2025-03-10 03:13:00;Gudang Cabang (Bandung);External SSD 1TB;Aksesoris Komputer;Gudang Cabang (Bandung);;;;
BRG-366;Pesan Barang ke Pemasok;2025-01-29 08:32:00;CV Bina Logistik;Air Purifier HEPA;Peralatan Rumah Tangga;Gudang Cabang (Bandung);Rp 2.379.000;;;
BRG-366;Terima Barang di Gudang;2025-02-11 14:32:00;Gudang Cabang (Bandung);Air Purifier HEPA;Peralatan Rumah Tangga;Gudang Cabang (Bandung);;111;;
BRG-366;Tetapkan Harga Jual;2025-02-11 16:32:00;Admin Penjualan;Air Purifier HEPA;Peralatan Rumah Tangga;Gudang Cabang (Bandung);;;Rp 2.932.000;23,25%
BRG-366;Barang Siap Dijual;2025-02-11 23:32:00;Gudang Cabang (Bandung);Air Purifier HEPA;Peralatan Rumah Tangga;Gudang Cabang (Bandung);;;;
BRG-367;Pesan Barang ke Pemasok;2025-01-18 09:43:00;PT Techindo Jaya;Mesin Kopi Espresso;Peralatan Rumah Tangga;Gudang Cabang (Medan);Rp 2.569.000;;;
BRG-367;Terima Barang di Gudang;2025-01-28 09:43:00;Gudang Cabang (Medan);Mesin Kopi Espresso;Peralatan Rumah Tangga;Gudang Cabang (Medan);;170;;
BRG-367;Tetapkan Harga Jual;2025-01-31 14:43:00;Admin Penjualan;Mesin Kopi Espresso;Peralatan Rumah Tangga;Gudang Cabang (Medan);;;Rp 3.058.000;19,03%
BRG-367;Barang Siap Dijual;2025-02-01 12:43:00;Gudang Cabang (Medan);Mesin Kopi Espresso;Peralatan Rumah Tangga;Gudang Cabang (Medan);;;;
BRG-368;Pesan Barang ke Pemasok;2025-06-30 08:49:00;PT Techindo Jaya;Kursi Ergonomis;Peralatan Kantor;Gudang Cabang (Surabaya);Rp 3.446.000;;;
BRG-368;Terima Barang di Gudang;2025-07-04 08:49:00;Gudang Cabang (Surabaya);Kursi Ergonomis;Peralatan Kantor;Gudang Cabang (Surabaya);;53;;
BRG-368;Tetapkan Harga Jual;2025-07-07 12:49:00;Admin Penjualan;Kursi Ergonomis;Peralatan Kantor;Gudang Cabang (Surabaya);;;Rp 4.462.000;29,48%
BRG-368;Barang Siap Dijual;2025-07-07 20:49:00;Gudang Cabang (Surabaya);Kursi Ergonomis;Peralatan Kantor;Gudang Cabang (Surabaya);;;;
BRG-369;Pesan Barang ke Pemasok;2025-05-19 11:42:00;CV Sentosa Perkasa;Blender High Power;Peralatan Rumah Tangga;Gudang Cabang (Bandung);Rp 1.032.000;;;
BRG-369;Terima Barang di Gudang;2025-06-01 11:42:00;Gudang Cabang (Bandung);Blender High Power;Peralatan Rumah Tangga;Gudang Cabang (Bandung);;23;;
BRG-369;Tetapkan Harga Jual;2025-06-02 16:42:00;Admin Penjualan;Blender High Power;Peralatan Rumah Tangga;Gudang Cabang (Bandung);;;Rp 1.194.000;15,70%
BRG-369;Barang Siap Dijual;2025-06-03 02:42:00;Gudang Cabang (Bandung);Blender High Power;Peralatan Rumah Tangga;Gudang Cabang (Bandung);;;;
BRG-369;Peringatan Stok Rendah;2025-06-17 02:42:00;Gudang Cabang (Bandung);Blender High Power;Peralatan Rumah Tangga;Gudang Cabang (Bandung);;23;;
BRG-370;Pesan Barang ke Pemasok;2025-05-28 13:26:00;PT Techindo Jaya;Mesin Kopi Espresso;Peralatan Rumah Tangga;Gudang Cabang (Bandung);Rp 2.896.000;;;
BRG-370;Terima Barang di Gudang;2025-06-07 18:26:00;Gudang Cabang (Bandung);Mesin Kopi Espresso;Peralatan Rumah Tangga;Gudang Cabang (Bandung);;237;;
BRG-370;Tetapkan Harga Jual;2025-06-08 21:26:00;Admin Penjualan;Mesin Kopi Espresso;Peralatan Rumah Tangga;Gudang Cabang (Bandung);;;Rp 3.506.000;21,06%
BRG-370;Barang Siap Dijual;2025-06-09 02:26:00;Gudang Cabang (Bandung);Mesin Kopi Espresso;Peralatan Rumah Tangga;Gudang Cabang (Bandung);;;;
BRG-371;Pesan Barang ke Pemasok;2025-06-19 16:53:00;CV Bina Logistik;Mouse Wireless RGB;Aksesoris Komputer;Gudang Cabang (Bandung);Rp 401.000;;;
BRG-371;Terima Barang di Gudang;2025-06-23 22:53:00;Gudang Cabang (Bandung);Mouse Wireless RGB;Aksesoris Komputer;Gudang Cabang (Bandung);;183;;
BRG-371;Tetapkan Harga Jual;2025-06-26 01:53:00;Admin Penjualan;Mouse Wireless RGB;Aksesoris Komputer;Gudang Cabang (Bandung);;;Rp 534.000;33,17%
BRG-371;Barang Siap Dijual;2025-06-26 03:53:00;Gudang Cabang (Bandung);Mouse Wireless RGB;Aksesoris Komputer;Gudang Cabang (Bandung);;;;
BRG-372;Pesan Barang ke Pemasok;2025-05-23 10:59:00;PT Mandiri Utama;Mesin Kopi Espresso;Peralatan Rumah Tangga;Gudang Cabang (Medan);Rp 3.815.000;;;
BRG-372;Terima Barang di Gudang;2025-06-03 16:59:00;Gudang Cabang (Medan);Mesin Kopi Espresso;Peralatan Rumah Tangga;Gudang Cabang (Medan);;77;;
BRG-372;Tetapkan Harga Jual;2025-06-06 17:59:00;Admin Penjualan;Mesin Kopi Espresso;Peralatan Rumah Tangga;Gudang Cabang (Medan);;;Rp 4.632.000;21,42%
BRG-372;Barang Siap Dijual;2025-06-07 05:59:00;Gudang Cabang (Medan);Mesin Kopi Espresso;Peralatan Rumah Tangga;Gudang Cabang (Medan);;;;
BRG-373;Pesan Barang ke Pemasok;2025-06-14 14:30:00;PT Mandiri Utama;Access Point Enterprise;Peralatan Jaringan;Gudang Cabang (Medan);Rp 1.846.000;;;
BRG-373;Terima Barang di Gudang;2025-06-27 22:30:00;Gudang Cabang (Medan);Access Point Enterprise;Peralatan Jaringan;Gudang Cabang (Medan);;136;;
BRG-373;Tetapkan Harga Jual;2025-06-30 04:30:00;Admin Penjualan;Access Point Enterprise;Peralatan Jaringan;Gudang Cabang (Medan);;;Rp 2.219.000;20,21%
BRG-373;Barang Siap Dijual;2025-06-30 18:30:00;Gudang Cabang (Medan);Access Point Enterprise;Peralatan Jaringan;Gudang Cabang (Medan);;;;
BRG-374;Pesan Barang ke Pemasok;2025-04-15 10:32:00;CV Sentosa Perkasa;Smart TV 55 Inch;Elektronik;Gudang Cabang (Surabaya);Rp 11.389.000;;;
BRG-374;Terima Barang di Gudang;2025-04-20 16:32:00;Gudang Cabang (Surabaya);Smart TV 55 Inch;Elektronik;Gudang Cabang (Surabaya);;239;;
BRG-374;Tetapkan Harga Jual;2025-04-21 21:32:00;Admin Penjualan;Smart TV 55 Inch;Elektronik;Gudang Cabang (Surabaya);;;Rp 15.010.000;31,79%
BRG-374;Barang Siap Dijual;2025-04-22 13:32:00;Gudang Cabang (Surabaya);Smart TV 55 Inch;Elektronik;Gudang Cabang (Surabaya);;;;
BRG-375;Pesan Barang ke Pemasok;2025-03-03 11:50:00;PT Indo Sarana;Paper Shredder Heavy-Duty;Peralatan Kantor;Gudang Cabang (Bandung);Rp 895.000;;;
BRG-375;Terima Barang di Gudang;2025-03-08 13:50:00;Gudang Cabang (Bandung);Paper Shredder Heavy-Duty;Peralatan Kantor;Gudang Cabang (Bandung);;61;;
BRG-375;Tetapkan Harga Jual;2025-03-11 14:50:00;Admin Penjualan;Paper Shredder Heavy-Duty;Peralatan Kantor;Gudang Cabang (Bandung);;;Rp 1.129.000;26,15%
BRG-375;Barang Siap Dijual;2025-03-12 08:50:00;Gudang Cabang (Bandung);Paper Shredder Heavy-Duty;Peralatan Kantor;Gudang Cabang (Bandung);;;;
BRG-376;Pesan Barang ke Pemasok;2025-04-16 15:06:00;PT Indo Sarana;Monitor 4K 27 Inch;Elektronik;Gudang Cabang (Medan);Rp 5.820.000;;;
BRG-376;Terima Barang di Gudang;2025-04-25 23:06:00;Gudang Cabang (Medan);Monitor 4K 27 Inch;Elektronik;Gudang Cabang (Medan);;153;;
BRG-376;Tetapkan Harga Jual;2025-04-27 03:06:00;Admin Penjualan;Monitor 4K 27 Inch;Elektronik;Gudang Cabang (Medan);;;Rp 7.781.000;33,69%
BRG-376;Barang Siap Dijual;2025-04-27 11:06:00;Gudang Cabang (Medan);Monitor 4K 27 Inch;Elektronik;Gudang Cabang (Medan);;;;
BRG-377;Pesan Barang ke Pemasok;2025-03-07 11:28:00;CV Bina Logistik;Meja Stand-Desk Auto;Peralatan Kantor;Gudang Cabang (Bandung);Rp 3.322.000;;;
BRG-377;Terima Barang di Gudang;2025-03-13 12:28:00;Gudang Cabang (Bandung);Meja Stand-Desk Auto;Peralatan Kantor;Gudang Cabang (Bandung);;102;;
BRG-377;Tetapkan Harga Jual;2025-03-16 15:28:00;Admin Penjualan;Meja Stand-Desk Auto;Peralatan Kantor;Gudang Cabang (Bandung);;;Rp 4.039.000;21,58%
BRG-377;Barang Siap Dijual;2025-03-16 18:28:00;Gudang Cabang (Bandung);Meja Stand-Desk Auto;Peralatan Kantor;Gudang Cabang (Bandung);;;;
BRG-378;Pesan Barang ke Pemasok;2025-05-18 11:15:00;PT Mega Elektronik;Blender High Power;Peralatan Rumah Tangga;Gudang Cabang (Medan);Rp 1.086.000;;;
BRG-378;Terima Barang di Gudang;2025-05-19 15:15:00;Gudang Cabang (Medan);Blender High Power;Peralatan Rumah Tangga;Gudang Cabang (Medan);;91;;
BRG-378;Tetapkan Harga Jual;2025-05-22 21:15:00;Admin Penjualan;Blender High Power;Peralatan Rumah Tangga;Gudang Cabang (Medan);;;Rp 1.453.000;33,79%
BRG-378;Barang Siap Dijual;2025-05-23 17:15:00;Gudang Cabang (Medan);Blender High Power;Peralatan Rumah Tangga;Gudang Cabang (Medan);;;;
BRG-379;Pesan Barang ke Pemasok;2025-06-04 08:40:00;CV Sentosa Perkasa;Microwave Digital;Peralatan Rumah Tangga;Gudang Cabang (Bandung);Rp 1.252.000;;;
BRG-379;Terima Barang di Gudang;2025-06-18 09:40:00;Gudang Cabang (Bandung);Microwave Digital;Peralatan Rumah Tangga;Gudang Cabang (Bandung);;95;;
BRG-379;Tetapkan Harga Jual;2025-06-19 14:40:00;Admin Penjualan;Microwave Digital;Peralatan Rumah Tangga;Gudang Cabang (Bandung);;;Rp 1.623.000;29,63%
BRG-379;Barang Siap Dijual;2025-06-20 14:40:00;Gudang Cabang (Bandung);Microwave Digital;Peralatan Rumah Tangga;Gudang Cabang (Bandung);;;;
BRG-380;Pesan Barang ke Pemasok;2025-06-21 17:32:00;PT Indo Sarana;NAS Storage 2-Bay;Peralatan Jaringan;Gudang Utama (Jakarta);Rp 3.271.000;;;
BRG-380;Terima Barang di Gudang;2025-06-26 00:32:00;Gudang Utama (Jakarta);NAS Storage 2-Bay;Peralatan Jaringan;Gudang Utama (Jakarta);;143;;
BRG-380;Tetapkan Harga Jual;2025-06-27 03:32:00;Admin Penjualan;NAS Storage 2-Bay;Peralatan Jaringan;Gudang Utama (Jakarta);;;Rp 4.361.000;33,32%
BRG-380;Barang Siap Dijual;2025-06-27 13:32:00;Gudang Utama (Jakarta);NAS Storage 2-Bay;Peralatan Jaringan;Gudang Utama (Jakarta);;;;
BRG-381;Pesan Barang ke Pemasok;2025-01-04 11:36:00;PT Techindo Jaya;Router Wi-Fi 6;Peralatan Jaringan;Gudang Utama (Jakarta);Rp 755.000;;;
BRG-381;Terima Barang di Gudang;2025-01-08 12:36:00;Gudang Utama (Jakarta);Router Wi-Fi 6;Peralatan Jaringan;Gudang Utama (Jakarta);;176;;
BRG-381;Tetapkan Harga Jual;2025-01-11 14:36:00;Admin Penjualan;Router Wi-Fi 6;Peralatan Jaringan;Gudang Utama (Jakarta);;;Rp 1.010.000;33,77%
BRG-381;Barang Siap Dijual;2025-01-12 13:36:00;Gudang Utama (Jakarta);Router Wi-Fi 6;Peralatan Jaringan;Gudang Utama (Jakarta);;;;
BRG-382;Pesan Barang ke Pemasok;2025-06-04 11:29:00;CV Sentosa Perkasa;Mesin Kopi Espresso;Peralatan Rumah Tangga;Gudang Utama (Jakarta);Rp 4.145.000;;;
BRG-382;Terima Barang di Gudang;2025-06-11 14:29:00;Gudang Utama (Jakarta);Mesin Kopi Espresso;Peralatan Rumah Tangga;Gudang Utama (Jakarta);;186;;
BRG-382;Tetapkan Harga Jual;2025-06-13 17:29:00;Admin Penjualan;Mesin Kopi Espresso;Peralatan Rumah Tangga;Gudang Utama (Jakarta);;;Rp 4.958.000;19,61%
BRG-382;Barang Siap Dijual;2025-06-14 06:29:00;Gudang Utama (Jakarta);Mesin Kopi Espresso;Peralatan Rumah Tangga;Gudang Utama (Jakarta);;;;
BRG-383;Pesan Barang ke Pemasok;2025-04-30 17:06:00;PT Indo Sarana;External SSD 1TB;Aksesoris Komputer;Gudang Cabang (Medan);Rp 1.578.000;;;
BRG-383;Terima Barang di Gudang;2025-05-11 22:06:00;Gudang Cabang (Medan);External SSD 1TB;Aksesoris Komputer;Gudang Cabang (Medan);;163;;
BRG-383;Tetapkan Harga Jual;2025-05-14 01:06:00;Admin Penjualan;External SSD 1TB;Aksesoris Komputer;Gudang Cabang (Medan);;;Rp 1.932.000;22,43%
BRG-383;Barang Siap Dijual;2025-05-14 13:06:00;Gudang Cabang (Medan);External SSD 1TB;Aksesoris Komputer;Gudang Cabang (Medan);;;;
BRG-384;Pesan Barang ke Pemasok;2025-05-12 16:29:00;PT Techindo Jaya;Air Purifier HEPA;Peralatan Rumah Tangga;Gudang Utama (Jakarta);Rp 1.213.000;;;
BRG-384;Terima Barang di Gudang;2025-05-20 17:29:00;Gudang Utama (Jakarta);Air Purifier HEPA;Peralatan Rumah Tangga;Gudang Utama (Jakarta);;110;;
BRG-384;Tetapkan Harga Jual;2025-05-23 20:29:00;Admin Penjualan;Air Purifier HEPA;Peralatan Rumah Tangga;Gudang Utama (Jakarta);;;Rp 1.524.000;25,64%
BRG-384;Barang Siap Dijual;2025-05-24 03:29:00;Gudang Utama (Jakarta);Air Purifier HEPA;Peralatan Rumah Tangga;Gudang Utama (Jakarta);;;;
BRG-385;Pesan Barang ke Pemasok;2025-04-05 13:20:00;CV Bina Logistik;Access Point Enterprise;Peralatan Jaringan;Gudang Cabang (Medan);Rp 2.323.000;;;
BRG-385;Terima Barang di Gudang;2025-04-12 13:20:00;Gudang Cabang (Medan);Access Point Enterprise;Peralatan Jaringan;Gudang Cabang (Medan);;9;;
BRG-385;Tetapkan Harga Jual;2025-04-13 19:20:00;Admin Penjualan;Access Point Enterprise;Peralatan Jaringan;Gudang Cabang (Medan);;;Rp 3.125.000;34,52%
BRG-385;Barang Siap Dijual;2025-04-14 00:20:00;Gudang Cabang (Medan);Access Point Enterprise;Peralatan Jaringan;Gudang Cabang (Medan);;;;
BRG-385;Peringatan Stok Rendah;2025-04-21 00:20:00;Gudang Cabang (Medan);Access Point Enterprise;Peralatan Jaringan;Gudang Cabang (Medan);;9;;
BRG-386;Pesan Barang ke Pemasok;2025-03-08 17:26:00;CV Sentosa Perkasa;Mouse Wireless RGB;Aksesoris Komputer;Gudang Cabang (Surabaya);Rp 200.000;;;
BRG-386;Terima Barang di Gudang;2025-03-18 23:26:00;Gudang Cabang (Surabaya);Mouse Wireless RGB;Aksesoris Komputer;Gudang Cabang (Surabaya);;66;;
BRG-386;Tetapkan Harga Jual;2025-03-21 01:26:00;Admin Penjualan;Mouse Wireless RGB;Aksesoris Komputer;Gudang Cabang (Surabaya);;;Rp 250.000;25,00%
BRG-386;Barang Siap Dijual;2025-03-21 08:26:00;Gudang Cabang (Surabaya);Mouse Wireless RGB;Aksesoris Komputer;Gudang Cabang (Surabaya);;;;
BRG-387;Pesan Barang ke Pemasok;2025-03-26 11:55:00;PT Mandiri Utama;Printer Laser Multifungsi;Peralatan Kantor;Gudang Cabang (Medan);Rp 3.464.000;;;
BRG-387;Terima Barang di Gudang;2025-04-02 14:55:00;Gudang Cabang (Medan);Printer Laser Multifungsi;Peralatan Kantor;Gudang Cabang (Medan);;250;;
BRG-387;Tetapkan Harga Jual;2025-04-05 19:55:00;Admin Penjualan;Printer Laser Multifungsi;Peralatan Kantor;Gudang Cabang (Medan);;;Rp 4.038.000;16,57%
BRG-387;Barang Siap Dijual;2025-04-06 16:55:00;Gudang Cabang (Medan);Printer Laser Multifungsi;Peralatan Kantor;Gudang Cabang (Medan);;;;
BRG-388;Pesan Barang ke Pemasok;2025-06-25 13:45:00;PT Techindo Jaya;Switch Gigabit 16-Port;Peralatan Jaringan;Gudang Utama (Jakarta);Rp 1.431.000;;;
BRG-388;Terima Barang di Gudang;2025-06-30 20:45:00;Gudang Utama (Jakarta);Switch Gigabit 16-Port;Peralatan Jaringan;Gudang Utama (Jakarta);;180;;
BRG-388;Tetapkan Harga Jual;2025-07-04 00:45:00;Admin Penjualan;Switch Gigabit 16-Port;Peralatan Jaringan;Gudang Utama (Jakarta);;;Rp 1.710.000;19,50%
BRG-388;Barang Siap Dijual;2025-07-04 06:45:00;Gudang Utama (Jakarta);Switch Gigabit 16-Port;Peralatan Jaringan;Gudang Utama (Jakarta);;;;
BRG-389;Pesan Barang ke Pemasok;2025-04-01 10:53:00;PT Techindo Jaya;Smart TV 55 Inch;Elektronik;Gudang Utama (Jakarta);Rp 8.181.000;;;
BRG-389;Terima Barang di Gudang;2025-04-04 18:53:00;Gudang Utama (Jakarta);Smart TV 55 Inch;Elektronik;Gudang Utama (Jakarta);;126;;
BRG-389;Tetapkan Harga Jual;2025-04-07 20:53:00;Admin Penjualan;Smart TV 55 Inch;Elektronik;Gudang Utama (Jakarta);;;Rp 10.025.000;22,54%
BRG-389;Barang Siap Dijual;2025-04-08 14:53:00;Gudang Utama (Jakarta);Smart TV 55 Inch;Elektronik;Gudang Utama (Jakarta);;;;
BRG-390;Pesan Barang ke Pemasok;2025-06-14 09:00:00;PT Mega Elektronik;Mouse Wireless RGB;Aksesoris Komputer;Gudang Utama (Jakarta);Rp 412.000;;;
BRG-390;Terima Barang di Gudang;2025-06-23 09:00:00;Gudang Utama (Jakarta);Mouse Wireless RGB;Aksesoris Komputer;Gudang Utama (Jakarta);;170;;
BRG-390;Tetapkan Harga Jual;2025-06-23 15:00:00;Admin Penjualan;Mouse Wireless RGB;Aksesoris Komputer;Gudang Utama (Jakarta);;;Rp 543.000;31,80%
BRG-390;Barang Siap Dijual;2025-06-23 17:00:00;Gudang Utama (Jakarta);Mouse Wireless RGB;Aksesoris Komputer;Gudang Utama (Jakarta);;;;
BRG-391;Pesan Barang ke Pemasok;2025-01-02 15:02:00;PT Indo Sarana;Router Wi-Fi 6;Peralatan Jaringan;Gudang Cabang (Medan);Rp 1.081.000;;;
BRG-391;Terima Barang di Gudang;2025-01-05 18:02:00;Gudang Cabang (Medan);Router Wi-Fi 6;Peralatan Jaringan;Gudang Cabang (Medan);;227;;
BRG-391;Tetapkan Harga Jual;2025-01-06 00:02:00;Admin Penjualan;Router Wi-Fi 6;Peralatan Jaringan;Gudang Cabang (Medan);;;Rp 1.288.000;19,15%
BRG-391;Barang Siap Dijual;2025-01-06 05:02:00;Gudang Cabang (Medan);Router Wi-Fi 6;Peralatan Jaringan;Gudang Cabang (Medan);;;;
BRG-392;Pesan Barang ke Pemasok;2025-01-03 11:43:00;CV Bina Logistik;Kursi Ergonomis;Peralatan Kantor;Gudang Utama (Jakarta);Rp 1.511.000;;;
BRG-392;Terima Barang di Gudang;2025-01-12 18:43:00;Gudang Utama (Jakarta);Kursi Ergonomis;Peralatan Kantor;Gudang Utama (Jakarta);;76;;
BRG-392;Tetapkan Harga Jual;2025-01-14 19:43:00;Admin Penjualan;Kursi Ergonomis;Peralatan Kantor;Gudang Utama (Jakarta);;;Rp 1.944.000;28,66%
BRG-392;Barang Siap Dijual;2025-01-15 15:43:00;Gudang Utama (Jakarta);Kursi Ergonomis;Peralatan Kantor;Gudang Utama (Jakarta);;;;
BRG-393;Pesan Barang ke Pemasok;2025-06-13 16:14:00;CV Sentosa Perkasa;Headset Gaming 7.1;Aksesoris Komputer;Gudang Cabang (Medan);Rp 316.000;;;
BRG-393;Terima Barang di Gudang;2025-06-24 23:14:00;Gudang Cabang (Medan);Headset Gaming 7.1;Aksesoris Komputer;Gudang Cabang (Medan);;155;;
BRG-393;Tetapkan Harga Jual;2025-06-25 00:14:00;Admin Penjualan;Headset Gaming 7.1;Aksesoris Komputer;Gudang Cabang (Medan);;;Rp 424.000;34,18%
BRG-393;Barang Siap Dijual;2025-06-25 18:14:00;Gudang Cabang (Medan);Headset Gaming 7.1;Aksesoris Komputer;Gudang Cabang (Medan);;;;
BRG-394;Pesan Barang ke Pemasok;2025-05-22 15:01:00;PT Mandiri Utama;Monitor 4K 27 Inch;Elektronik;Gudang Cabang (Surabaya);Rp 4.181.000;;;
BRG-394;Terima Barang di Gudang;2025-05-23 15:01:00;Gudang Cabang (Surabaya);Monitor 4K 27 Inch;Elektronik;Gudang Cabang (Surabaya);;150;;
BRG-394;Tetapkan Harga Jual;2025-05-25 20:01:00;Admin Penjualan;Monitor 4K 27 Inch;Elektronik;Gudang Cabang (Surabaya);;;Rp 5.279.000;26,26%
BRG-394;Barang Siap Dijual;2025-05-26 06:01:00;Gudang Cabang (Surabaya);Monitor 4K 27 Inch;Elektronik;Gudang Cabang (Surabaya);;;;
BRG-395;Pesan Barang ke Pemasok;2025-01-05 16:34:00;PT Techindo Jaya;Mesin Kopi Espresso;Peralatan Rumah Tangga;Gudang Cabang (Surabaya);Rp 4.815.000;;;
BRG-395;Terima Barang di Gudang;2025-01-19 22:34:00;Gudang Cabang (Surabaya);Mesin Kopi Espresso;Peralatan Rumah Tangga;Gudang Cabang (Surabaya);;190;;
BRG-395;Tetapkan Harga Jual;2025-01-20 23:34:00;Admin Penjualan;Mesin Kopi Espresso;Peralatan Rumah Tangga;Gudang Cabang (Surabaya);;;Rp 6.489.000;34,77%
BRG-395;Barang Siap Dijual;2025-01-21 03:34:00;Gudang Cabang (Surabaya);Mesin Kopi Espresso;Peralatan Rumah Tangga;Gudang Cabang (Surabaya);;;;
BRG-396;Pesan Barang ke Pemasok;2025-05-15 10:32:00;PT Mega Elektronik;Laptop Gaming Pro;Elektronik;Gudang Cabang (Medan);Rp 19.333.000;;;
BRG-396;Terima Barang di Gudang;2025-05-19 13:32:00;Gudang Cabang (Medan);Laptop Gaming Pro;Elektronik;Gudang Cabang (Medan);;24;;
BRG-396;Tetapkan Harga Jual;2025-05-21 16:32:00;Admin Penjualan;Laptop Gaming Pro;Elektronik;Gudang Cabang (Medan);;;Rp 23.130.000;19,64%
BRG-396;Barang Siap Dijual;2025-05-22 01:32:00;Gudang Cabang (Medan);Laptop Gaming Pro;Elektronik;Gudang Cabang (Medan);;;;
BRG-396;Peringatan Stok Rendah;2025-06-10 01:32:00;Gudang Cabang (Medan);Laptop Gaming Pro;Elektronik;Gudang Cabang (Medan);;24;;
BRG-397;Pesan Barang ke Pemasok;2025-01-21 14:22:00;PT Mandiri Utama;Kursi Ergonomis;Peralatan Kantor;Gudang Cabang (Bandung);Rp 2.346.000;;;
BRG-397;Terima Barang di Gudang;2025-01-28 21:22:00;Gudang Cabang (Bandung);Kursi Ergonomis;Peralatan Kantor;Gudang Cabang (Bandung);;120;;
BRG-397;Tetapkan Harga Jual;2025-01-30 03:22:00;Admin Penjualan;Kursi Ergonomis;Peralatan Kantor;Gudang Cabang (Bandung);;;Rp 3.065.000;30,65%
BRG-397;Barang Siap Dijual;2025-01-30 11:22:00;Gudang Cabang (Bandung);Kursi Ergonomis;Peralatan Kantor;Gudang Cabang (Bandung);;;;
BRG-398;Pesan Barang ke Pemasok;2025-03-18 09:22:00;CV Bina Logistik;Proyektor Portable;Peralatan Kantor;Gudang Cabang (Medan);Rp 3.774.000;;;
BRG-398;Terima Barang di Gudang;2025-03-29 09:22:00;Gudang Cabang (Medan);Proyektor Portable;Peralatan Kantor;Gudang Cabang (Medan);;179;;
BRG-398;Tetapkan Harga Jual;2025-03-29 13:22:00;Admin Penjualan;Proyektor Portable;Peralatan Kantor;Gudang Cabang (Medan);;;Rp 4.666.000;23,64%
BRG-398;Barang Siap Dijual;2025-03-30 02:22:00;Gudang Cabang (Medan);Proyektor Portable;Peralatan Kantor;Gudang Cabang (Medan);;;;
BRG-399;Pesan Barang ke Pemasok;2025-04-07 17:25:00;PT Techindo Jaya;Tablet Grafis;Elektronik;Gudang Utama (Jakarta);Rp 3.738.000;;;
BRG-399;Terima Barang di Gudang;2025-04-15 17:25:00;Gudang Utama (Jakarta);Tablet Grafis;Elektronik;Gudang Utama (Jakarta);;187;;
BRG-399;Tetapkan Harga Jual;2025-04-15 23:25:00;Admin Penjualan;Tablet Grafis;Elektronik;Gudang Utama (Jakarta);;;Rp 4.895.000;30,95%
BRG-399;Barang Siap Dijual;2025-04-16 05:25:00;Gudang Utama (Jakarta);Tablet Grafis;Elektronik;Gudang Utama (Jakarta);;;;
BRG-400;Pesan Barang ke Pemasok;2025-01-22 16:31:00;CV Sentosa Perkasa;Meja Stand-Desk Auto;Peralatan Kantor;Gudang Cabang (Medan);Rp 4.093.000;;;
BRG-400;Terima Barang di Gudang;2025-02-05 22:31:00;Gudang Cabang (Medan);Meja Stand-Desk Auto;Peralatan Kantor;Gudang Cabang (Medan);;167;;
BRG-400;Tetapkan Harga Jual;2025-02-08 03:31:00;Admin Penjualan;Meja Stand-Desk Auto;Peralatan Kantor;Gudang Cabang (Medan);;;Rp 5.289.000;29,22%
BRG-400;Barang Siap Dijual;2025-02-08 07:31:00;Gudang Cabang (Medan);Meja Stand-Desk Auto;Peralatan Kantor;Gudang Cabang (Medan);;;;
BRG-401;Pesan Barang ke Pemasok;2025-05-16 08:43:00;PT Mega Elektronik;Printer Laser Multifungsi;Peralatan Kantor;Gudang Cabang (Medan);Rp 2.246.000;;;
BRG-401;Terima Barang di Gudang;2025-05-20 11:43:00;Gudang Cabang (Medan);Printer Laser Multifungsi;Peralatan Kantor;Gudang Cabang (Medan);;246;;
BRG-401;Tetapkan Harga Jual;2025-05-23 14:43:00;Admin Penjualan;Printer Laser Multifungsi;Peralatan Kantor;Gudang Cabang (Medan);;;Rp 2.624.000;16,83%
BRG-401;Barang Siap Dijual;2025-05-23 16:43:00;Gudang Cabang (Medan);Printer Laser Multifungsi;Peralatan Kantor;Gudang Cabang (Medan);;;;
BRG-402;Pesan Barang ke Pemasok;2025-01-20 12:47:00;PT Mandiri Utama;Printer Laser Multifungsi;Peralatan Kantor;Gudang Cabang (Medan);Rp 2.228.000;;;
BRG-402;Terima Barang di Gudang;2025-01-29 12:47:00;Gudang Cabang (Medan);Printer Laser Multifungsi;Peralatan Kantor;Gudang Cabang (Medan);;52;;
BRG-402;Tetapkan Harga Jual;2025-01-30 15:47:00;Admin Penjualan;Printer Laser Multifungsi;Peralatan Kantor;Gudang Cabang (Medan);;;Rp 2.621.000;17,64%
BRG-402;Barang Siap Dijual;2025-01-30 16:47:00;Gudang Cabang (Medan);Printer Laser Multifungsi;Peralatan Kantor;Gudang Cabang (Medan);;;;
BRG-403;Pesan Barang ke Pemasok;2025-02-23 10:27:00;CV Bina Logistik;NAS Storage 2-Bay;Peralatan Jaringan;Gudang Utama (Jakarta);Rp 2.933.000;;;
BRG-403;Terima Barang di Gudang;2025-03-08 16:27:00;Gudang Utama (Jakarta);NAS Storage 2-Bay;Peralatan Jaringan;Gudang Utama (Jakarta);;95;;
BRG-403;Tetapkan Harga Jual;2025-03-08 19:27:00;Admin Penjualan;NAS Storage 2-Bay;Peralatan Jaringan;Gudang Utama (Jakarta);;;Rp 3.388.000;15,51%
BRG-403;Barang Siap Dijual;2025-03-09 01:27:00;Gudang Utama (Jakarta);NAS Storage 2-Bay;Peralatan Jaringan;Gudang Utama (Jakarta);;;;
BRG-404;Pesan Barang ke Pemasok;2025-05-25 12:06:00;PT Mandiri Utama;Access Point Enterprise;Peralatan Jaringan;Gudang Cabang (Medan);Rp 3.011.000;;;
BRG-404;Terima Barang di Gudang;2025-06-04 18:06:00;Gudang Cabang (Medan);Access Point Enterprise;Peralatan Jaringan;Gudang Cabang (Medan);;79;;
BRG-404;Tetapkan Harga Jual;2025-06-06 22:06:00;Admin Penjualan;Access Point Enterprise;Peralatan Jaringan;Gudang Cabang (Medan);;;Rp 3.694.000;22,68%
BRG-404;Barang Siap Dijual;2025-06-07 22:06:00;Gudang Cabang (Medan);Access Point Enterprise;Peralatan Jaringan;Gudang Cabang (Medan);;;;
BRG-405;Pesan Barang ke Pemasok;2025-02-05 09:20:00;PT Indo Sarana;Tablet Grafis;Elektronik;Gudang Cabang (Medan);Rp 3.518.000;;;
BRG-405;Terima Barang di Gudang;2025-02-14 14:20:00;Gudang Cabang (Medan);Tablet Grafis;Elektronik;Gudang Cabang (Medan);;48;;
BRG-405;Tetapkan Harga Jual;2025-02-14 15:20:00;Admin Penjualan;Tablet Grafis;Elektronik;Gudang Cabang (Medan);;;Rp 4.448.000;26,44%
BRG-405;Barang Siap Dijual;2025-02-15 05:20:00;Gudang Cabang (Medan);Tablet Grafis;Elektronik;Gudang Cabang (Medan);;;;
BRG-406;Pesan Barang ke Pemasok;2025-03-01 09:17:00;CV Sentosa Perkasa;Keyboard Mekanikal;Aksesoris Komputer;Gudang Utama (Jakarta);Rp 681.000;;;
BRG-406;Terima Barang di Gudang;2025-03-07 15:17:00;Gudang Utama (Jakarta);Keyboard Mekanikal;Aksesoris Komputer;Gudang Utama (Jakarta);;131;;
BRG-406;Tetapkan Harga Jual;2025-03-09 16:17:00;Admin Penjualan;Keyboard Mekanikal;Aksesoris Komputer;Gudang Utama (Jakarta);;;Rp 824.000;21,00%
BRG-406;Barang Siap Dijual;2025-03-10 13:17:00;Gudang Utama (Jakarta);Keyboard Mekanikal;Aksesoris Komputer;Gudang Utama (Jakarta);;;;
BRG-407;Pesan Barang ke Pemasok;2025-03-11 15:41:00;PT Techindo Jaya;Webcam HD 1080p;Aksesoris Komputer;Gudang Cabang (Surabaya);Rp 394.000;;;
BRG-407;Terima Barang di Gudang;2025-03-19 18:41:00;Gudang Cabang (Surabaya);Webcam HD 1080p;Aksesoris Komputer;Gudang Cabang (Surabaya);;128;;
BRG-407;Tetapkan Harga Jual;2025-03-21 23:41:00;Admin Penjualan;Webcam HD 1080p;Aksesoris Komputer;Gudang Cabang (Surabaya);;;Rp 486.000;23,35%
BRG-407;Barang Siap Dijual;2025-03-22 12:41:00;Gudang Cabang (Surabaya);Webcam HD 1080p;Aksesoris Komputer;Gudang Cabang (Surabaya);;;;
BRG-408;Pesan Barang ke Pemasok;2025-04-21 11:10:00;CV Bina Logistik;Meja Stand-Desk Auto;Peralatan Kantor;Gudang Cabang (Bandung);Rp 5.523.000;;;
BRG-408;Terima Barang di Gudang;2025-05-02 17:10:00;Gudang Cabang (Bandung);Meja Stand-Desk Auto;Peralatan Kantor;Gudang Cabang (Bandung);;157;;
BRG-408;Tetapkan Harga Jual;2025-05-02 22:10:00;Admin Penjualan;Meja Stand-Desk Auto;Peralatan Kantor;Gudang Cabang (Bandung);;;Rp 7.041.000;27,49%
BRG-408;Barang Siap Dijual;2025-05-03 08:10:00;Gudang Cabang (Bandung);Meja Stand-Desk Auto;Peralatan Kantor;Gudang Cabang (Bandung);;;;
BRG-409;Pesan Barang ke Pemasok;2025-03-05 09:15:00;PT Mandiri Utama;Air Purifier HEPA;Peralatan Rumah Tangga;Gudang Cabang (Surabaya);Rp 1.484.000;;;
BRG-409;Terima Barang di Gudang;2025-03-07 13:15:00;Gudang Cabang (Surabaya);Air Purifier HEPA;Peralatan Rumah Tangga;Gudang Cabang (Surabaya);;247;;
BRG-409;Tetapkan Harga Jual;2025-03-08 17:15:00;Admin Penjualan;Air Purifier HEPA;Peralatan Rumah Tangga;Gudang Cabang (Surabaya);;;Rp 1.797.000;21,09%
BRG-409;Barang Siap Dijual;2025-03-09 16:15:00;Gudang Cabang (Surabaya);Air Purifier HEPA;Peralatan Rumah Tangga;Gudang Cabang (Surabaya);;;;
BRG-410;Pesan Barang ke Pemasok;2025-06-12 10:37:00;PT Indo Sarana;NAS Storage 2-Bay;Peralatan Jaringan;Gudang Cabang (Bandung);Rp 3.882.000;;;
BRG-410;Terima Barang di Gudang;2025-06-24 16:37:00;Gudang Cabang (Bandung);NAS Storage 2-Bay;Peralatan Jaringan;Gudang Cabang (Bandung);;115;;
BRG-410;Tetapkan Harga Jual;2025-06-26 19:37:00;Admin Penjualan;NAS Storage 2-Bay;Peralatan Jaringan;Gudang Cabang (Bandung);;;Rp 4.806.000;23,80%
BRG-410;Barang Siap Dijual;2025-06-26 23:37:00;Gudang Cabang (Bandung);NAS Storage 2-Bay;Peralatan Jaringan;Gudang Cabang (Bandung);;;;
BRG-411;Pesan Barang ke Pemasok;2025-01-24 08:05:00;PT Mandiri Utama;Printer Laser Multifungsi;Peralatan Kantor;Gudang Cabang (Surabaya);Rp 4.330.000;;;
BRG-411;Terima Barang di Gudang;2025-01-29 15:05:00;Gudang Cabang (Surabaya);Printer Laser Multifungsi;Peralatan Kantor;Gudang Cabang (Surabaya);;56;;
BRG-411;Tetapkan Harga Jual;2025-01-31 18:05:00;Admin Penjualan;Printer Laser Multifungsi;Peralatan Kantor;Gudang Cabang (Surabaya);;;Rp 5.799.000;33,93%
BRG-411;Barang Siap Dijual;2025-01-31 22:05:00;Gudang Cabang (Surabaya);Printer Laser Multifungsi;Peralatan Kantor;Gudang Cabang (Surabaya);;;;
BRG-412;Pesan Barang ke Pemasok;2025-02-03 09:29:00;PT Indo Sarana;Webcam HD 1080p;Aksesoris Komputer;Gudang Cabang (Medan);Rp 417.000;;;
BRG-412;Terima Barang di Gudang;2025-02-06 15:29:00;Gudang Cabang (Medan);Webcam HD 1080p;Aksesoris Komputer;Gudang Cabang (Medan);;182;;
BRG-412;Tetapkan Harga Jual;2025-02-09 20:29:00;Admin Penjualan;Webcam HD 1080p;Aksesoris Komputer;Gudang Cabang (Medan);;;Rp 503.000;20,62%
BRG-412;Barang Siap Dijual;2025-02-10 14:29:00;Gudang Cabang (Medan);Webcam HD 1080p;Aksesoris Komputer;Gudang Cabang (Medan);;;;
BRG-413;Pesan Barang ke Pemasok;2025-05-12 14:57:00;PT Mandiri Utama;Switch Gigabit 16-Port;Peralatan Jaringan;Gudang Cabang (Surabaya);Rp 1.041.000;;;
BRG-413;Terima Barang di Gudang;2025-05-14 14:57:00;Gudang Cabang (Surabaya);Switch Gigabit 16-Port;Peralatan Jaringan;Gudang Cabang (Surabaya);;214;;
BRG-413;Tetapkan Harga Jual;2025-05-14 17:57:00;Admin Penjualan;Switch Gigabit 16-Port;Peralatan Jaringan;Gudang Cabang (Surabaya);;;Rp 1.275.000;22,48%
BRG-413;Barang Siap Dijual;2025-05-15 11:57:00;Gudang Cabang (Surabaya);Switch Gigabit 16-Port;Peralatan Jaringan;Gudang Cabang (Surabaya);;;;
BRG-414;Pesan Barang ke Pemasok;2025-01-24 13:32:00;CV Sentosa Perkasa;Tablet Grafis;Elektronik;Gudang Utama (Jakarta);Rp 3.338.000;;;
BRG-414;Terima Barang di Gudang;2025-02-07 19:32:00;Gudang Utama (Jakarta);Tablet Grafis;Elektronik;Gudang Utama (Jakarta);;144;;
BRG-414;Tetapkan Harga Jual;2025-02-07 22:32:00;Admin Penjualan;Tablet Grafis;Elektronik;Gudang Utama (Jakarta);;;Rp 4.234.000;26,84%
BRG-414;Barang Siap Dijual;2025-02-08 12:32:00;Gudang Utama (Jakarta);Tablet Grafis;Elektronik;Gudang Utama (Jakarta);;;;
BRG-415;Pesan Barang ke Pemasok;2025-04-10 09:26:00;PT Indo Sarana;Mesin Kopi Espresso;Peralatan Rumah Tangga;Gudang Utama (Jakarta);Rp 3.339.000;;;
BRG-415;Terima Barang di Gudang;2025-04-22 17:26:00;Gudang Utama (Jakarta);Mesin Kopi Espresso;Peralatan Rumah Tangga;Gudang Utama (Jakarta);;217;;
BRG-415;Tetapkan Harga Jual;2025-04-23 22:26:00;Admin Penjualan;Mesin Kopi Espresso;Peralatan Rumah Tangga;Gudang Utama (Jakarta);;;Rp 4.372.000;30,94%
BRG-415;Barang Siap Dijual;2025-04-24 15:26:00;Gudang Utama (Jakarta);Mesin Kopi Espresso;Peralatan Rumah Tangga;Gudang Utama (Jakarta);;;;
BRG-416;Pesan Barang ke Pemasok;2025-02-13 14:29:00;PT Mega Elektronik;Microwave Digital;Peralatan Rumah Tangga;Gudang Cabang (Bandung);Rp 1.191.000;;;
BRG-416;Terima Barang di Gudang;2025-02-16 16:29:00;Gudang Cabang (Bandung);Microwave Digital;Peralatan Rumah Tangga;Gudang Cabang (Bandung);;66;;
BRG-416;Tetapkan Harga Jual;2025-02-18 19:29:00;Admin Penjualan;Microwave Digital;Peralatan Rumah Tangga;Gudang Cabang (Bandung);;;Rp 1.520.000;27,62%
BRG-416;Barang Siap Dijual;2025-02-19 04:29:00;Gudang Cabang (Bandung);Microwave Digital;Peralatan Rumah Tangga;Gudang Cabang (Bandung);;;;
BRG-417;Pesan Barang ke Pemasok;2025-05-07 10:29:00;PT Mandiri Utama;Microwave Digital;Peralatan Rumah Tangga;Gudang Cabang (Medan);Rp 1.055.000;;;
BRG-417;Terima Barang di Gudang;2025-05-09 12:29:00;Gudang Cabang (Medan);Microwave Digital;Peralatan Rumah Tangga;Gudang Cabang (Medan);;158;;
BRG-417;Tetapkan Harga Jual;2025-05-12 15:29:00;Admin Penjualan;Microwave Digital;Peralatan Rumah Tangga;Gudang Cabang (Medan);;;Rp 1.308.000;23,98%
BRG-417;Barang Siap Dijual;2025-05-13 05:29:00;Gudang Cabang (Medan);Microwave Digital;Peralatan Rumah Tangga;Gudang Cabang (Medan);;;;
BRG-418;Pesan Barang ke Pemasok;2025-03-18 16:15:00;PT Indo Sarana;NAS Storage 2-Bay;Peralatan Jaringan;Gudang Utama (Jakarta);Rp 4.780.000;;;
BRG-418;Terima Barang di Gudang;2025-03-31 17:15:00;Gudang Utama (Jakarta);NAS Storage 2-Bay;Peralatan Jaringan;Gudang Utama (Jakarta);;97;;
BRG-418;Tetapkan Harga Jual;2025-04-02 20:15:00;Admin Penjualan;NAS Storage 2-Bay;Peralatan Jaringan;Gudang Utama (Jakarta);;;Rp 5.532.000;15,73%
BRG-418;Barang Siap Dijual;2025-04-03 04:15:00;Gudang Utama (Jakarta);NAS Storage 2-Bay;Peralatan Jaringan;Gudang Utama (Jakarta);;;;
BRG-419;Pesan Barang ke Pemasok;2025-06-10 16:27:00;PT Techindo Jaya;Smartphone Flagship;Elektronik;Gudang Cabang (Medan);Rp 13.956.000;;;
BRG-419;Terima Barang di Gudang;2025-06-20 19:27:00;Gudang Cabang (Medan);Smartphone Flagship;Elektronik;Gudang Cabang (Medan);;161;;
BRG-419;Tetapkan Harga Jual;2025-06-23 20:27:00;Admin Penjualan;Smartphone Flagship;Elektronik;Gudang Cabang (Medan);;;Rp 16.513.000;18,32%
BRG-419;Barang Siap Dijual;2025-06-24 01:27:00;Gudang Cabang (Medan);Smartphone Flagship;Elektronik;Gudang Cabang (Medan);;;;
BRG-420;Pesan Barang ke Pemasok;2025-03-19 08:06:00;CV Sentosa Perkasa;Paper Shredder Heavy-Duty;Peralatan Kantor;Gudang Cabang (Bandung);Rp 1.022.000;;;
BRG-420;Terima Barang di Gudang;2025-03-26 13:06:00;Gudang Cabang (Bandung);Paper Shredder Heavy-Duty;Peralatan Kantor;Gudang Cabang (Bandung);;71;;
BRG-420;Tetapkan Harga Jual;2025-03-29 16:06:00;Admin Penjualan;Paper Shredder Heavy-Duty;Peralatan Kantor;Gudang Cabang (Bandung);;;Rp 1.177.000;15,17%
BRG-420;Barang Siap Dijual;2025-03-30 07:06:00;Gudang Cabang (Bandung);Paper Shredder Heavy-Duty;Peralatan Kantor;Gudang Cabang (Bandung);;;;
BRG-421;Pesan Barang ke Pemasok;2025-03-27 15:20:00;CV Bina Logistik;Robot Vacuum Cleaner;Peralatan Rumah Tangga;Gudang Cabang (Bandung);Rp 3.640.000;;;
BRG-421;Terima Barang di Gudang;2025-04-10 17:20:00;Gudang Cabang (Bandung);Robot Vacuum Cleaner;Peralatan Rumah Tangga;Gudang Cabang (Bandung);;178;;
BRG-421;Tetapkan Harga Jual;2025-04-12 20:20:00;Admin Penjualan;Robot Vacuum Cleaner;Peralatan Rumah Tangga;Gudang Cabang (Bandung);;;Rp 4.523.000;24,26%
BRG-421;Barang Siap Dijual;2025-04-13 16:20:00;Gudang Cabang (Bandung);Robot Vacuum Cleaner;Peralatan Rumah Tangga;Gudang Cabang (Bandung);;;;
BRG-422;Pesan Barang ke Pemasok;2025-06-27 11:25:00;PT Techindo Jaya;Kursi Ergonomis;Peralatan Kantor;Gudang Utama (Jakarta);Rp 3.224.000;;;
BRG-422;Terima Barang di Gudang;2025-07-05 16:25:00;Gudang Utama (Jakarta);Kursi Ergonomis;Peralatan Kantor;Gudang Utama (Jakarta);;111;;
BRG-422;Tetapkan Harga Jual;2025-07-06 20:25:00;Admin Penjualan;Kursi Ergonomis;Peralatan Kantor;Gudang Utama (Jakarta);;;Rp 3.775.000;17,09%
BRG-422;Barang Siap Dijual;2025-07-07 07:25:00;Gudang Utama (Jakarta);Kursi Ergonomis;Peralatan Kantor;Gudang Utama (Jakarta);;;;
BRG-423;Pesan Barang ke Pemasok;2025-03-16 16:22:00;CV Sentosa Perkasa;Headset Gaming 7.1;Aksesoris Komputer;Gudang Cabang (Medan);Rp 627.000;;;
BRG-423;Terima Barang di Gudang;2025-03-26 19:22:00;Gudang Cabang (Medan);Headset Gaming 7.1;Aksesoris Komputer;Gudang Cabang (Medan);;205;;
BRG-423;Tetapkan Harga Jual;2025-03-28 23:22:00;Admin Penjualan;Headset Gaming 7.1;Aksesoris Komputer;Gudang Cabang (Medan);;;Rp 764.000;21,85%
BRG-423;Barang Siap Dijual;2025-03-29 08:22:00;Gudang Cabang (Medan);Headset Gaming 7.1;Aksesoris Komputer;Gudang Cabang (Medan);;;;
BRG-424;Pesan Barang ke Pemasok;2025-04-11 14:13:00;PT Mandiri Utama;Paper Shredder Heavy-Duty;Peralatan Kantor;Gudang Cabang (Surabaya);Rp 1.004.000;;;
BRG-424;Terima Barang di Gudang;2025-04-13 17:13:00;Gudang Cabang (Surabaya);Paper Shredder Heavy-Duty;Peralatan Kantor;Gudang Cabang (Surabaya);;183;;
BRG-424;Tetapkan Harga Jual;2025-04-14 23:13:00;Admin Penjualan;Paper Shredder Heavy-Duty;Peralatan Kantor;Gudang Cabang (Surabaya);;;Rp 1.242.000;23,71%
BRG-424;Barang Siap Dijual;2025-04-15 17:13:00;Gudang Cabang (Surabaya);Paper Shredder Heavy-Duty;Peralatan Kantor;Gudang Cabang (Surabaya);;;;
BRG-425;Pesan Barang ke Pemasok;2025-01-07 15:52:00;PT Techindo Jaya;Monitor 4K 27 Inch;Elektronik;Gudang Cabang (Surabaya);Rp 3.687.000;;;
BRG-425;Terima Barang di Gudang;2025-01-19 18:52:00;Gudang Cabang (Surabaya);Monitor 4K 27 Inch;Elektronik;Gudang Cabang (Surabaya);;34;;
BRG-425;Tetapkan Harga Jual;2025-01-22 21:52:00;Admin Penjualan;Monitor 4K 27 Inch;Elektronik;Gudang Cabang (Surabaya);;;Rp 4.837.000;31,19%
BRG-425;Barang Siap Dijual;2025-01-23 20:52:00;Gudang Cabang (Surabaya);Monitor 4K 27 Inch;Elektronik;Gudang Cabang (Surabaya);;;;
BRG-426;Pesan Barang ke Pemasok;2025-01-18 14:58:00;CV Sentosa Perkasa;Smartphone Flagship;Elektronik;Gudang Cabang (Surabaya);Rp 12.092.000;;;
BRG-426;Terima Barang di Gudang;2025-01-29 21:58:00;Gudang Cabang (Surabaya);Smartphone Flagship;Elektronik;Gudang Cabang (Surabaya);;146;;
BRG-426;Tetapkan Harga Jual;2025-01-31 03:58:00;Admin Penjualan;Smartphone Flagship;Elektronik;Gudang Cabang (Surabaya);;;Rp 15.153.000;25,31%
BRG-426;Barang Siap Dijual;2025-01-31 13:58:00;Gudang Cabang (Surabaya);Smartphone Flagship;Elektronik;Gudang Cabang (Surabaya);;;;
BRG-427;Pesan Barang ke Pemasok;2025-03-03 12:18:00;PT Indo Sarana;NAS Storage 2-Bay;Peralatan Jaringan;Gudang Cabang (Bandung);Rp 4.437.000;;;
BRG-427;Terima Barang di Gudang;2025-03-14 14:18:00;Gudang Cabang (Bandung);NAS Storage 2-Bay;Peralatan Jaringan;Gudang Cabang (Bandung);;108;;
BRG-427;Tetapkan Harga Jual;2025-03-17 18:18:00;Admin Penjualan;NAS Storage 2-Bay;Peralatan Jaringan;Gudang Cabang (Bandung);;;Rp 5.308.000;19,63%
BRG-427;Barang Siap Dijual;2025-03-17 21:18:00;Gudang Cabang (Bandung);NAS Storage 2-Bay;Peralatan Jaringan;Gudang Cabang (Bandung);;;;
BRG-428;Pesan Barang ke Pemasok;2025-04-25 16:10:00;CV Sentosa Perkasa;Webcam HD 1080p;Aksesoris Komputer;Gudang Cabang (Medan);Rp 457.000;;;
BRG-428;Terima Barang di Gudang;2025-05-05 22:10:00;Gudang Cabang (Medan);Webcam HD 1080p;Aksesoris Komputer;Gudang Cabang (Medan);;162;;
BRG-428;Tetapkan Harga Jual;2025-05-09 03:10:00;Admin Penjualan;Webcam HD 1080p;Aksesoris Komputer;Gudang Cabang (Medan);;;Rp 528.000;15,54%
BRG-428;Barang Siap Dijual;2025-05-09 05:10:00;Gudang Cabang (Medan);Webcam HD 1080p;Aksesoris Komputer;Gudang Cabang (Medan);;;;
BRG-429;Pesan Barang ke Pemasok;2025-04-03 17:09:00;CV Sentosa Perkasa;NAS Storage 2-Bay;Peralatan Jaringan;Gudang Cabang (Surabaya);Rp 4.130.000;;;
BRG-429;Terima Barang di Gudang;2025-04-13 18:09:00;Gudang Cabang (Surabaya);NAS Storage 2-Bay;Peralatan Jaringan;Gudang Cabang (Surabaya);;59;;
BRG-429;Tetapkan Harga Jual;2025-04-13 20:09:00;Admin Penjualan;NAS Storage 2-Bay;Peralatan Jaringan;Gudang Cabang (Surabaya);;;Rp 4.753.000;15,08%
BRG-429;Barang Siap Dijual;2025-04-14 18:09:00;Gudang Cabang (Surabaya);NAS Storage 2-Bay;Peralatan Jaringan;Gudang Cabang (Surabaya);;;;
BRG-430;Pesan Barang ke Pemasok;2025-06-20 14:03:00;CV Sentosa Perkasa;Tablet Grafis;Elektronik;Gudang Cabang (Surabaya);Rp 2.926.000;;;
BRG-430;Terima Barang di Gudang;2025-06-23 14:03:00;Gudang Cabang (Surabaya);Tablet Grafis;Elektronik;Gudang Cabang (Surabaya);;142;;
BRG-430;Tetapkan Harga Jual;2025-06-26 17:03:00;Admin Penjualan;Tablet Grafis;Elektronik;Gudang Cabang (Surabaya);;;Rp 3.832.000;30,96%
BRG-430;Barang Siap Dijual;2025-06-27 07:03:00;Gudang Cabang (Surabaya);Tablet Grafis;Elektronik;Gudang Cabang (Surabaya);;;;
BRG-431;Pesan Barang ke Pemasok;2025-01-28 08:10:00;PT Mandiri Utama;Meja Stand-Desk Auto;Peralatan Kantor;Gudang Cabang (Surabaya);Rp 4.419.000;;;
BRG-431;Terima Barang di Gudang;2025-01-30 12:10:00;Gudang Cabang (Surabaya);Meja Stand-Desk Auto;Peralatan Kantor;Gudang Cabang (Surabaya);;176;;
BRG-431;Tetapkan Harga Jual;2025-01-31 17:10:00;Admin Penjualan;Meja Stand-Desk Auto;Peralatan Kantor;Gudang Cabang (Surabaya);;;Rp 5.182.000;17,27%
BRG-431;Barang Siap Dijual;2025-02-01 17:10:00;Gudang Cabang (Surabaya);Meja Stand-Desk Auto;Peralatan Kantor;Gudang Cabang (Surabaya);;;;
BRG-432;Pesan Barang ke Pemasok;2025-05-13 17:31:00;PT Mega Elektronik;NAS Storage 2-Bay;Peralatan Jaringan;Gudang Cabang (Surabaya);Rp 5.064.000;;;
BRG-432;Terima Barang di Gudang;2025-05-23 20:31:00;Gudang Cabang (Surabaya);NAS Storage 2-Bay;Peralatan Jaringan;Gudang Cabang (Surabaya);;34;;
BRG-432;Tetapkan Harga Jual;2025-05-26 23:31:00;Admin Penjualan;NAS Storage 2-Bay;Peralatan Jaringan;Gudang Cabang (Surabaya);;;Rp 6.221.000;22,85%
BRG-432;Barang Siap Dijual;2025-05-27 12:31:00;Gudang Cabang (Surabaya);NAS Storage 2-Bay;Peralatan Jaringan;Gudang Cabang (Surabaya);;;;
BRG-433;Pesan Barang ke Pemasok;2025-04-29 16:32:00;PT Mega Elektronik;Blender High Power;Peralatan Rumah Tangga;Gudang Utama (Jakarta);Rp 580.000;;;
BRG-433;Terima Barang di Gudang;2025-05-02 21:32:00;Gudang Utama (Jakarta);Blender High Power;Peralatan Rumah Tangga;Gudang Utama (Jakarta);;185;;
BRG-433;Tetapkan Harga Jual;2025-05-03 01:32:00;Admin Penjualan;Blender High Power;Peralatan Rumah Tangga;Gudang Utama (Jakarta);;;Rp 761.000;31,21%
BRG-433;Barang Siap Dijual;2025-05-03 05:32:00;Gudang Utama (Jakarta);Blender High Power;Peralatan Rumah Tangga;Gudang Utama (Jakarta);;;;
BRG-434;Pesan Barang ke Pemasok;2025-03-17 15:05:00;CV Sentosa Perkasa;Headset Gaming 7.1;Aksesoris Komputer;Gudang Cabang (Surabaya);Rp 423.000;;;
BRG-434;Terima Barang di Gudang;2025-03-19 16:05:00;Gudang Cabang (Surabaya);Headset Gaming 7.1;Aksesoris Komputer;Gudang Cabang (Surabaya);;34;;
BRG-434;Tetapkan Harga Jual;2025-03-20 19:05:00;Admin Penjualan;Headset Gaming 7.1;Aksesoris Komputer;Gudang Cabang (Surabaya);;;Rp 506.000;19,62%
BRG-434;Barang Siap Dijual;2025-03-21 05:05:00;Gudang Cabang (Surabaya);Headset Gaming 7.1;Aksesoris Komputer;Gudang Cabang (Surabaya);;;;
BRG-435;Pesan Barang ke Pemasok;2025-03-29 15:46:00;CV Bina Logistik;External SSD 1TB;Aksesoris Komputer;Gudang Cabang (Medan);Rp 1.507.000;;;
BRG-435;Terima Barang di Gudang;2025-04-11 18:46:00;Gudang Cabang (Medan);External SSD 1TB;Aksesoris Komputer;Gudang Cabang (Medan);;40;;
BRG-435;Tetapkan Harga Jual;2025-04-14 21:46:00;Admin Penjualan;External SSD 1TB;Aksesoris Komputer;Gudang Cabang (Medan);;;Rp 1.859.000;23,36%
BRG-435;Barang Siap Dijual;2025-04-15 13:46:00;Gudang Cabang (Medan);External SSD 1TB;Aksesoris Komputer;Gudang Cabang (Medan);;;;
BRG-436;Pesan Barang ke Pemasok;2025-01-25 15:28:00;PT Indo Sarana;Mesin Kopi Espresso;Peralatan Rumah Tangga;Gudang Cabang (Bandung);Rp 3.541.000;;;
BRG-436;Terima Barang di Gudang;2025-02-06 22:28:00;Gudang Cabang (Bandung);Mesin Kopi Espresso;Peralatan Rumah Tangga;Gudang Cabang (Bandung);;182;;
BRG-436;Tetapkan Harga Jual;2025-02-08 23:28:00;Admin Penjualan;Mesin Kopi Espresso;Peralatan Rumah Tangga;Gudang Cabang (Bandung);;;Rp 4.522.000;27,70%
BRG-436;Barang Siap Dijual;2025-02-09 09:28:00;Gudang Cabang (Bandung);Mesin Kopi Espresso;Peralatan Rumah Tangga;Gudang Cabang (Bandung);;;;
BRG-437;Pesan Barang ke Pemasok;2025-01-12 09:57:00;PT Mega Elektronik;Switch Gigabit 16-Port;Peralatan Jaringan;Gudang Cabang (Medan);Rp 1.213.000;;;
BRG-437;Terima Barang di Gudang;2025-01-13 14:57:00;Gudang Cabang (Medan);Switch Gigabit 16-Port;Peralatan Jaringan;Gudang Cabang (Medan);;52;;
BRG-437;Tetapkan Harga Jual;2025-01-13 20:57:00;Admin Penjualan;Switch Gigabit 16-Port;Peralatan Jaringan;Gudang Cabang (Medan);;;Rp 1.465.000;20,77%
BRG-437;Barang Siap Dijual;2025-01-14 02:57:00;Gudang Cabang (Medan);Switch Gigabit 16-Port;Peralatan Jaringan;Gudang Cabang (Medan);;;;
BRG-438;Pesan Barang ke Pemasok;2025-03-04 16:48:00;CV Sentosa Perkasa;Router Wi-Fi 6;Peralatan Jaringan;Gudang Cabang (Bandung);Rp 1.352.000;;;
BRG-438;Terima Barang di Gudang;2025-03-08 00:48:00;Gudang Cabang (Bandung);Router Wi-Fi 6;Peralatan Jaringan;Gudang Cabang (Bandung);;129;;
BRG-438;Tetapkan Harga Jual;2025-03-09 03:48:00;Admin Penjualan;Router Wi-Fi 6;Peralatan Jaringan;Gudang Cabang (Bandung);;;Rp 1.812.000;34,02%
BRG-438;Barang Siap Dijual;2025-03-09 21:48:00;Gudang Cabang (Bandung);Router Wi-Fi 6;Peralatan Jaringan;Gudang Cabang (Bandung);;;;
BRG-439;Pesan Barang ke Pemasok;2025-04-20 15:53:00;PT Indo Sarana;Blender High Power;Peralatan Rumah Tangga;Gudang Cabang (Medan);Rp 929.000;;;
BRG-439;Terima Barang di Gudang;2025-04-24 21:53:00;Gudang Cabang (Medan);Blender High Power;Peralatan Rumah Tangga;Gudang Cabang (Medan);;109;;
BRG-439;Tetapkan Harga Jual;2025-04-25 23:53:00;Admin Penjualan;Blender High Power;Peralatan Rumah Tangga;Gudang Cabang (Medan);;;Rp 1.189.000;27,99%
BRG-439;Barang Siap Dijual;2025-04-26 20:53:00;Gudang Cabang (Medan);Blender High Power;Peralatan Rumah Tangga;Gudang Cabang (Medan);;;;
BRG-440;Pesan Barang ke Pemasok;2025-06-18 15:22:00;PT Techindo Jaya;Microwave Digital;Peralatan Rumah Tangga;Gudang Cabang (Bandung);Rp 1.924.000;;;
BRG-440;Terima Barang di Gudang;2025-06-25 15:22:00;Gudang Cabang (Bandung);Microwave Digital;Peralatan Rumah Tangga;Gudang Cabang (Bandung);;149;;
BRG-440;Tetapkan Harga Jual;2025-06-26 19:22:00;Admin Penjualan;Microwave Digital;Peralatan Rumah Tangga;Gudang Cabang (Bandung);;;Rp 2.276.000;18,30%
BRG-440;Barang Siap Dijual;2025-06-27 14:22:00;Gudang Cabang (Bandung);Microwave Digital;Peralatan Rumah Tangga;Gudang Cabang (Bandung);;;;
BRG-441;Pesan Barang ke Pemasok;2025-04-20 14:38:00;CV Sentosa Perkasa;Kursi Ergonomis;Peralatan Kantor;Gudang Cabang (Medan);Rp 2.352.000;;;
BRG-441;Terima Barang di Gudang;2025-04-21 17:38:00;Gudang Cabang (Medan);Kursi Ergonomis;Peralatan Kantor;Gudang Cabang (Medan);;78;;
BRG-441;Tetapkan Harga Jual;2025-04-22 20:38:00;Admin Penjualan;Kursi Ergonomis;Peralatan Kantor;Gudang Cabang (Medan);;;Rp 2.810.000;19,47%
BRG-441;Barang Siap Dijual;2025-04-23 19:38:00;Gudang Cabang (Medan);Kursi Ergonomis;Peralatan Kantor;Gudang Cabang (Medan);;;;
BRG-442;Pesan Barang ke Pemasok;2025-01-17 17:51:00;PT Techindo Jaya;NAS Storage 2-Bay;Peralatan Jaringan;Gudang Cabang (Surabaya);Rp 4.805.000;;;
BRG-442;Terima Barang di Gudang;2025-01-20 01:51:00;Gudang Cabang (Surabaya);NAS Storage 2-Bay;Peralatan Jaringan;Gudang Cabang (Surabaya);;151;;
BRG-442;Tetapkan Harga Jual;2025-01-21 04:51:00;Admin Penjualan;NAS Storage 2-Bay;Peralatan Jaringan;Gudang Cabang (Surabaya);;;Rp 6.016.000;25,20%
BRG-442;Barang Siap Dijual;2025-01-21 15:51:00;Gudang Cabang (Surabaya);NAS Storage 2-Bay;Peralatan Jaringan;Gudang Cabang (Surabaya);;;;
BRG-443;Pesan Barang ke Pemasok;2025-02-20 15:48:00;PT Indo Sarana;Access Point Enterprise;Peralatan Jaringan;Gudang Cabang (Medan);Rp 2.336.000;;;
BRG-443;Terima Barang di Gudang;2025-02-22 19:48:00;Gudang Cabang (Medan);Access Point Enterprise;Peralatan Jaringan;Gudang Cabang (Medan);;15;;
BRG-443;Tetapkan Harga Jual;2025-02-26 00:48:00;Admin Penjualan;Access Point Enterprise;Peralatan Jaringan;Gudang Cabang (Medan);;;Rp 3.070.000;31,42%
BRG-443;Barang Siap Dijual;2025-02-26 21:48:00;Gudang Cabang (Medan);Access Point Enterprise;Peralatan Jaringan;Gudang Cabang (Medan);;;;
BRG-443;Peringatan Stok Rendah;2025-03-15 21:48:00;Gudang Cabang (Medan);Access Point Enterprise;Peralatan Jaringan;Gudang Cabang (Medan);;15;;
BRG-444;Pesan Barang ke Pemasok;2025-06-02 14:37:00;PT Indo Sarana;Switch Gigabit 16-Port;Peralatan Jaringan;Gudang Cabang (Bandung);Rp 1.145.000;;;
BRG-444;Terima Barang di Gudang;2025-06-12 20:37:00;Gudang Cabang (Bandung);Switch Gigabit 16-Port;Peralatan Jaringan;Gudang Cabang (Bandung);;217;;
BRG-444;Tetapkan Harga Jual;2025-06-12 23:37:00;Admin Penjualan;Switch Gigabit 16-Port;Peralatan Jaringan;Gudang Cabang (Bandung);;;Rp 1.340.000;17,03%
BRG-444;Barang Siap Dijual;2025-06-13 11:37:00;Gudang Cabang (Bandung);Switch Gigabit 16-Port;Peralatan Jaringan;Gudang Cabang (Bandung);;;;
BRG-445;Pesan Barang ke Pemasok;2025-04-28 10:56:00;PT Techindo Jaya;Kursi Ergonomis;Peralatan Kantor;Gudang Cabang (Medan);Rp 3.086.000;;;
BRG-445;Terima Barang di Gudang;2025-05-12 14:56:00;Gudang Cabang (Medan);Kursi Ergonomis;Peralatan Kantor;Gudang Cabang (Medan);;225;;
BRG-445;Tetapkan Harga Jual;2025-05-12 20:56:00;Admin Penjualan;Kursi Ergonomis;Peralatan Kantor;Gudang Cabang (Medan);;;Rp 3.711.000;20,25%
BRG-445;Barang Siap Dijual;2025-05-13 01:56:00;Gudang Cabang (Medan);Kursi Ergonomis;Peralatan Kantor;Gudang Cabang (Medan);;;;
BRG-446;Pesan Barang ke Pemasok;2025-03-22 10:00:00;PT Indo Sarana;Smartphone Flagship;Elektronik;Gudang Cabang (Surabaya);Rp 11.521.000;;;
BRG-446;Terima Barang di Gudang;2025-03-26 14:00:00;Gudang Cabang (Surabaya);Smartphone Flagship;Elektronik;Gudang Cabang (Surabaya);;155;;
BRG-446;Tetapkan Harga Jual;2025-03-26 16:00:00;Admin Penjualan;Smartphone Flagship;Elektronik;Gudang Cabang (Surabaya);;;Rp 15.117.000;31,21%
BRG-446;Barang Siap Dijual;2025-03-27 04:00:00;Gudang Cabang (Surabaya);Smartphone Flagship;Elektronik;Gudang Cabang (Surabaya);;;;
BRG-447;Pesan Barang ke Pemasok;2025-06-27 10:24:00;CV Sentosa Perkasa;NAS Storage 2-Bay;Peralatan Jaringan;Gudang Cabang (Bandung);Rp 3.196.000;;;
BRG-447;Terima Barang di Gudang;2025-07-06 16:24:00;Gudang Cabang (Bandung);NAS Storage 2-Bay;Peralatan Jaringan;Gudang Cabang (Bandung);;205;;
BRG-447;Tetapkan Harga Jual;2025-07-09 21:24:00;Admin Penjualan;NAS Storage 2-Bay;Peralatan Jaringan;Gudang Cabang (Bandung);;;Rp 4.069.000;27,32%
BRG-447;Barang Siap Dijual;2025-07-10 02:24:00;Gudang Cabang (Bandung);NAS Storage 2-Bay;Peralatan Jaringan;Gudang Cabang (Bandung);;;;
BRG-448;Pesan Barang ke Pemasok;2025-05-28 14:32:00;CV Bina Logistik;Tablet Grafis;Elektronik;Gudang Cabang (Bandung);Rp 3.971.000;;;
BRG-448;Terima Barang di Gudang;2025-06-04 16:32:00;Gudang Cabang (Bandung);Tablet Grafis;Elektronik;Gudang Cabang (Bandung);;157;;
BRG-448;Tetapkan Harga Jual;2025-06-07 22:32:00;Admin Penjualan;Tablet Grafis;Elektronik;Gudang Cabang (Bandung);;;Rp 4.989.000;25,64%
BRG-448;Barang Siap Dijual;2025-06-08 16:32:00;Gudang Cabang (Bandung);Tablet Grafis;Elektronik;Gudang Cabang (Bandung);;;;
BRG-449;Pesan Barang ke Pemasok;2025-06-27 10:57:00;CV Bina Logistik;Printer Laser Multifungsi;Peralatan Kantor;Gudang Utama (Jakarta);Rp 3.013.000;;;
BRG-449;Terima Barang di Gudang;2025-07-06 12:57:00;Gudang Utama (Jakarta);Printer Laser Multifungsi;Peralatan Kantor;Gudang Utama (Jakarta);;248;;
BRG-449;Tetapkan Harga Jual;2025-07-09 15:57:00;Admin Penjualan;Printer Laser Multifungsi;Peralatan Kantor;Gudang Utama (Jakarta);;;Rp 3.810.000;26,45%
BRG-449;Barang Siap Dijual;2025-07-09 20:57:00;Gudang Utama (Jakarta);Printer Laser Multifungsi;Peralatan Kantor;Gudang Utama (Jakarta);;;;
BRG-450;Pesan Barang ke Pemasok;2025-02-17 13:22:00;PT Indo Sarana;Webcam HD 1080p;Aksesoris Komputer;Gudang Cabang (Bandung);Rp 281.000;;;
BRG-450;Terima Barang di Gudang;2025-03-03 20:22:00;Gudang Cabang (Bandung);Webcam HD 1080p;Aksesoris Komputer;Gudang Cabang (Bandung);;226;;
BRG-450;Tetapkan Harga Jual;2025-03-03 23:22:00;Admin Penjualan;Webcam HD 1080p;Aksesoris Komputer;Gudang Cabang (Bandung);;;Rp 378.000;34,52%
BRG-450;Barang Siap Dijual;2025-03-04 00:22:00;Gudang Cabang (Bandung);Webcam HD 1080p;Aksesoris Komputer;Gudang Cabang (Bandung);;;;
BRG-451;Pesan Barang ke Pemasok;2025-05-05 10:19:00;CV Sentosa Perkasa;Keyboard Mekanikal;Aksesoris Komputer;Gudang Cabang (Medan);Rp 553.000;;;
BRG-451;Terima Barang di Gudang;2025-05-09 16:19:00;Gudang Cabang (Medan);Keyboard Mekanikal;Aksesoris Komputer;Gudang Cabang (Medan);;217;;
BRG-451;Tetapkan Harga Jual;2025-05-12 20:19:00;Admin Penjualan;Keyboard Mekanikal;Aksesoris Komputer;Gudang Cabang (Medan);;;Rp 714.000;29,11%
BRG-451;Barang Siap Dijual;2025-05-13 18:19:00;Gudang Cabang (Medan);Keyboard Mekanikal;Aksesoris Komputer;Gudang Cabang (Medan);;;;
BRG-452;Pesan Barang ke Pemasok;2025-05-06 15:05:00;PT Mandiri Utama;Mesin Kopi Espresso;Peralatan Rumah Tangga;Gudang Cabang (Medan);Rp 3.921.000;;;
BRG-452;Terima Barang di Gudang;2025-05-18 22:05:00;Gudang Cabang (Medan);Mesin Kopi Espresso;Peralatan Rumah Tangga;Gudang Cabang (Medan);;165;;
BRG-452;Tetapkan Harga Jual;2025-05-22 00:05:00;Admin Penjualan;Mesin Kopi Espresso;Peralatan Rumah Tangga;Gudang Cabang (Medan);;;Rp 5.005.000;27,65%
BRG-452;Barang Siap Dijual;2025-05-22 03:05:00;Gudang Cabang (Medan);Mesin Kopi Espresso;Peralatan Rumah Tangga;Gudang Cabang (Medan);;;;
BRG-453;Pesan Barang ke Pemasok;2025-05-25 08:31:00;PT Techindo Jaya;Air Purifier HEPA;Peralatan Rumah Tangga;Gudang Cabang (Medan);Rp 2.528.000;;;
BRG-453;Terima Barang di Gudang;2025-06-07 11:31:00;Gudang Cabang (Medan);Air Purifier HEPA;Peralatan Rumah Tangga;Gudang Cabang (Medan);;201;;
BRG-453;Tetapkan Harga Jual;2025-06-09 12:31:00;Admin Penjualan;Air Purifier HEPA;Peralatan Rumah Tangga;Gudang Cabang (Medan);;;Rp 3.308.000;30,85%
BRG-453;Barang Siap Dijual;2025-06-09 21:31:00;Gudang Cabang (Medan);Air Purifier HEPA;Peralatan Rumah Tangga;Gudang Cabang (Medan);;;;
BRG-454;Pesan Barang ke Pemasok;2025-02-27 17:10:00;PT Mandiri Utama;Access Point Enterprise;Peralatan Jaringan;Gudang Cabang (Medan);Rp 2.656.000;;;
BRG-454;Terima Barang di Gudang;2025-03-04 19:10:00;Gudang Cabang (Medan);Access Point Enterprise;Peralatan Jaringan;Gudang Cabang (Medan);;99;;
BRG-454;Tetapkan Harga Jual;2025-03-08 00:10:00;Admin Penjualan;Access Point Enterprise;Peralatan Jaringan;Gudang Cabang (Medan);;;Rp 3.551.000;33,70%
BRG-454;Barang Siap Dijual;2025-03-09 00:10:00;Gudang Cabang (Medan);Access Point Enterprise;Peralatan Jaringan;Gudang Cabang (Medan);;;;
BRG-455;Pesan Barang ke Pemasok;2025-05-07 17:22:00;PT Indo Sarana;Proyektor Portable;Peralatan Kantor;Gudang Utama (Jakarta);Rp 2.210.000;;;
BRG-455;Terima Barang di Gudang;2025-05-16 18:22:00;Gudang Utama (Jakarta);Proyektor Portable;Peralatan Kantor;Gudang Utama (Jakarta);;221;;
BRG-455;Tetapkan Harga Jual;2025-05-16 21:22:00;Admin Penjualan;Proyektor Portable;Peralatan Kantor;Gudang Utama (Jakarta);;;Rp 2.925.000;32,35%
BRG-455;Barang Siap Dijual;2025-05-17 15:22:00;Gudang Utama (Jakarta);Proyektor Portable;Peralatan Kantor;Gudang Utama (Jakarta);;;;
BRG-456;Pesan Barang ke Pemasok;2025-04-04 17:15:00;PT Mandiri Utama;Robot Vacuum Cleaner;Peralatan Rumah Tangga;Gudang Cabang (Bandung);Rp 5.565.000;;;
BRG-456;Terima Barang di Gudang;2025-04-18 17:15:00;Gudang Cabang (Bandung);Robot Vacuum Cleaner;Peralatan Rumah Tangga;Gudang Cabang (Bandung);;141;;
BRG-456;Tetapkan Harga Jual;2025-04-21 22:15:00;Admin Penjualan;Robot Vacuum Cleaner;Peralatan Rumah Tangga;Gudang Cabang (Bandung);;;Rp 6.470.000;16,26%
BRG-456;Barang Siap Dijual;2025-04-22 05:15:00;Gudang Cabang (Bandung);Robot Vacuum Cleaner;Peralatan Rumah Tangga;Gudang Cabang (Bandung);;;;
BRG-457;Pesan Barang ke Pemasok;2025-04-19 09:44:00;PT Mega Elektronik;Mesin Kopi Espresso;Peralatan Rumah Tangga;Gudang Cabang (Surabaya);Rp 3.574.000;;;
BRG-457;Terima Barang di Gudang;2025-05-01 12:44:00;Gudang Cabang (Surabaya);Mesin Kopi Espresso;Peralatan Rumah Tangga;Gudang Cabang (Surabaya);;217;;
BRG-457;Tetapkan Harga Jual;2025-05-03 13:44:00;Admin Penjualan;Mesin Kopi Espresso;Peralatan Rumah Tangga;Gudang Cabang (Surabaya);;;Rp 4.302.000;20,37%
BRG-457;Barang Siap Dijual;2025-05-04 04:44:00;Gudang Cabang (Surabaya);Mesin Kopi Espresso;Peralatan Rumah Tangga;Gudang Cabang (Surabaya);;;;
BRG-458;Pesan Barang ke Pemasok;2025-03-09 13:56:00;PT Mega Elektronik;Switch Gigabit 16-Port;Peralatan Jaringan;Gudang Utama (Jakarta);Rp 1.293.000;;;
BRG-458;Terima Barang di Gudang;2025-03-23 14:56:00;Gudang Utama (Jakarta);Switch Gigabit 16-Port;Peralatan Jaringan;Gudang Utama (Jakarta);;206;;
BRG-458;Tetapkan Harga Jual;2025-03-26 15:56:00;Admin Penjualan;Switch Gigabit 16-Port;Peralatan Jaringan;Gudang Utama (Jakarta);;;Rp 1.707.000;32,02%
BRG-458;Barang Siap Dijual;2025-03-26 23:56:00;Gudang Utama (Jakarta);Switch Gigabit 16-Port;Peralatan Jaringan;Gudang Utama (Jakarta);;;;
BRG-459;Pesan Barang ke Pemasok;2025-02-23 13:59:00;PT Techindo Jaya;Laptop Gaming Pro;Elektronik;Gudang Utama (Jakarta);Rp 22.505.000;;;
BRG-459;Terima Barang di Gudang;2025-03-09 19:59:00;Gudang Utama (Jakarta);Laptop Gaming Pro;Elektronik;Gudang Utama (Jakarta);;122;;
BRG-459;Tetapkan Harga Jual;2025-03-11 00:59:00;Admin Penjualan;Laptop Gaming Pro;Elektronik;Gudang Utama (Jakarta);;;Rp 29.409.000;30,68%
BRG-459;Barang Siap Dijual;2025-03-11 05:59:00;Gudang Utama (Jakarta);Laptop Gaming Pro;Elektronik;Gudang Utama (Jakarta);;;;
BRG-460;Pesan Barang ke Pemasok;2025-02-22 11:31:00;PT Mandiri Utama;Webcam HD 1080p;Aksesoris Komputer;Gudang Cabang (Bandung);Rp 489.000;;;
BRG-460;Terima Barang di Gudang;2025-03-07 11:31:00;Gudang Cabang (Bandung);Webcam HD 1080p;Aksesoris Komputer;Gudang Cabang (Bandung);;250;;
BRG-460;Tetapkan Harga Jual;2025-03-09 16:31:00;Admin Penjualan;Webcam HD 1080p;Aksesoris Komputer;Gudang Cabang (Bandung);;;Rp 562.000;14,93%
BRG-460;Barang Siap Dijual;2025-03-10 01:31:00;Gudang Cabang (Bandung);Webcam HD 1080p;Aksesoris Komputer;Gudang Cabang (Bandung);;;;
BRG-461;Pesan Barang ke Pemasok;2025-06-02 17:11:00;PT Mega Elektronik;Headset Gaming 7.1;Aksesoris Komputer;Gudang Utama (Jakarta);Rp 466.000;;;
BRG-461;Terima Barang di Gudang;2025-06-05 22:11:00;Gudang Utama (Jakarta);Headset Gaming 7.1;Aksesoris Komputer;Gudang Utama (Jakarta);;229;;
BRG-461;Tetapkan Harga Jual;2025-06-08 01:11:00;Admin Penjualan;Headset Gaming 7.1;Aksesoris Komputer;Gudang Utama (Jakarta);;;Rp 617.000;32,40%
BRG-461;Barang Siap Dijual;2025-06-08 20:11:00;Gudang Utama (Jakarta);Headset Gaming 7.1;Aksesoris Komputer;Gudang Utama (Jakarta);;;;
BRG-462;Pesan Barang ke Pemasok;2025-03-10 16:46:00;PT Indo Sarana;Printer Laser Multifungsi;Peralatan Kantor;Gudang Cabang (Bandung);Rp 2.145.000;;;
BRG-462;Terima Barang di Gudang;2025-03-21 17:46:00;Gudang Cabang (Bandung);Printer Laser Multifungsi;Peralatan Kantor;Gudang Cabang (Bandung);;236;;
BRG-462;Tetapkan Harga Jual;2025-03-22 21:46:00;Admin Penjualan;Printer Laser Multifungsi;Peralatan Kantor;Gudang Cabang (Bandung);;;Rp 2.626.000;22,42%
BRG-462;Barang Siap Dijual;2025-03-22 23:46:00;Gudang Cabang (Bandung);Printer Laser Multifungsi;Peralatan Kantor;Gudang Cabang (Bandung);;;;
BRG-463;Pesan Barang ke Pemasok;2025-03-12 10:09:00;CV Sentosa Perkasa;Smart TV 55 Inch;Elektronik;Gudang Cabang (Medan);Rp 10.247.000;;;
BRG-463;Terima Barang di Gudang;2025-03-24 12:09:00;Gudang Cabang (Medan);Smart TV 55 Inch;Elektronik;Gudang Cabang (Medan);;184;;
BRG-463;Tetapkan Harga Jual;2025-03-25 14:09:00;Admin Penjualan;Smart TV 55 Inch;Elektronik;Gudang Cabang (Medan);;;Rp 12.410.000;21,11%
BRG-463;Barang Siap Dijual;2025-03-26 13:09:00;Gudang Cabang (Medan);Smart TV 55 Inch;Elektronik;Gudang Cabang (Medan);;;;
BRG-464;Pesan Barang ke Pemasok;2025-03-24 12:13:00;CV Sentosa Perkasa;Laptop Gaming Pro;Elektronik;Gudang Cabang (Bandung);Rp 12.018.000;;;
BRG-464;Terima Barang di Gudang;2025-04-06 18:13:00;Gudang Cabang (Bandung);Laptop Gaming Pro;Elektronik;Gudang Cabang (Bandung);;24;;
BRG-464;Tetapkan Harga Jual;2025-04-09 20:13:00;Admin Penjualan;Laptop Gaming Pro;Elektronik;Gudang Cabang (Bandung);;;Rp 14.333.000;19,26%
BRG-464;Barang Siap Dijual;2025-04-10 15:13:00;Gudang Cabang (Bandung);Laptop Gaming Pro;Elektronik;Gudang Cabang (Bandung);;;;
BRG-464;Peringatan Stok Rendah;2025-05-07 15:13:00;Gudang Cabang (Bandung);Laptop Gaming Pro;Elektronik;Gudang Cabang (Bandung);;24;;
BRG-465;Pesan Barang ke Pemasok;2025-03-10 15:04:00;PT Techindo Jaya;NAS Storage 2-Bay;Peralatan Jaringan;Gudang Cabang (Medan);Rp 2.538.000;;;
BRG-465;Terima Barang di Gudang;2025-03-17 22:04:00;Gudang Cabang (Medan);NAS Storage 2-Bay;Peralatan Jaringan;Gudang Cabang (Medan);;92;;
BRG-465;Tetapkan Harga Jual;2025-03-18 04:04:00;Admin Penjualan;NAS Storage 2-Bay;Peralatan Jaringan;Gudang Cabang (Medan);;;Rp 2.922.000;15,13%
BRG-465;Barang Siap Dijual;2025-03-18 07:04:00;Gudang Cabang (Medan);NAS Storage 2-Bay;Peralatan Jaringan;Gudang Cabang (Medan);;;;
BRG-466;Pesan Barang ke Pemasok;2025-04-14 16:47:00;PT Indo Sarana;Webcam HD 1080p;Aksesoris Komputer;Gudang Utama (Jakarta);Rp 287.000;;;
BRG-466;Terima Barang di Gudang;2025-04-26 20:47:00;Gudang Utama (Jakarta);Webcam HD 1080p;Aksesoris Komputer;Gudang Utama (Jakarta);;27;;
BRG-466;Tetapkan Harga Jual;2025-04-29 00:47:00;Admin Penjualan;Webcam HD 1080p;Aksesoris Komputer;Gudang Utama (Jakarta);;;Rp 343.000;19,51%
BRG-466;Barang Siap Dijual;2025-04-29 16:47:00;Gudang Utama (Jakarta);Webcam HD 1080p;Aksesoris Komputer;Gudang Utama (Jakarta);;;;
BRG-466;Peringatan Stok Rendah;2025-05-16 16:47:00;Gudang Utama (Jakarta);Webcam HD 1080p;Aksesoris Komputer;Gudang Utama (Jakarta);;27;;
BRG-467;Pesan Barang ke Pemasok;2025-05-29 08:02:00;PT Mandiri Utama;Monitor 4K 27 Inch;Elektronik;Gudang Cabang (Bandung);Rp 5.041.000;;;
BRG-467;Terima Barang di Gudang;2025-06-12 09:02:00;Gudang Cabang (Bandung);Monitor 4K 27 Inch;Elektronik;Gudang Cabang (Bandung);;40;;
BRG-467;Tetapkan Harga Jual;2025-06-15 15:02:00;Admin Penjualan;Monitor 4K 27 Inch;Elektronik;Gudang Cabang (Bandung);;;Rp 6.685.000;32,61%
BRG-467;Barang Siap Dijual;2025-06-16 13:02:00;Gudang Cabang (Bandung);Monitor 4K 27 Inch;Elektronik;Gudang Cabang (Bandung);;;;
BRG-468;Pesan Barang ke Pemasok;2025-06-28 14:06:00;PT Indo Sarana;Mouse Wireless RGB;Aksesoris Komputer;Gudang Cabang (Bandung);Rp 428.000;;;
BRG-468;Terima Barang di Gudang;2025-07-12 15:06:00;Gudang Cabang (Bandung);Mouse Wireless RGB;Aksesoris Komputer;Gudang Cabang (Bandung);;161;;
BRG-468;Tetapkan Harga Jual;2025-07-15 17:06:00;Admin Penjualan;Mouse Wireless RGB;Aksesoris Komputer;Gudang Cabang (Bandung);;;Rp 540.000;26,17%
BRG-468;Barang Siap Dijual;2025-07-16 07:06:00;Gudang Cabang (Bandung);Mouse Wireless RGB;Aksesoris Komputer;Gudang Cabang (Bandung);;;;
BRG-469;Pesan Barang ke Pemasok;2025-02-24 16:26:00;CV Sentosa Perkasa;Robot Vacuum Cleaner;Peralatan Rumah Tangga;Gudang Cabang (Medan);Rp 5.030.000;;;
BRG-469;Terima Barang di Gudang;2025-03-01 21:26:00;Gudang Cabang (Medan);Robot Vacuum Cleaner;Peralatan Rumah Tangga;Gudang Cabang (Medan);;196;;
BRG-469;Tetapkan Harga Jual;2025-03-04 00:26:00;Admin Penjualan;Robot Vacuum Cleaner;Peralatan Rumah Tangga;Gudang Cabang (Medan);;;Rp 5.998.000;19,24%
BRG-469;Barang Siap Dijual;2025-03-04 18:26:00;Gudang Cabang (Medan);Robot Vacuum Cleaner;Peralatan Rumah Tangga;Gudang Cabang (Medan);;;;
BRG-470;Pesan Barang ke Pemasok;2025-05-28 10:13:00;CV Sentosa Perkasa;NAS Storage 2-Bay;Peralatan Jaringan;Gudang Utama (Jakarta);Rp 3.411.000;;;
BRG-470;Terima Barang di Gudang;2025-06-07 17:13:00;Gudang Utama (Jakarta);NAS Storage 2-Bay;Peralatan Jaringan;Gudang Utama (Jakarta);;30;;
BRG-470;Tetapkan Harga Jual;2025-06-09 23:13:00;Admin Penjualan;NAS Storage 2-Bay;Peralatan Jaringan;Gudang Utama (Jakarta);;;Rp 3.981.000;16,71%
BRG-470;Barang Siap Dijual;2025-06-10 01:13:00;Gudang Utama (Jakarta);NAS Storage 2-Bay;Peralatan Jaringan;Gudang Utama (Jakarta);;;;
BRG-471;Pesan Barang ke Pemasok;2025-01-12 09:41:00;CV Sentosa Perkasa;NAS Storage 2-Bay;Peralatan Jaringan;Gudang Cabang (Bandung);Rp 3.974.000;;;
BRG-471;Terima Barang di Gudang;2025-01-23 16:41:00;Gudang Cabang (Bandung);NAS Storage 2-Bay;Peralatan Jaringan;Gudang Cabang (Bandung);;85;;
BRG-471;Tetapkan Harga Jual;2025-01-23 17:41:00;Admin Penjualan;NAS Storage 2-Bay;Peralatan Jaringan;Gudang Cabang (Bandung);;;Rp 5.335.000;34,25%
BRG-471;Barang Siap Dijual;2025-01-23 23:41:00;Gudang Cabang (Bandung);NAS Storage 2-Bay;Peralatan Jaringan;Gudang Cabang (Bandung);;;;
BRG-472;Pesan Barang ke Pemasok;2025-04-23 15:47:00;PT Indo Sarana;Kursi Ergonomis;Peralatan Kantor;Gudang Cabang (Surabaya);Rp 2.240.000;;;
BRG-472;Terima Barang di Gudang;2025-04-24 21:47:00;Gudang Cabang (Surabaya);Kursi Ergonomis;Peralatan Kantor;Gudang Cabang (Surabaya);;158;;
BRG-472;Tetapkan Harga Jual;2025-04-26 03:47:00;Admin Penjualan;Kursi Ergonomis;Peralatan Kantor;Gudang Cabang (Surabaya);;;Rp 2.823.000;26,03%
BRG-472;Barang Siap Dijual;2025-04-26 08:47:00;Gudang Cabang (Surabaya);Kursi Ergonomis;Peralatan Kantor;Gudang Cabang (Surabaya);;;;
BRG-473;Pesan Barang ke Pemasok;2025-06-16 13:09:00;CV Sentosa Perkasa;Monitor 4K 27 Inch;Elektronik;Gudang Cabang (Medan);Rp 4.361.000;;;
BRG-473;Terima Barang di Gudang;2025-06-19 17:09:00;Gudang Cabang (Medan);Monitor 4K 27 Inch;Elektronik;Gudang Cabang (Medan);;135;;
BRG-473;Tetapkan Harga Jual;2025-06-19 23:09:00;Admin Penjualan;Monitor 4K 27 Inch;Elektronik;Gudang Cabang (Medan);;;Rp 5.466.000;25,34%
BRG-473;Barang Siap Dijual;2025-06-20 11:09:00;Gudang Cabang (Medan);Monitor 4K 27 Inch;Elektronik;Gudang Cabang (Medan);;;;
BRG-474;Pesan Barang ke Pemasok;2025-03-06 09:24:00;CV Sentosa Perkasa;Kursi Ergonomis;Peralatan Kantor;Gudang Cabang (Medan);Rp 2.203.000;;;
BRG-474;Terima Barang di Gudang;2025-03-12 11:24:00;Gudang Cabang (Medan);Kursi Ergonomis;Peralatan Kantor;Gudang Cabang (Medan);;33;;
BRG-474;Tetapkan Harga Jual;2025-03-12 15:24:00;Admin Penjualan;Kursi Ergonomis;Peralatan Kantor;Gudang Cabang (Medan);;;Rp 2.751.000;24,88%
BRG-474;Barang Siap Dijual;2025-03-13 12:24:00;Gudang Cabang (Medan);Kursi Ergonomis;Peralatan Kantor;Gudang Cabang (Medan);;;;
BRG-475;Pesan Barang ke Pemasok;2025-03-20 11:59:00;PT Mega Elektronik;Router Wi-Fi 6;Peralatan Jaringan;Gudang Cabang (Surabaya);Rp 1.707.000;;;
BRG-475;Terima Barang di Gudang;2025-03-27 12:59:00;Gudang Cabang (Surabaya);Router Wi-Fi 6;Peralatan Jaringan;Gudang Cabang (Surabaya);;8;;
BRG-475;Tetapkan Harga Jual;2025-03-27 13:59:00;Admin Penjualan;Router Wi-Fi 6;Peralatan Jaringan;Gudang Cabang (Surabaya);;;Rp 2.266.000;32,75%
BRG-475;Barang Siap Dijual;2025-03-27 20:59:00;Gudang Cabang (Surabaya);Router Wi-Fi 6;Peralatan Jaringan;Gudang Cabang (Surabaya);;;;
BRG-475;Peringatan Stok Rendah;2025-04-18 20:59:00;Gudang Cabang (Surabaya);Router Wi-Fi 6;Peralatan Jaringan;Gudang Cabang (Surabaya);;8;;
BRG-476;Pesan Barang ke Pemasok;2025-01-20 10:15:00;PT Indo Sarana;Webcam HD 1080p;Aksesoris Komputer;Gudang Cabang (Bandung);Rp 547.000;;;
BRG-476;Terima Barang di Gudang;2025-01-30 13:15:00;Gudang Cabang (Bandung);Webcam HD 1080p;Aksesoris Komputer;Gudang Cabang (Bandung);;144;;
BRG-476;Tetapkan Harga Jual;2025-02-02 14:15:00;Admin Penjualan;Webcam HD 1080p;Aksesoris Komputer;Gudang Cabang (Bandung);;;Rp 675.000;23,40%
BRG-476;Barang Siap Dijual;2025-02-02 15:15:00;Gudang Cabang (Bandung);Webcam HD 1080p;Aksesoris Komputer;Gudang Cabang (Bandung);;;;
BRG-477;Pesan Barang ke Pemasok;2025-06-28 13:51:00;PT Mega Elektronik;Air Purifier HEPA;Peralatan Rumah Tangga;Gudang Cabang (Bandung);Rp 1.235.000;;;
BRG-477;Terima Barang di Gudang;2025-07-12 14:51:00;Gudang Cabang (Bandung);Air Purifier HEPA;Peralatan Rumah Tangga;Gudang Cabang (Bandung);;8;;
BRG-477;Tetapkan Harga Jual;2025-07-15 20:51:00;Admin Penjualan;Air Purifier HEPA;Peralatan Rumah Tangga;Gudang Cabang (Bandung);;;Rp 1.565.000;26,72%
BRG-477;Barang Siap Dijual;2025-07-16 01:51:00;Gudang Cabang (Bandung);Air Purifier HEPA;Peralatan Rumah Tangga;Gudang Cabang (Bandung);;;;
BRG-477;Peringatan Stok Rendah;2025-08-07 01:51:00;Gudang Cabang (Bandung);Air Purifier HEPA;Peralatan Rumah Tangga;Gudang Cabang (Bandung);;8;;
BRG-478;Pesan Barang ke Pemasok;2025-01-19 11:54:00;PT Indo Sarana;Laptop Gaming Pro;Elektronik;Gudang Cabang (Medan);Rp 18.676.000;;;
BRG-478;Terima Barang di Gudang;2025-01-26 12:54:00;Gudang Cabang (Medan);Laptop Gaming Pro;Elektronik;Gudang Cabang (Medan);;165;;
BRG-478;Tetapkan Harga Jual;2025-01-26 13:54:00;Admin Penjualan;Laptop Gaming Pro;Elektronik;Gudang Cabang (Medan);;;Rp 23.369.000;25,13%
BRG-478;Barang Siap Dijual;2025-01-27 00:54:00;Gudang Cabang (Medan);Laptop Gaming Pro;Elektronik;Gudang Cabang (Medan);;;;
BRG-479;Pesan Barang ke Pemasok;2025-04-05 13:06:00;CV Bina Logistik;Microwave Digital;Peralatan Rumah Tangga;Gudang Cabang (Bandung);Rp 1.072.000;;;
BRG-479;Terima Barang di Gudang;2025-04-08 19:06:00;Gudang Cabang (Bandung);Microwave Digital;Peralatan Rumah Tangga;Gudang Cabang (Bandung);;142;;
BRG-479;Tetapkan Harga Jual;2025-04-10 01:06:00;Admin Penjualan;Microwave Digital;Peralatan Rumah Tangga;Gudang Cabang (Bandung);;;Rp 1.370.000;27,80%
BRG-479;Barang Siap Dijual;2025-04-10 23:06:00;Gudang Cabang (Bandung);Microwave Digital;Peralatan Rumah Tangga;Gudang Cabang (Bandung);;;;
BRG-480;Pesan Barang ke Pemasok;2025-02-06 09:10:00;CV Sentosa Perkasa;Kursi Ergonomis;Peralatan Kantor;Gudang Cabang (Bandung);Rp 2.499.000;;;
BRG-480;Terima Barang di Gudang;2025-02-15 09:10:00;Gudang Cabang (Bandung);Kursi Ergonomis;Peralatan Kantor;Gudang Cabang (Bandung);;240;;
BRG-480;Tetapkan Harga Jual;2025-02-16 13:10:00;Admin Penjualan;Kursi Ergonomis;Peralatan Kantor;Gudang Cabang (Bandung);;;Rp 2.913.000;16,57%
BRG-480;Barang Siap Dijual;2025-02-17 01:10:00;Gudang Cabang (Bandung);Kursi Ergonomis;Peralatan Kantor;Gudang Cabang (Bandung);;;;
BRG-481;Pesan Barang ke Pemasok;2025-02-24 10:35:00;PT Indo Sarana;Access Point Enterprise;Peralatan Jaringan;Gudang Utama (Jakarta);Rp 2.019.000;;;
BRG-481;Terima Barang di Gudang;2025-03-03 17:35:00;Gudang Utama (Jakarta);Access Point Enterprise;Peralatan Jaringan;Gudang Utama (Jakarta);;200;;
BRG-481;Tetapkan Harga Jual;2025-03-04 18:35:00;Admin Penjualan;Access Point Enterprise;Peralatan Jaringan;Gudang Utama (Jakarta);;;Rp 2.558.000;26,70%
BRG-481;Barang Siap Dijual;2025-03-04 22:35:00;Gudang Utama (Jakarta);Access Point Enterprise;Peralatan Jaringan;Gudang Utama (Jakarta);;;;
BRG-482;Pesan Barang ke Pemasok;2025-02-05 10:06:00;PT Mandiri Utama;Paper Shredder Heavy-Duty;Peralatan Kantor;Gudang Utama (Jakarta);Rp 1.300.000;;;
BRG-482;Terima Barang di Gudang;2025-02-15 16:06:00;Gudang Utama (Jakarta);Paper Shredder Heavy-Duty;Peralatan Kantor;Gudang Utama (Jakarta);;27;;
BRG-482;Tetapkan Harga Jual;2025-02-17 20:06:00;Admin Penjualan;Paper Shredder Heavy-Duty;Peralatan Kantor;Gudang Utama (Jakarta);;;Rp 1.510.000;16,15%
BRG-482;Barang Siap Dijual;2025-02-18 07:06:00;Gudang Utama (Jakarta);Paper Shredder Heavy-Duty;Peralatan Kantor;Gudang Utama (Jakarta);;;;
BRG-482;Peringatan Stok Rendah;2025-03-01 07:06:00;Gudang Utama (Jakarta);Paper Shredder Heavy-Duty;Peralatan Kantor;Gudang Utama (Jakarta);;27;;
BRG-483;Pesan Barang ke Pemasok;2025-03-05 12:43:00;PT Indo Sarana;Blender High Power;Peralatan Rumah Tangga;Gudang Cabang (Bandung);Rp 1.038.000;;;
BRG-483;Terima Barang di Gudang;2025-03-16 13:43:00;Gudang Cabang (Bandung);Blender High Power;Peralatan Rumah Tangga;Gudang Cabang (Bandung);;175;;
BRG-483;Tetapkan Harga Jual;2025-03-17 18:43:00;Admin Penjualan;Blender High Power;Peralatan Rumah Tangga;Gudang Cabang (Bandung);;;Rp 1.205.000;16,09%
BRG-483;Barang Siap Dijual;2025-03-18 14:43:00;Gudang Cabang (Bandung);Blender High Power;Peralatan Rumah Tangga;Gudang Cabang (Bandung);;;;
BRG-484;Pesan Barang ke Pemasok;2025-06-03 12:51:00;CV Sentosa Perkasa;Laptop Gaming Pro;Elektronik;Gudang Cabang (Medan);Rp 23.876.000;;;
BRG-484;Terima Barang di Gudang;2025-06-16 12:51:00;Gudang Cabang (Medan);Laptop Gaming Pro;Elektronik;Gudang Cabang (Medan);;7;;
BRG-484;Tetapkan Harga Jual;2025-06-18 14:51:00;Admin Penjualan;Laptop Gaming Pro;Elektronik;Gudang Cabang (Medan);;;Rp 28.112.000;17,74%
BRG-484;Barang Siap Dijual;2025-06-19 07:51:00;Gudang Cabang (Medan);Laptop Gaming Pro;Elektronik;Gudang Cabang (Medan);;;;
BRG-484;Peringatan Stok Rendah;2025-07-15 07:51:00;Gudang Cabang (Medan);Laptop Gaming Pro;Elektronik;Gudang Cabang (Medan);;7;;
BRG-485;Pesan Barang ke Pemasok;2025-05-11 11:13:00;PT Mega Elektronik;Proyektor Portable;Peralatan Kantor;Gudang Cabang (Bandung);Rp 4.369.000;;;
BRG-485;Terima Barang di Gudang;2025-05-23 17:13:00;Gudang Cabang (Bandung);Proyektor Portable;Peralatan Kantor;Gudang Cabang (Bandung);;189;;
BRG-485;Tetapkan Harga Jual;2025-05-25 23:13:00;Admin Penjualan;Proyektor Portable;Peralatan Kantor;Gudang Cabang (Bandung);;;Rp 5.708.000;30,65%
BRG-485;Barang Siap Dijual;2025-05-26 01:13:00;Gudang Cabang (Bandung);Proyektor Portable;Peralatan Kantor;Gudang Cabang (Bandung);;;;
BRG-486;Pesan Barang ke Pemasok;2025-03-03 16:26:00;PT Indo Sarana;Meja Stand-Desk Auto;Peralatan Kantor;Gudang Utama (Jakarta);Rp 5.644.000;;;
BRG-486;Terima Barang di Gudang;2025-03-10 17:26:00;Gudang Utama (Jakarta);Meja Stand-Desk Auto;Peralatan Kantor;Gudang Utama (Jakarta);;73;;
BRG-486;Tetapkan Harga Jual;2025-03-11 21:26:00;Admin Penjualan;Meja Stand-Desk Auto;Peralatan Kantor;Gudang Utama (Jakarta);;;Rp 7.372.000;30,62%
BRG-486;Barang Siap Dijual;2025-03-12 18:26:00;Gudang Utama (Jakarta);Meja Stand-Desk Auto;Peralatan Kantor;Gudang Utama (Jakarta);;;;
BRG-487;Pesan Barang ke Pemasok;2025-06-02 09:12:00;PT Techindo Jaya;Monitor 4K 27 Inch;Elektronik;Gudang Cabang (Surabaya);Rp 6.885.000;;;
BRG-487;Terima Barang di Gudang;2025-06-11 09:12:00;Gudang Cabang (Surabaya);Monitor 4K 27 Inch;Elektronik;Gudang Cabang (Surabaya);;139;;
BRG-487;Tetapkan Harga Jual;2025-06-13 12:12:00;Admin Penjualan;Monitor 4K 27 Inch;Elektronik;Gudang Cabang (Surabaya);;;Rp 8.508.000;23,57%
BRG-487;Barang Siap Dijual;2025-06-13 17:12:00;Gudang Cabang (Surabaya);Monitor 4K 27 Inch;Elektronik;Gudang Cabang (Surabaya);;;;
BRG-488;Pesan Barang ke Pemasok;2025-04-10 17:42:00;PT Techindo Jaya;Router Wi-Fi 6;Peralatan Jaringan;Gudang Cabang (Medan);Rp 1.640.000;;;
BRG-488;Terima Barang di Gudang;2025-04-17 22:42:00;Gudang Cabang (Medan);Router Wi-Fi 6;Peralatan Jaringan;Gudang Cabang (Medan);;97;;
BRG-488;Tetapkan Harga Jual;2025-04-19 02:42:00;Admin Penjualan;Router Wi-Fi 6;Peralatan Jaringan;Gudang Cabang (Medan);;;Rp 2.035.000;24,09%
BRG-488;Barang Siap Dijual;2025-04-19 05:42:00;Gudang Cabang (Medan);Router Wi-Fi 6;Peralatan Jaringan;Gudang Cabang (Medan);;;;
BRG-489;Pesan Barang ke Pemasok;2025-01-05 09:09:00;PT Techindo Jaya;Switch Gigabit 16-Port;Peralatan Jaringan;Gudang Utama (Jakarta);Rp 1.085.000;;;
BRG-489;Terima Barang di Gudang;2025-01-06 13:09:00;Gudang Utama (Jakarta);Switch Gigabit 16-Port;Peralatan Jaringan;Gudang Utama (Jakarta);;202;;
BRG-489;Tetapkan Harga Jual;2025-01-07 14:09:00;Admin Penjualan;Switch Gigabit 16-Port;Peralatan Jaringan;Gudang Utama (Jakarta);;;Rp 1.281.000;18,06%
BRG-489;Barang Siap Dijual;2025-01-07 16:09:00;Gudang Utama (Jakarta);Switch Gigabit 16-Port;Peralatan Jaringan;Gudang Utama (Jakarta);;;;
BRG-490;Pesan Barang ke Pemasok;2025-04-12 16:38:00;PT Techindo Jaya;External SSD 1TB;Aksesoris Komputer;Gudang Cabang (Bandung);Rp 1.102.000;;;
BRG-490;Terima Barang di Gudang;2025-04-18 00:38:00;Gudang Cabang (Bandung);External SSD 1TB;Aksesoris Komputer;Gudang Cabang (Bandung);;225;;
BRG-490;Tetapkan Harga Jual;2025-04-21 04:38:00;Admin Penjualan;External SSD 1TB;Aksesoris Komputer;Gudang Cabang (Bandung);;;Rp 1.277.000;15,88%
BRG-490;Barang Siap Dijual;2025-04-22 03:38:00;Gudang Cabang (Bandung);External SSD 1TB;Aksesoris Komputer;Gudang Cabang (Bandung);;;;
BRG-491;Pesan Barang ke Pemasok;2025-04-13 09:24:00;CV Sentosa Perkasa;Smart TV 55 Inch;Elektronik;Gudang Utama (Jakarta);Rp 8.053.000;;;
BRG-491;Terima Barang di Gudang;2025-04-24 17:24:00;Gudang Utama (Jakarta);Smart TV 55 Inch;Elektronik;Gudang Utama (Jakarta);;43;;
BRG-491;Tetapkan Harga Jual;2025-04-25 20:24:00;Admin Penjualan;Smart TV 55 Inch;Elektronik;Gudang Utama (Jakarta);;;Rp 9.877.000;22,65%
BRG-491;Barang Siap Dijual;2025-04-25 23:24:00;Gudang Utama (Jakarta);Smart TV 55 Inch;Elektronik;Gudang Utama (Jakarta);;;;
BRG-492;Pesan Barang ke Pemasok;2025-03-21 09:20:00;PT Indo Sarana;NAS Storage 2-Bay;Peralatan Jaringan;Gudang Cabang (Surabaya);Rp 3.441.000;;;
BRG-492;Terima Barang di Gudang;2025-03-30 12:20:00;Gudang Cabang (Surabaya);NAS Storage 2-Bay;Peralatan Jaringan;Gudang Cabang (Surabaya);;111;;
BRG-492;Tetapkan Harga Jual;2025-03-31 17:20:00;Admin Penjualan;NAS Storage 2-Bay;Peralatan Jaringan;Gudang Cabang (Surabaya);;;Rp 4.178.000;21,42%
BRG-492;Barang Siap Dijual;2025-04-01 04:20:00;Gudang Cabang (Surabaya);NAS Storage 2-Bay;Peralatan Jaringan;Gudang Cabang (Surabaya);;;;
BRG-493;Pesan Barang ke Pemasok;2025-04-11 18:00:00;PT Techindo Jaya;Kursi Ergonomis;Peralatan Kantor;Gudang Cabang (Bandung);Rp 2.763.000;;;
BRG-493;Terima Barang di Gudang;2025-04-22 19:00:00;Gudang Cabang (Bandung);Kursi Ergonomis;Peralatan Kantor;Gudang Cabang (Bandung);;177;;
BRG-493;Tetapkan Harga Jual;2025-04-25 01:00:00;Admin Penjualan;Kursi Ergonomis;Peralatan Kantor;Gudang Cabang (Bandung);;;Rp 3.243.000;17,37%
BRG-493;Barang Siap Dijual;2025-04-25 15:00:00;Gudang Cabang (Bandung);Kursi Ergonomis;Peralatan Kantor;Gudang Cabang (Bandung);;;;
BRG-494;Pesan Barang ke Pemasok;2025-03-03 08:59:00;PT Mandiri Utama;External SSD 1TB;Aksesoris Komputer;Gudang Cabang (Surabaya);Rp 1.148.000;;;
BRG-494;Terima Barang di Gudang;2025-03-07 09:59:00;Gudang Cabang (Surabaya);External SSD 1TB;Aksesoris Komputer;Gudang Cabang (Surabaya);;22;;
BRG-494;Tetapkan Harga Jual;2025-03-10 10:59:00;Admin Penjualan;External SSD 1TB;Aksesoris Komputer;Gudang Cabang (Surabaya);;;Rp 1.539.000;34,06%
BRG-494;Barang Siap Dijual;2025-03-11 01:59:00;Gudang Cabang (Surabaya);External SSD 1TB;Aksesoris Komputer;Gudang Cabang (Surabaya);;;;
BRG-494;Peringatan Stok Rendah;2025-04-06 01:59:00;Gudang Cabang (Surabaya);External SSD 1TB;Aksesoris Komputer;Gudang Cabang (Surabaya);;22;;
BRG-495;Pesan Barang ke Pemasok;2025-06-05 08:56:00;PT Mega Elektronik;Printer Laser Multifungsi;Peralatan Kantor;Gudang Cabang (Bandung);Rp 2.162.000;;;
BRG-495;Terima Barang di Gudang;2025-06-10 10:56:00;Gudang Cabang (Bandung);Printer Laser Multifungsi;Peralatan Kantor;Gudang Cabang (Bandung);;7;;
BRG-495;Tetapkan Harga Jual;2025-06-10 11:56:00;Admin Penjualan;Printer Laser Multifungsi;Peralatan Kantor;Gudang Cabang (Bandung);;;Rp 2.725.000;26,04%
BRG-495;Barang Siap Dijual;2025-06-11 10:56:00;Gudang Cabang (Bandung);Printer Laser Multifungsi;Peralatan Kantor;Gudang Cabang (Bandung);;;;
BRG-495;Peringatan Stok Rendah;2025-06-22 10:56:00;Gudang Cabang (Bandung);Printer Laser Multifungsi;Peralatan Kantor;Gudang Cabang (Bandung);;7;;
BRG-496;Pesan Barang ke Pemasok;2025-06-29 08:11:00;PT Mandiri Utama;Proyektor Portable;Peralatan Kantor;Gudang Cabang (Surabaya);Rp 3.474.000;;;
BRG-496;Terima Barang di Gudang;2025-07-02 15:11:00;Gudang Cabang (Surabaya);Proyektor Portable;Peralatan Kantor;Gudang Cabang (Surabaya);;67;;
BRG-496;Tetapkan Harga Jual;2025-07-04 20:11:00;Admin Penjualan;Proyektor Portable;Peralatan Kantor;Gudang Cabang (Surabaya);;;Rp 4.508.000;29,76%
BRG-496;Barang Siap Dijual;2025-07-05 13:11:00;Gudang Cabang (Surabaya);Proyektor Portable;Peralatan Kantor;Gudang Cabang (Surabaya);;;;
BRG-497;Pesan Barang ke Pemasok;2025-03-08 10:50:00;CV Sentosa Perkasa;NAS Storage 2-Bay;Peralatan Jaringan;Gudang Cabang (Bandung);Rp 3.319.000;;;
BRG-497;Terima Barang di Gudang;2025-03-14 12:50:00;Gudang Cabang (Bandung);NAS Storage 2-Bay;Peralatan Jaringan;Gudang Cabang (Bandung);;144;;
BRG-497;Tetapkan Harga Jual;2025-03-16 18:50:00;Admin Penjualan;NAS Storage 2-Bay;Peralatan Jaringan;Gudang Cabang (Bandung);;;Rp 4.303.000;29,65%
BRG-497;Barang Siap Dijual;2025-03-16 22:50:00;Gudang Cabang (Bandung);NAS Storage 2-Bay;Peralatan Jaringan;Gudang Cabang (Bandung);;;;
BRG-498;Pesan Barang ke Pemasok;2025-01-08 13:43:00;PT Indo Sarana;Smart TV 55 Inch;Elektronik;Gudang Utama (Jakarta);Rp 5.200.000;;;
BRG-498;Terima Barang di Gudang;2025-01-21 19:43:00;Gudang Utama (Jakarta);Smart TV 55 Inch;Elektronik;Gudang Utama (Jakarta);;93;;
BRG-498;Tetapkan Harga Jual;2025-01-24 00:43:00;Admin Penjualan;Smart TV 55 Inch;Elektronik;Gudang Utama (Jakarta);;;Rp 6.222.000;19,65%
BRG-498;Barang Siap Dijual;2025-01-24 03:43:00;Gudang Utama (Jakarta);Smart TV 55 Inch;Elektronik;Gudang Utama (Jakarta);;;;
BRG-499;Pesan Barang ke Pemasok;2025-03-09 17:50:00;PT Mega Elektronik;Kursi Ergonomis;Peralatan Kantor;Gudang Utama (Jakarta);Rp 2.778.000;;;
BRG-499;Terima Barang di Gudang;2025-03-20 18:50:00;Gudang Utama (Jakarta);Kursi Ergonomis;Peralatan Kantor;Gudang Utama (Jakarta);;191;;
BRG-499;Tetapkan Harga Jual;2025-03-23 22:50:00;Admin Penjualan;Kursi Ergonomis;Peralatan Kantor;Gudang Utama (Jakarta);;;Rp 3.666.000;31,97%
BRG-499;Barang Siap Dijual;2025-03-24 15:50:00;Gudang Utama (Jakarta);Kursi Ergonomis;Peralatan Kantor;Gudang Utama (Jakarta);;;;
BRG-500;Pesan Barang ke Pemasok;2025-04-03 08:56:00;CV Sentosa Perkasa;External SSD 1TB;Aksesoris Komputer;Gudang Cabang (Surabaya);Rp 1.349.000;;;
BRG-500;Terima Barang di Gudang;2025-04-11 10:56:00;Gudang Cabang (Surabaya);External SSD 1TB;Aksesoris Komputer;Gudang Cabang (Surabaya);;20;;
BRG-500;Tetapkan Harga Jual;2025-04-13 12:56:00;Admin Penjualan;External SSD 1TB;Aksesoris Komputer;Gudang Cabang (Surabaya);;;Rp 1.664.000;23,35%
BRG-500;Barang Siap Dijual;2025-04-13 21:56:00;Gudang Cabang (Surabaya);External SSD 1TB;Aksesoris Komputer;Gudang Cabang (Surabaya);;;;
BRG-500;Peringatan Stok Rendah;2025-04-23 21:56:00;Gudang Cabang (Surabaya);External SSD 1TB;Aksesoris Komputer;Gudang Cabang (Surabaya);;20;;
